Track,Model_Type,Full_Label,Parliament,Scope_Raw,Mundlak,Interaction,Predictor,exp_coef,CI_lo,CI_hi,p_value,N_rows,N_speakers,NB_alpha,Exch_alpha,Formula,Rate_type,GEE_cluster,Timestamp,Mundlak_rate,Mundlak_sentiment,Mundlak_party_status,Mundlak_orientation,Scale_sentiment,Scale_orientation
INT_SENTIMENT_X_ORIENTATION,GEE_NB_Exch,INT_SENTIMENT_X_ORIENTATION_GEE_NB_Exch,RS,RS_int_sentiment_x_orientation,False,sentiment_x_orientation,Intercept,0.0364,0.0319,0.0415,0.0,180361,534,1.864597,0.0888,fp_count ~ Speaker_gender + I((Speaker_age_at_session - 48.047898) / 10) + scale(speech_rate_syll) + Sentiment_label_float + Party_status + Party_orientation_float + Sentiment_label_float : Party_orientation_float,syll,Speaker_ID,2026-06-19_15-43-51,,,,,False,False
INT_SENTIMENT_X_ORIENTATION,GEE_NB_Exch,INT_SENTIMENT_X_ORIENTATION_GEE_NB_Exch,RS,RS_int_sentiment_x_orientation,False,sentiment_x_orientation,Speaker_gender[T.M],0.3672,0.2979,0.4527,0.0,180361,534,1.864597,0.0888,fp_count ~ Speaker_gender + I((Speaker_age_at_session - 48.047898) / 10) + scale(speech_rate_syll) + Sentiment_label_float + Party_status + Party_orientation_float + Sentiment_label_float : Party_orientation_float,syll,Speaker_ID,2026-06-19_15-43-51,,,,,False,False
INT_SENTIMENT_X_ORIENTATION,GEE_NB_Exch,INT_SENTIMENT_X_ORIENTATION_GEE_NB_Exch,RS,RS_int_sentiment_x_orientation,False,sentiment_x_orientation,I((Speaker_age_at_session - 48.047898) / 10),0.802,0.7364,0.8736,0.0,180361,534,1.864597,0.0888,fp_count ~ Speaker_gender + I((Speaker_age_at_session - 48.047898) / 10) + scale(speech_rate_syll) + Sentiment_label_float + Party_status + Party_orientation_float + Sentiment_label_float : Party_orientation_float,syll,Speaker_ID,2026-06-19_15-43-51,,,,,False,False
INT_SENTIMENT_X_ORIENTATION,GEE_NB_Exch,INT_SENTIMENT_X_ORIENTATION_GEE_NB_Exch,RS,RS_int_sentiment_x_orientation,False,sentiment_x_orientation,scale(speech_rate_syll),0.6151,0.5897,0.6415,0.0,180361,534,1.864597,0.0888,fp_count ~ Speaker_gender + I((Speaker_age_at_session - 48.047898) / 10) + scale(speech_rate_syll) + Sentiment_label_float + Party_status + Party_orientation_float + Sentiment_label_float : Party_orientation_float,syll,Speaker_ID,2026-06-19_15-43-51,,,,,False,False
INT_SENTIMENT_X_ORIENTATION,GEE_NB_Exch,INT_SENTIMENT_X_ORIENTATION_GEE_NB_Exch,RS,RS_int_sentiment_x_orientation,False,sentiment_x_orientation,Sentiment_label_float,1.0583,1.0483,1.0684,0.0,180361,534,1.864597,0.0888,fp_count ~ Speaker_gender + I((Speaker_age_at_session - 48.047898) / 10) + scale(speech_rate_syll) + Sentiment_label_float + Party_status + Party_orientation_float + Sentiment_label_float : Party_orientation_float,syll,Speaker_ID,2026-06-19_15-43-51,,,,,False,False
INT_SENTIMENT_X_ORIENTATION,GEE_NB_Exch,INT_SENTIMENT_X_ORIENTATION_GEE_NB_Exch,RS,RS_int_sentiment_x_orientation,False,sentiment_x_orientation,Party_status,1.5021,1.0454,2.1583,0.0278,180361,534,1.864597,0.0888,fp_count ~ Speaker_gender + I((Speaker_age_at_session - 48.047898) / 10) + scale(speech_rate_syll) + Sentiment_label_float + Party_status + Party_orientation_float + Sentiment_label_float : Party_orientation_float,syll,Speaker_ID,2026-06-19_15-43-51,,,,,False,False
INT_SENTIMENT_X_ORIENTATION,GEE_NB_Exch,INT_SENTIMENT_X_ORIENTATION_GEE_NB_Exch,RS,RS_int_sentiment_x_orientation,False,sentiment_x_orientation,Party_orientation_float,0.9905,0.882,1.1122,0.8712,180361,534,1.864597,0.0888,fp_count ~ Speaker_gender + I((Speaker_age_at_session - 48.047898) / 10) + scale(speech_rate_syll) + Sentiment_label_float + Party_status + Party_orientation_float + Sentiment_label_float : Party_orientation_float,syll,Speaker_ID,2026-06-19_15-43-51,,,,,False,False
INT_SENTIMENT_X_ORIENTATION,GEE_NB_Exch,INT_SENTIMENT_X_ORIENTATION_GEE_NB_Exch,RS,RS_int_sentiment_x_orientation,False,sentiment_x_orientation,Sentiment_label_float:Party_orientation_float,0.9895,0.9816,0.9975,0.0101,180361,534,1.864597,0.0888,fp_count ~ Speaker_gender + I((Speaker_age_at_session - 48.047898) / 10) + scale(speech_rate_syll) + Sentiment_label_float + Party_status + Party_orientation_float + Sentiment_label_float : Party_orientation_float,syll,Speaker_ID,2026-06-19_15-43-51,,,,,False,False
INT_SENTIMENT_X_ORIENTATION,GEE_NB_Indep,INT_SENTIMENT_X_ORIENTATION_GEE_NB_Indep,RS,RS_int_sentiment_x_orientation,False,sentiment_x_orientation,Intercept,0.0344,0.03,0.0394,0.0,180361,534,1.864597,,fp_count ~ Speaker_gender + I((Speaker_age_at_session - 48.047898) / 10) + scale(speech_rate_syll) + Sentiment_label_float + Party_status + Party_orientation_float + Sentiment_label_float : Party_orientation_float,syll,Speaker_ID,2026-06-19_15-43-51,,,,,False,False
INT_SENTIMENT_X_ORIENTATION,GEE_NB_Indep,INT_SENTIMENT_X_ORIENTATION_GEE_NB_Indep,RS,RS_int_sentiment_x_orientation,False,sentiment_x_orientation,Speaker_gender[T.M],0.4017,0.3277,0.4924,0.0,180361,534,1.864597,,fp_count ~ Speaker_gender + I((Speaker_age_at_session - 48.047898) / 10) + scale(speech_rate_syll) + Sentiment_label_float + Party_status + Party_orientation_float + Sentiment_label_float : Party_orientation_float,syll,Speaker_ID,2026-06-19_15-43-51,,,,,False,False
INT_SENTIMENT_X_ORIENTATION,GEE_NB_Indep,INT_SENTIMENT_X_ORIENTATION_GEE_NB_Indep,RS,RS_int_sentiment_x_orientation,False,sentiment_x_orientation,I((Speaker_age_at_session - 48.047898) / 10),0.7784,0.7143,0.8482,0.0,180361,534,1.864597,,fp_count ~ Speaker_gender + I((Speaker_age_at_session - 48.047898) / 10) + scale(speech_rate_syll) + Sentiment_label_float + Party_status + Party_orientation_float + Sentiment_label_float : Party_orientation_float,syll,Speaker_ID,2026-06-19_15-43-51,,,,,False,False
INT_SENTIMENT_X_ORIENTATION,GEE_NB_Indep,INT_SENTIMENT_X_ORIENTATION_GEE_NB_Indep,RS,RS_int_sentiment_x_orientation,False,sentiment_x_orientation,scale(speech_rate_syll),0.6333,0.589,0.681,0.0,180361,534,1.864597,,fp_count ~ Speaker_gender + I((Speaker_age_at_session - 48.047898) / 10) + scale(speech_rate_syll) + Sentiment_label_float + Party_status + Party_orientation_float + Sentiment_label_float : Party_orientation_float,syll,Speaker_ID,2026-06-19_15-43-51,,,,,False,False
INT_SENTIMENT_X_ORIENTATION,GEE_NB_Indep,INT_SENTIMENT_X_ORIENTATION_GEE_NB_Indep,RS,RS_int_sentiment_x_orientation,False,sentiment_x_orientation,Sentiment_label_float,1.0829,1.0571,1.1093,0.0,180361,534,1.864597,,fp_count ~ Speaker_gender + I((Speaker_age_at_session - 48.047898) / 10) + scale(speech_rate_syll) + Sentiment_label_float + Party_status + Party_orientation_float + Sentiment_label_float : Party_orientation_float,syll,Speaker_ID,2026-06-19_15-43-51,,,,,False,False
INT_SENTIMENT_X_ORIENTATION,GEE_NB_Indep,INT_SENTIMENT_X_ORIENTATION_GEE_NB_Indep,RS,RS_int_sentiment_x_orientation,False,sentiment_x_orientation,Party_status,1.4343,0.9267,2.2201,0.1056,180361,534,1.864597,,fp_count ~ Speaker_gender + I((Speaker_age_at_session - 48.047898) / 10) + scale(speech_rate_syll) + Sentiment_label_float + Party_status + Party_orientation_float + Sentiment_label_float : Party_orientation_float,syll,Speaker_ID,2026-06-19_15-43-51,,,,,False,False
INT_SENTIMENT_X_ORIENTATION,GEE_NB_Indep,INT_SENTIMENT_X_ORIENTATION_GEE_NB_Indep,RS,RS_int_sentiment_x_orientation,False,sentiment_x_orientation,Party_orientation_float,1.0485,0.9319,1.1796,0.4311,180361,534,1.864597,,fp_count ~ Speaker_gender + I((Speaker_age_at_session - 48.047898) / 10) + scale(speech_rate_syll) + Sentiment_label_float + Party_status + Party_orientation_float + Sentiment_label_float : Party_orientation_float,syll,Speaker_ID,2026-06-19_15-43-51,,,,,False,False
INT_SENTIMENT_X_ORIENTATION,GEE_NB_Indep,INT_SENTIMENT_X_ORIENTATION_GEE_NB_Indep,RS,RS_int_sentiment_x_orientation,False,sentiment_x_orientation,Sentiment_label_float:Party_orientation_float,1.0027,0.9839,1.0218,0.7801,180361,534,1.864597,,fp_count ~ Speaker_gender + I((Speaker_age_at_session - 48.047898) / 10) + scale(speech_rate_syll) + Sentiment_label_float + Party_status + Party_orientation_float + Sentiment_label_float : Party_orientation_float,syll,Speaker_ID,2026-06-19_15-43-51,,,,,False,False
INT_SENTIMENT_X_ORIENTATION,GLM_NB_Cluster,INT_SENTIMENT_X_ORIENTATION_GLM_NB_Cluster,RS,RS_int_sentiment_x_orientation,False,sentiment_x_orientation,Intercept,0.0344,0.0301,0.0393,0.0,180361,534,1.864597,,fp_count ~ Speaker_gender + I((Speaker_age_at_session - 48.047898) / 10) + scale(speech_rate_syll) + Sentiment_label_float + Party_status + Party_orientation_float + Sentiment_label_float : Party_orientation_float,syll,Speaker_ID,2026-06-19_15-43-51,,,,,False,False
INT_SENTIMENT_X_ORIENTATION,GLM_NB_Cluster,INT_SENTIMENT_X_ORIENTATION_GLM_NB_Cluster,RS,RS_int_sentiment_x_orientation,False,sentiment_x_orientation,Speaker_gender[T.M],0.4017,0.3275,0.4927,0.0,180361,534,1.864597,,fp_count ~ Speaker_gender + I((Speaker_age_at_session - 48.047898) / 10) + scale(speech_rate_syll) + Sentiment_label_float + Party_status + Party_orientation_float + Sentiment_label_float : Party_orientation_float,syll,Speaker_ID,2026-06-19_15-43-51,,,,,False,False
INT_SENTIMENT_X_ORIENTATION,GLM_NB_Cluster,INT_SENTIMENT_X_ORIENTATION_GLM_NB_Cluster,RS,RS_int_sentiment_x_orientation,False,sentiment_x_orientation,I((Speaker_age_at_session - 48.047898) / 10),0.7784,0.7109,0.8523,0.0,180361,534,1.864597,,fp_count ~ Speaker_gender + I((Speaker_age_at_session - 48.047898) / 10) + scale(speech_rate_syll) + Sentiment_label_float + Party_status + Party_orientation_float + Sentiment_label_float : Party_orientation_float,syll,Speaker_ID,2026-06-19_15-43-51,,,,,False,False
INT_SENTIMENT_X_ORIENTATION,GLM_NB_Cluster,INT_SENTIMENT_X_ORIENTATION_GLM_NB_Cluster,RS,RS_int_sentiment_x_orientation,False,sentiment_x_orientation,scale(speech_rate_syll),0.6333,0.587,0.6833,0.0,180361,534,1.864597,,fp_count ~ Speaker_gender + I((Speaker_age_at_session - 48.047898) / 10) + scale(speech_rate_syll) + Sentiment_label_float + Party_status + Party_orientation_float + Sentiment_label_float : Party_orientation_float,syll,Speaker_ID,2026-06-19_15-43-51,,,,,False,False
INT_SENTIMENT_X_ORIENTATION,GLM_NB_Cluster,INT_SENTIMENT_X_ORIENTATION_GLM_NB_Cluster,RS,RS_int_sentiment_x_orientation,False,sentiment_x_orientation,Sentiment_label_float,1.0829,1.0565,1.11,0.0,180361,534,1.864597,,fp_count ~ Speaker_gender + I((Speaker_age_at_session - 48.047898) / 10) + scale(speech_rate_syll) + Sentiment_label_float + Party_status + Party_orientation_float + Sentiment_label_float : Party_orientation_float,syll,Speaker_ID,2026-06-19_15-43-51,,,,,False,False
INT_SENTIMENT_X_ORIENTATION,GLM_NB_Cluster,INT_SENTIMENT_X_ORIENTATION_GLM_NB_Cluster,RS,RS_int_sentiment_x_orientation,False,sentiment_x_orientation,Party_status,1.4343,0.9586,2.1462,0.0794,180361,534,1.864597,,fp_count ~ Speaker_gender + I((Speaker_age_at_session - 48.047898) / 10) + scale(speech_rate_syll) + Sentiment_label_float + Party_status + Party_orientation_float + Sentiment_label_float : Party_orientation_float,syll,Speaker_ID,2026-06-19_15-43-51,,,,,False,False
INT_SENTIMENT_X_ORIENTATION,GLM_NB_Cluster,INT_SENTIMENT_X_ORIENTATION_GLM_NB_Cluster,RS,RS_int_sentiment_x_orientation,False,sentiment_x_orientation,Party_orientation_float,1.0485,0.937,1.1733,0.4093,180361,534,1.864597,,fp_count ~ Speaker_gender + I((Speaker_age_at_session - 48.047898) / 10) + scale(speech_rate_syll) + Sentiment_label_float + Party_status + Party_orientation_float + Sentiment_label_float : Party_orientation_float,syll,Speaker_ID,2026-06-19_15-43-51,,,,,False,False
INT_SENTIMENT_X_ORIENTATION,GLM_NB_Cluster,INT_SENTIMENT_X_ORIENTATION_GLM_NB_Cluster,RS,RS_int_sentiment_x_orientation,False,sentiment_x_orientation,Sentiment_label_float:Party_orientation_float,1.0027,0.9831,1.0227,0.7896,180361,534,1.864597,,fp_count ~ Speaker_gender + I((Speaker_age_at_session - 48.047898) / 10) + scale(speech_rate_syll) + Sentiment_label_float + Party_status + Party_orientation_float + Sentiment_label_float : Party_orientation_float,syll,Speaker_ID,2026-06-19_15-43-51,,,,,False,False
INT_SENTIMENT_X_ORIENTATION,GLM_NB,INT_SENTIMENT_X_ORIENTATION_GLM_NB,RS,RS_int_sentiment_x_orientation,False,sentiment_x_orientation,Intercept,0.0344,0.0337,0.035,0.0,180361,534,1.864597,,fp_count ~ Speaker_gender + I((Speaker_age_at_session - 48.047898) / 10) + scale(speech_rate_syll) + Sentiment_label_float + Party_status + Party_orientation_float + Sentiment_label_float : Party_orientation_float,syll,Speaker_ID,2026-06-19_15-43-51,,,,,False,False
INT_SENTIMENT_X_ORIENTATION,GLM_NB,INT_SENTIMENT_X_ORIENTATION_GLM_NB,RS,RS_int_sentiment_x_orientation,False,sentiment_x_orientation,Speaker_gender[T.M],0.4017,0.3926,0.411,0.0,180361,534,1.864597,,fp_count ~ Speaker_gender + I((Speaker_age_at_session - 48.047898) / 10) + scale(speech_rate_syll) + Sentiment_label_float + Party_status + Party_orientation_float + Sentiment_label_float : Party_orientation_float,syll,Speaker_ID,2026-06-19_15-43-51,,,,,False,False
INT_SENTIMENT_X_ORIENTATION,GLM_NB,INT_SENTIMENT_X_ORIENTATION_GLM_NB,RS,RS_int_sentiment_x_orientation,False,sentiment_x_orientation,I((Speaker_age_at_session - 48.047898) / 10),0.7784,0.77,0.7869,0.0,180361,534,1.864597,,fp_count ~ Speaker_gender + I((Speaker_age_at_session - 48.047898) / 10) + scale(speech_rate_syll) + Sentiment_label_float + Party_status + Party_orientation_float + Sentiment_label_float : Party_orientation_float,syll,Speaker_ID,2026-06-19_15-43-51,,,,,False,False
INT_SENTIMENT_X_ORIENTATION,GLM_NB,INT_SENTIMENT_X_ORIENTATION_GLM_NB,RS,RS_int_sentiment_x_orientation,False,sentiment_x_orientation,scale(speech_rate_syll),0.6333,0.6251,0.6417,0.0,180361,534,1.864597,,fp_count ~ Speaker_gender + I((Speaker_age_at_session - 48.047898) / 10) + scale(speech_rate_syll) + Sentiment_label_float + Party_status + Party_orientation_float + Sentiment_label_float : Party_orientation_float,syll,Speaker_ID,2026-06-19_15-43-51,,,,,False,False
INT_SENTIMENT_X_ORIENTATION,GLM_NB,INT_SENTIMENT_X_ORIENTATION_GLM_NB,RS,RS_int_sentiment_x_orientation,False,sentiment_x_orientation,Sentiment_label_float,1.0829,1.0765,1.0893,0.0,180361,534,1.864597,,fp_count ~ Speaker_gender + I((Speaker_age_at_session - 48.047898) / 10) + scale(speech_rate_syll) + Sentiment_label_float + Party_status + Party_orientation_float + Sentiment_label_float : Party_orientation_float,syll,Speaker_ID,2026-06-19_15-43-51,,,,,False,False
INT_SENTIMENT_X_ORIENTATION,GLM_NB,INT_SENTIMENT_X_ORIENTATION_GLM_NB,RS,RS_int_sentiment_x_orientation,False,sentiment_x_orientation,Party_status,1.4343,1.3761,1.495,0.0,180361,534,1.864597,,fp_count ~ Speaker_gender + I((Speaker_age_at_session - 48.047898) / 10) + scale(speech_rate_syll) + Sentiment_label_float + Party_status + Party_orientation_float + Sentiment_label_float : Party_orientation_float,syll,Speaker_ID,2026-06-19_15-43-51,,,,,False,False
INT_SENTIMENT_X_ORIENTATION,GLM_NB,INT_SENTIMENT_X_ORIENTATION_GLM_NB,RS,RS_int_sentiment_x_orientation,False,sentiment_x_orientation,Party_orientation_float,1.0485,1.036,1.0611,0.0,180361,534,1.864597,,fp_count ~ Speaker_gender + I((Speaker_age_at_session - 48.047898) / 10) + scale(speech_rate_syll) + Sentiment_label_float + Party_status + Party_orientation_float + Sentiment_label_float : Party_orientation_float,syll,Speaker_ID,2026-06-19_15-43-51,,,,,False,False
INT_SENTIMENT_X_ORIENTATION,GLM_NB,INT_SENTIMENT_X_ORIENTATION_GLM_NB,RS,RS_int_sentiment_x_orientation,False,sentiment_x_orientation,Sentiment_label_float:Party_orientation_float,1.0027,0.998,1.0074,0.2621,180361,534,1.864597,,fp_count ~ Speaker_gender + I((Speaker_age_at_session - 48.047898) / 10) + scale(speech_rate_syll) + Sentiment_label_float + Party_status + Party_orientation_float + Sentiment_label_float : Party_orientation_float,syll,Speaker_ID,2026-06-19_15-43-51,,,,,False,False
BASE,GEE_NB_Exch,BASE_GEE_NB_Exch,PL,PL_baseline,False,,Intercept,0.0557,0.0441,0.0703,0.0,117305,342,1.220690,0.2615,fp_count ~ Speaker_gender + I((Speaker_age_at_session - 51.186846) / 10) + scale(speech_rate_syll) + Sentiment_label_float + Party_status + Party_orientation_float,syll,Speaker_ID,2026-06-19_15-43-51,,,,,False,False
BASE,GEE_NB_Exch,BASE_GEE_NB_Exch,PL,PL_baseline,False,,Speaker_gender[T.M],1.0782,0.8729,1.3319,0.4846,117305,342,1.220690,0.2615,fp_count ~ Speaker_gender + I((Speaker_age_at_session - 51.186846) / 10) + scale(speech_rate_syll) + Sentiment_label_float + Party_status + Party_orientation_float,syll,Speaker_ID,2026-06-19_15-43-51,,,,,False,False
BASE,GEE_NB_Exch,BASE_GEE_NB_Exch,PL,PL_baseline,False,,I((Speaker_age_at_session - 51.186846) / 10),1.0246,0.9494,1.1057,0.5321,117305,342,1.220690,0.2615,fp_count ~ Speaker_gender + I((Speaker_age_at_session - 51.186846) / 10) + scale(speech_rate_syll) + Sentiment_label_float + Party_status + Party_orientation_float,syll,Speaker_ID,2026-06-19_15-43-51,,,,,False,False
BASE,GEE_NB_Exch,BASE_GEE_NB_Exch,PL,PL_baseline,False,,scale(speech_rate_syll),0.6248,0.6104,0.6396,0.0,117305,342,1.220690,0.2615,fp_count ~ Speaker_gender + I((Speaker_age_at_session - 51.186846) / 10) + scale(speech_rate_syll) + Sentiment_label_float + Party_status + Party_orientation_float,syll,Speaker_ID,2026-06-19_15-43-51,,,,,False,False
BASE,GEE_NB_Exch,BASE_GEE_NB_Exch,PL,PL_baseline,False,,Sentiment_label_float,1.0249,1.0187,1.0312,0.0,117305,342,1.220690,0.2615,fp_count ~ Speaker_gender + I((Speaker_age_at_session - 51.186846) / 10) + scale(speech_rate_syll) + Sentiment_label_float + Party_status + Party_orientation_float,syll,Speaker_ID,2026-06-19_15-43-51,,,,,False,False
BASE,GEE_NB_Exch,BASE_GEE_NB_Exch,PL,PL_baseline,False,,Party_status,1.3095,1.0346,1.6575,0.0249,117305,342,1.220690,0.2615,fp_count ~ Speaker_gender + I((Speaker_age_at_session - 51.186846) / 10) + scale(speech_rate_syll) + Sentiment_label_float + Party_status + Party_orientation_float,syll,Speaker_ID,2026-06-19_15-43-51,,,,,False,False
BASE,GEE_NB_Exch,BASE_GEE_NB_Exch,PL,PL_baseline,False,,Party_orientation_float,1.1084,1.009,1.2177,0.0318,117305,342,1.220690,0.2615,fp_count ~ Speaker_gender + I((Speaker_age_at_session - 51.186846) / 10) + scale(speech_rate_syll) + Sentiment_label_float + Party_status + Party_orientation_float,syll,Speaker_ID,2026-06-19_15-43-51,,,,,False,False
BASE,GEE_NB_Indep,BASE_GEE_NB_Indep,PL,PL_baseline,False,,Intercept,0.0466,0.0346,0.0627,0.0,117305,342,1.220690,,fp_count ~ Speaker_gender + I((Speaker_age_at_session - 51.186846) / 10) + scale(speech_rate_syll) + Sentiment_label_float + Party_status + Party_orientation_float,syll,Speaker_ID,2026-06-19_15-43-51,,,,,False,False
BASE,GEE_NB_Indep,BASE_GEE_NB_Indep,PL,PL_baseline,False,,Speaker_gender[T.M],1.1354,0.8463,1.5231,0.397,117305,342,1.220690,,fp_count ~ Speaker_gender + I((Speaker_age_at_session - 51.186846) / 10) + scale(speech_rate_syll) + Sentiment_label_float + Party_status + Party_orientation_float,syll,Speaker_ID,2026-06-19_15-43-51,,,,,False,False
BASE,GEE_NB_Indep,BASE_GEE_NB_Indep,PL,PL_baseline,False,,I((Speaker_age_at_session - 51.186846) / 10),0.9198,0.8442,1.0022,0.0563,117305,342,1.220690,,fp_count ~ Speaker_gender + I((Speaker_age_at_session - 51.186846) / 10) + scale(speech_rate_syll) + Sentiment_label_float + Party_status + Party_orientation_float,syll,Speaker_ID,2026-06-19_15-43-51,,,,,False,False
BASE,GEE_NB_Indep,BASE_GEE_NB_Indep,PL,PL_baseline,False,,scale(speech_rate_syll),0.5971,0.568,0.6276,0.0,117305,342,1.220690,,fp_count ~ Speaker_gender + I((Speaker_age_at_session - 51.186846) / 10) + scale(speech_rate_syll) + Sentiment_label_float + Party_status + Party_orientation_float,syll,Speaker_ID,2026-06-19_15-43-51,,,,,False,False
BASE,GEE_NB_Indep,BASE_GEE_NB_Indep,PL,PL_baseline,False,,Sentiment_label_float,1.0295,1.0153,1.044,0.0,117305,342,1.220690,,fp_count ~ Speaker_gender + I((Speaker_age_at_session - 51.186846) / 10) + scale(speech_rate_syll) + Sentiment_label_float + Party_status + Party_orientation_float,syll,Speaker_ID,2026-06-19_15-43-51,,,,,False,False
BASE,GEE_NB_Indep,BASE_GEE_NB_Indep,PL,PL_baseline,False,,Party_status,0.8939,0.6829,1.1701,0.4144,117305,342,1.220690,,fp_count ~ Speaker_gender + I((Speaker_age_at_session - 51.186846) / 10) + scale(speech_rate_syll) + Sentiment_label_float + Party_status + Party_orientation_float,syll,Speaker_ID,2026-06-19_15-43-51,,,,,False,False
BASE,GEE_NB_Indep,BASE_GEE_NB_Indep,PL,PL_baseline,False,,Party_orientation_float,1.056,0.9371,1.19,0.3713,117305,342,1.220690,,fp_count ~ Speaker_gender + I((Speaker_age_at_session - 51.186846) / 10) + scale(speech_rate_syll) + Sentiment_label_float + Party_status + Party_orientation_float,syll,Speaker_ID,2026-06-19_15-43-51,,,,,False,False
BASE,GLM_NB_Cluster,BASE_GLM_NB_Cluster,PL,PL_baseline,False,,Intercept,0.0466,0.0344,0.063,0.0,117305,342,1.220690,,fp_count ~ Speaker_gender + I((Speaker_age_at_session - 51.186846) / 10) + scale(speech_rate_syll) + Sentiment_label_float + Party_status + Party_orientation_float,syll,Speaker_ID,2026-06-19_15-43-51,,,,,False,False
BASE,GLM_NB_Cluster,BASE_GLM_NB_Cluster,PL,PL_baseline,False,,Speaker_gender[T.M],1.1354,0.8483,1.5197,0.3933,117305,342,1.220690,,fp_count ~ Speaker_gender + I((Speaker_age_at_session - 51.186846) / 10) + scale(speech_rate_syll) + Sentiment_label_float + Party_status + Party_orientation_float,syll,Speaker_ID,2026-06-19_15-43-51,,,,,False,False
BASE,GLM_NB_Cluster,BASE_GLM_NB_Cluster,PL,PL_baseline,False,,I((Speaker_age_at_session - 51.186846) / 10),0.9198,0.8448,1.0016,0.0544,117305,342,1.220690,,fp_count ~ Speaker_gender + I((Speaker_age_at_session - 51.186846) / 10) + scale(speech_rate_syll) + Sentiment_label_float + Party_status + Party_orientation_float,syll,Speaker_ID,2026-06-19_15-43-51,,,,,False,False
BASE,GLM_NB_Cluster,BASE_GLM_NB_Cluster,PL,PL_baseline,False,,scale(speech_rate_syll),0.5971,0.5665,0.6293,0.0,117305,342,1.220690,,fp_count ~ Speaker_gender + I((Speaker_age_at_session - 51.186846) / 10) + scale(speech_rate_syll) + Sentiment_label_float + Party_status + Party_orientation_float,syll,Speaker_ID,2026-06-19_15-43-51,,,,,False,False
BASE,GLM_NB_Cluster,BASE_GLM_NB_Cluster,PL,PL_baseline,False,,Sentiment_label_float,1.0295,1.0152,1.044,0.0,117305,342,1.220690,,fp_count ~ Speaker_gender + I((Speaker_age_at_session - 51.186846) / 10) + scale(speech_rate_syll) + Sentiment_label_float + Party_status + Party_orientation_float,syll,Speaker_ID,2026-06-19_15-43-51,,,,,False,False
BASE,GLM_NB_Cluster,BASE_GLM_NB_Cluster,PL,PL_baseline,False,,Party_status,0.8939,0.6802,1.1749,0.4214,117305,342,1.220690,,fp_count ~ Speaker_gender + I((Speaker_age_at_session - 51.186846) / 10) + scale(speech_rate_syll) + Sentiment_label_float + Party_status + Party_orientation_float,syll,Speaker_ID,2026-06-19_15-43-51,,,,,False,False
BASE,GLM_NB_Cluster,BASE_GLM_NB_Cluster,PL,PL_baseline,False,,Party_orientation_float,1.056,0.9363,1.191,0.3747,117305,342,1.220690,,fp_count ~ Speaker_gender + I((Speaker_age_at_session - 51.186846) / 10) + scale(speech_rate_syll) + Sentiment_label_float + Party_status + Party_orientation_float,syll,Speaker_ID,2026-06-19_15-43-51,,,,,False,False
BASE,GLM_NB,BASE_GLM_NB,PL,PL_baseline,False,,Intercept,0.0466,0.0453,0.0479,0.0,117305,342,1.220690,,fp_count ~ Speaker_gender + I((Speaker_age_at_session - 51.186846) / 10) + scale(speech_rate_syll) + Sentiment_label_float + Party_status + Party_orientation_float,syll,Speaker_ID,2026-06-19_15-43-51,,,,,False,False
BASE,GLM_NB,BASE_GLM_NB,PL,PL_baseline,False,,Speaker_gender[T.M],1.1354,1.1083,1.1632,0.0,117305,342,1.220690,,fp_count ~ Speaker_gender + I((Speaker_age_at_session - 51.186846) / 10) + scale(speech_rate_syll) + Sentiment_label_float + Party_status + Party_orientation_float,syll,Speaker_ID,2026-06-19_15-43-51,,,,,False,False
BASE,GLM_NB,BASE_GLM_NB,PL,PL_baseline,False,,I((Speaker_age_at_session - 51.186846) / 10),0.9198,0.911,0.9287,0.0,117305,342,1.220690,,fp_count ~ Speaker_gender + I((Speaker_age_at_session - 51.186846) / 10) + scale(speech_rate_syll) + Sentiment_label_float + Party_status + Party_orientation_float,syll,Speaker_ID,2026-06-19_15-43-51,,,,,False,False
BASE,GLM_NB,BASE_GLM_NB,PL,PL_baseline,False,,scale(speech_rate_syll),0.5971,0.5904,0.6038,0.0,117305,342,1.220690,,fp_count ~ Speaker_gender + I((Speaker_age_at_session - 51.186846) / 10) + scale(speech_rate_syll) + Sentiment_label_float + Party_status + Party_orientation_float,syll,Speaker_ID,2026-06-19_15-43-51,,,,,False,False
BASE,GLM_NB,BASE_GLM_NB,PL,PL_baseline,False,,Sentiment_label_float,1.0295,1.0236,1.0354,0.0,117305,342,1.220690,,fp_count ~ Speaker_gender + I((Speaker_age_at_session - 51.186846) / 10) + scale(speech_rate_syll) + Sentiment_label_float + Party_status + Party_orientation_float,syll,Speaker_ID,2026-06-19_15-43-51,,,,,False,False
BASE,GLM_NB,BASE_GLM_NB,PL,PL_baseline,False,,Party_status,0.8939,0.869,0.9196,0.0,117305,342,1.220690,,fp_count ~ Speaker_gender + I((Speaker_age_at_session - 51.186846) / 10) + scale(speech_rate_syll) + Sentiment_label_float + Party_status + Party_orientation_float,syll,Speaker_ID,2026-06-19_15-43-51,,,,,False,False
BASE,GLM_NB,BASE_GLM_NB,PL,PL_baseline,False,,Party_orientation_float,1.056,1.0458,1.0662,0.0,117305,342,1.220690,,fp_count ~ Speaker_gender + I((Speaker_age_at_session - 51.186846) / 10) + scale(speech_rate_syll) + Sentiment_label_float + Party_status + Party_orientation_float,syll,Speaker_ID,2026-06-19_15-43-51,,,,,False,False
INT_GENDER_X_ORIENTATION,GEE_NB_Exch,INT_GENDER_X_ORIENTATION_GEE_NB_Exch,HR,HR_int_gender_x_orientation,False,gender_x_orientation,Intercept,0.0455,0.0364,0.0568,0.0,484243,280,1.750782,0.0503,fp_count ~ Speaker_gender + I((Speaker_age_at_session - 49.556365) / 10) + scale(speech_rate_syll) + Sentiment_label_float + Party_status + Party_orientation_float + Speaker_gender : Party_orientation_float,syll,Speaker_ID,2026-06-19_15-43-51,,,,,False,False
INT_GENDER_X_ORIENTATION,GEE_NB_Exch,INT_GENDER_X_ORIENTATION_GEE_NB_Exch,HR,HR_int_gender_x_orientation,False,gender_x_orientation,Speaker_gender[T.M],0.4472,0.3407,0.5871,0.0,484243,280,1.750782,0.0503,fp_count ~ Speaker_gender + I((Speaker_age_at_session - 49.556365) / 10) + scale(speech_rate_syll) + Sentiment_label_float + Party_status + Party_orientation_float + Speaker_gender : Party_orientation_float,syll,Speaker_ID,2026-06-19_15-43-51,,,,,False,False
INT_GENDER_X_ORIENTATION,GEE_NB_Exch,INT_GENDER_X_ORIENTATION_GEE_NB_Exch,HR,HR_int_gender_x_orientation,False,gender_x_orientation,I((Speaker_age_at_session - 49.556365) / 10),0.7483,0.6594,0.8492,0.0,484243,280,1.750782,0.0503,fp_count ~ Speaker_gender + I((Speaker_age_at_session - 49.556365) / 10) + scale(speech_rate_syll) + Sentiment_label_float + Party_status + Party_orientation_float + Speaker_gender : Party_orientation_float,syll,Speaker_ID,2026-06-19_15-43-51,,,,,False,False
INT_GENDER_X_ORIENTATION,GEE_NB_Exch,INT_GENDER_X_ORIENTATION_GEE_NB_Exch,HR,HR_int_gender_x_orientation,False,gender_x_orientation,scale(speech_rate_syll),0.6645,0.6426,0.6873,0.0,484243,280,1.750782,0.0503,fp_count ~ Speaker_gender + I((Speaker_age_at_session - 49.556365) / 10) + scale(speech_rate_syll) + Sentiment_label_float + Party_status + Party_orientation_float + Speaker_gender : Party_orientation_float,syll,Speaker_ID,2026-06-19_15-43-51,,,,,False,False
INT_GENDER_X_ORIENTATION,GEE_NB_Exch,INT_GENDER_X_ORIENTATION_GEE_NB_Exch,HR,HR_int_gender_x_orientation,False,gender_x_orientation,Sentiment_label_float,1.0502,1.0405,1.0599,0.0,484243,280,1.750782,0.0503,fp_count ~ Speaker_gender + I((Speaker_age_at_session - 49.556365) / 10) + scale(speech_rate_syll) + Sentiment_label_float + Party_status + Party_orientation_float + Speaker_gender : Party_orientation_float,syll,Speaker_ID,2026-06-19_15-43-51,,,,,False,False
INT_GENDER_X_ORIENTATION,GEE_NB_Exch,INT_GENDER_X_ORIENTATION_GEE_NB_Exch,HR,HR_int_gender_x_orientation,False,gender_x_orientation,Party_status,0.9005,0.7687,1.0549,0.1944,484243,280,1.750782,0.0503,fp_count ~ Speaker_gender + I((Speaker_age_at_session - 49.556365) / 10) + scale(speech_rate_syll) + Sentiment_label_float + Party_status + Party_orientation_float + Speaker_gender : Party_orientation_float,syll,Speaker_ID,2026-06-19_15-43-51,,,,,False,False
INT_GENDER_X_ORIENTATION,GEE_NB_Exch,INT_GENDER_X_ORIENTATION_GEE_NB_Exch,HR,HR_int_gender_x_orientation,False,gender_x_orientation,Party_orientation_float,0.9181,0.7565,1.1141,0.3867,484243,280,1.750782,0.0503,fp_count ~ Speaker_gender + I((Speaker_age_at_session - 49.556365) / 10) + scale(speech_rate_syll) + Sentiment_label_float + Party_status + Party_orientation_float + Speaker_gender : Party_orientation_float,syll,Speaker_ID,2026-06-19_15-43-51,,,,,False,False
INT_GENDER_X_ORIENTATION,GEE_NB_Exch,INT_GENDER_X_ORIENTATION_GEE_NB_Exch,HR,HR_int_gender_x_orientation,False,gender_x_orientation,Speaker_gender[T.M]:Party_orientation_float,0.9543,0.7549,1.2066,0.6961,484243,280,1.750782,0.0503,fp_count ~ Speaker_gender + I((Speaker_age_at_session - 49.556365) / 10) + scale(speech_rate_syll) + Sentiment_label_float + Party_status + Party_orientation_float + Speaker_gender : Party_orientation_float,syll,Speaker_ID,2026-06-19_15-43-51,,,,,False,False
INT_GENDER_X_ORIENTATION,GEE_NB_Indep,INT_GENDER_X_ORIENTATION_GEE_NB_Indep,HR,HR_int_gender_x_orientation,False,gender_x_orientation,Intercept,0.0472,0.0406,0.0548,0.0,484243,280,1.750782,,fp_count ~ Speaker_gender + I((Speaker_age_at_session - 49.556365) / 10) + scale(speech_rate_syll) + Sentiment_label_float + Party_status + Party_orientation_float + Speaker_gender : Party_orientation_float,syll,Speaker_ID,2026-06-19_15-43-51,,,,,False,False
INT_GENDER_X_ORIENTATION,GEE_NB_Indep,INT_GENDER_X_ORIENTATION_GEE_NB_Indep,HR,HR_int_gender_x_orientation,False,gender_x_orientation,Speaker_gender[T.M],0.5334,0.4448,0.6395,0.0,484243,280,1.750782,,fp_count ~ Speaker_gender + I((Speaker_age_at_session - 49.556365) / 10) + scale(speech_rate_syll) + Sentiment_label_float + Party_status + Party_orientation_float + Speaker_gender : Party_orientation_float,syll,Speaker_ID,2026-06-19_15-43-51,,,,,False,False
INT_GENDER_X_ORIENTATION,GEE_NB_Indep,INT_GENDER_X_ORIENTATION_GEE_NB_Indep,HR,HR_int_gender_x_orientation,False,gender_x_orientation,I((Speaker_age_at_session - 49.556365) / 10),0.8971,0.8006,1.0052,0.0614,484243,280,1.750782,,fp_count ~ Speaker_gender + I((Speaker_age_at_session - 49.556365) / 10) + scale(speech_rate_syll) + Sentiment_label_float + Party_status + Party_orientation_float + Speaker_gender : Party_orientation_float,syll,Speaker_ID,2026-06-19_15-43-51,,,,,False,False
INT_GENDER_X_ORIENTATION,GEE_NB_Indep,INT_GENDER_X_ORIENTATION_GEE_NB_Indep,HR,HR_int_gender_x_orientation,False,gender_x_orientation,scale(speech_rate_syll),0.6995,0.6635,0.7375,0.0,484243,280,1.750782,,fp_count ~ Speaker_gender + I((Speaker_age_at_session - 49.556365) / 10) + scale(speech_rate_syll) + Sentiment_label_float + Party_status + Party_orientation_float + Speaker_gender : Party_orientation_float,syll,Speaker_ID,2026-06-19_15-43-51,,,,,False,False
INT_GENDER_X_ORIENTATION,GEE_NB_Indep,INT_GENDER_X_ORIENTATION_GEE_NB_Indep,HR,HR_int_gender_x_orientation,False,gender_x_orientation,Sentiment_label_float,1.054,1.0356,1.0728,0.0,484243,280,1.750782,,fp_count ~ Speaker_gender + I((Speaker_age_at_session - 49.556365) / 10) + scale(speech_rate_syll) + Sentiment_label_float + Party_status + Party_orientation_float + Speaker_gender : Party_orientation_float,syll,Speaker_ID,2026-06-19_15-43-51,,,,,False,False
INT_GENDER_X_ORIENTATION,GEE_NB_Indep,INT_GENDER_X_ORIENTATION_GEE_NB_Indep,HR,HR_int_gender_x_orientation,False,gender_x_orientation,Party_status,0.6834,0.5292,0.8824,0.0035,484243,280,1.750782,,fp_count ~ Speaker_gender + I((Speaker_age_at_session - 49.556365) / 10) + scale(speech_rate_syll) + Sentiment_label_float + Party_status + Party_orientation_float + Speaker_gender : Party_orientation_float,syll,Speaker_ID,2026-06-19_15-43-51,,,,,False,False
INT_GENDER_X_ORIENTATION,GEE_NB_Indep,INT_GENDER_X_ORIENTATION_GEE_NB_Indep,HR,HR_int_gender_x_orientation,False,gender_x_orientation,Party_orientation_float,1.0676,0.9433,1.2082,0.3002,484243,280,1.750782,,fp_count ~ Speaker_gender + I((Speaker_age_at_session - 49.556365) / 10) + scale(speech_rate_syll) + Sentiment_label_float + Party_status + Party_orientation_float + Speaker_gender : Party_orientation_float,syll,Speaker_ID,2026-06-19_15-43-51,,,,,False,False
INT_GENDER_X_ORIENTATION,GEE_NB_Indep,INT_GENDER_X_ORIENTATION_GEE_NB_Indep,HR,HR_int_gender_x_orientation,False,gender_x_orientation,Speaker_gender[T.M]:Party_orientation_float,0.9267,0.7835,1.0962,0.3744,484243,280,1.750782,,fp_count ~ Speaker_gender + I((Speaker_age_at_session - 49.556365) / 10) + scale(speech_rate_syll) + Sentiment_label_float + Party_status + Party_orientation_float + Speaker_gender : Party_orientation_float,syll,Speaker_ID,2026-06-19_15-43-51,,,,,False,False
INT_GENDER_X_ORIENTATION,GLM_NB_Cluster,INT_GENDER_X_ORIENTATION_GLM_NB_Cluster,HR,HR_int_gender_x_orientation,False,gender_x_orientation,Intercept,0.0472,0.0405,0.0549,0.0,484243,280,1.750782,,fp_count ~ Speaker_gender + I((Speaker_age_at_session - 49.556365) / 10) + scale(speech_rate_syll) + Sentiment_label_float + Party_status + Party_orientation_float + Speaker_gender : Party_orientation_float,syll,Speaker_ID,2026-06-19_15-43-51,,,,,False,False
INT_GENDER_X_ORIENTATION,GLM_NB_Cluster,INT_GENDER_X_ORIENTATION_GLM_NB_Cluster,HR,HR_int_gender_x_orientation,False,gender_x_orientation,Speaker_gender[T.M],0.5334,0.4435,0.6415,0.0,484243,280,1.750782,,fp_count ~ Speaker_gender + I((Speaker_age_at_session - 49.556365) / 10) + scale(speech_rate_syll) + Sentiment_label_float + Party_status + Party_orientation_float + Speaker_gender : Party_orientation_float,syll,Speaker_ID,2026-06-19_15-43-51,,,,,False,False
INT_GENDER_X_ORIENTATION,GLM_NB_Cluster,INT_GENDER_X_ORIENTATION_GLM_NB_Cluster,HR,HR_int_gender_x_orientation,False,gender_x_orientation,I((Speaker_age_at_session - 49.556365) / 10),0.8971,0.7998,1.0062,0.0637,484243,280,1.750782,,fp_count ~ Speaker_gender + I((Speaker_age_at_session - 49.556365) / 10) + scale(speech_rate_syll) + Sentiment_label_float + Party_status + Party_orientation_float + Speaker_gender : Party_orientation_float,syll,Speaker_ID,2026-06-19_15-43-51,,,,,False,False
INT_GENDER_X_ORIENTATION,GLM_NB_Cluster,INT_GENDER_X_ORIENTATION_GLM_NB_Cluster,HR,HR_int_gender_x_orientation,False,gender_x_orientation,scale(speech_rate_syll),0.6995,0.6612,0.7401,0.0,484243,280,1.750782,,fp_count ~ Speaker_gender + I((Speaker_age_at_session - 49.556365) / 10) + scale(speech_rate_syll) + Sentiment_label_float + Party_status + Party_orientation_float + Speaker_gender : Party_orientation_float,syll,Speaker_ID,2026-06-19_15-43-51,,,,,False,False
INT_GENDER_X_ORIENTATION,GLM_NB_Cluster,INT_GENDER_X_ORIENTATION_GLM_NB_Cluster,HR,HR_int_gender_x_orientation,False,gender_x_orientation,Sentiment_label_float,1.054,1.0352,1.0731,0.0,484243,280,1.750782,,fp_count ~ Speaker_gender + I((Speaker_age_at_session - 49.556365) / 10) + scale(speech_rate_syll) + Sentiment_label_float + Party_status + Party_orientation_float + Speaker_gender : Party_orientation_float,syll,Speaker_ID,2026-06-19_15-43-51,,,,,False,False
INT_GENDER_X_ORIENTATION,GLM_NB_Cluster,INT_GENDER_X_ORIENTATION_GLM_NB_Cluster,HR,HR_int_gender_x_orientation,False,gender_x_orientation,Party_status,0.6834,0.5249,0.8896,0.0047,484243,280,1.750782,,fp_count ~ Speaker_gender + I((Speaker_age_at_session - 49.556365) / 10) + scale(speech_rate_syll) + Sentiment_label_float + Party_status + Party_orientation_float + Speaker_gender : Party_orientation_float,syll,Speaker_ID,2026-06-19_15-43-51,,,,,False,False
INT_GENDER_X_ORIENTATION,GLM_NB_Cluster,INT_GENDER_X_ORIENTATION_GLM_NB_Cluster,HR,HR_int_gender_x_orientation,False,gender_x_orientation,Party_orientation_float,1.0676,0.9399,1.2127,0.3143,484243,280,1.750782,,fp_count ~ Speaker_gender + I((Speaker_age_at_session - 49.556365) / 10) + scale(speech_rate_syll) + Sentiment_label_float + Party_status + Party_orientation_float + Speaker_gender : Party_orientation_float,syll,Speaker_ID,2026-06-19_15-43-51,,,,,False,False
INT_GENDER_X_ORIENTATION,GLM_NB_Cluster,INT_GENDER_X_ORIENTATION_GLM_NB_Cluster,HR,HR_int_gender_x_orientation,False,gender_x_orientation,Speaker_gender[T.M]:Party_orientation_float,0.9267,0.7795,1.1018,0.3886,484243,280,1.750782,,fp_count ~ Speaker_gender + I((Speaker_age_at_session - 49.556365) / 10) + scale(speech_rate_syll) + Sentiment_label_float + Party_status + Party_orientation_float + Speaker_gender : Party_orientation_float,syll,Speaker_ID,2026-06-19_15-43-51,,,,,False,False
INT_GENDER_X_ORIENTATION,GLM_NB,INT_GENDER_X_ORIENTATION_GLM_NB,HR,HR_int_gender_x_orientation,False,gender_x_orientation,Intercept,0.0472,0.0467,0.0477,0.0,484243,280,1.750782,,fp_count ~ Speaker_gender + I((Speaker_age_at_session - 49.556365) / 10) + scale(speech_rate_syll) + Sentiment_label_float + Party_status + Party_orientation_float + Speaker_gender : Party_orientation_float,syll,Speaker_ID,2026-06-19_15-43-51,,,,,False,False
INT_GENDER_X_ORIENTATION,GLM_NB,INT_GENDER_X_ORIENTATION_GLM_NB,HR,HR_int_gender_x_orientation,False,gender_x_orientation,Speaker_gender[T.M],0.5334,0.5264,0.5404,0.0,484243,280,1.750782,,fp_count ~ Speaker_gender + I((Speaker_age_at_session - 49.556365) / 10) + scale(speech_rate_syll) + Sentiment_label_float + Party_status + Party_orientation_float + Speaker_gender : Party_orientation_float,syll,Speaker_ID,2026-06-19_15-43-51,,,,,False,False
INT_GENDER_X_ORIENTATION,GLM_NB,INT_GENDER_X_ORIENTATION_GLM_NB,HR,HR_int_gender_x_orientation,False,gender_x_orientation,I((Speaker_age_at_session - 49.556365) / 10),0.8971,0.8908,0.9034,0.0,484243,280,1.750782,,fp_count ~ Speaker_gender + I((Speaker_age_at_session - 49.556365) / 10) + scale(speech_rate_syll) + Sentiment_label_float + Party_status + Party_orientation_float + Speaker_gender : Party_orientation_float,syll,Speaker_ID,2026-06-19_15-43-51,,,,,False,False
INT_GENDER_X_ORIENTATION,GLM_NB,INT_GENDER_X_ORIENTATION_GLM_NB,HR,HR_int_gender_x_orientation,False,gender_x_orientation,scale(speech_rate_syll),0.6995,0.6949,0.7042,0.0,484243,280,1.750782,,fp_count ~ Speaker_gender + I((Speaker_age_at_session - 49.556365) / 10) + scale(speech_rate_syll) + Sentiment_label_float + Party_status + Party_orientation_float + Speaker_gender : Party_orientation_float,syll,Speaker_ID,2026-06-19_15-43-51,,,,,False,False
INT_GENDER_X_ORIENTATION,GLM_NB,INT_GENDER_X_ORIENTATION_GLM_NB,HR,HR_int_gender_x_orientation,False,gender_x_orientation,Sentiment_label_float,1.054,1.0506,1.0574,0.0,484243,280,1.750782,,fp_count ~ Speaker_gender + I((Speaker_age_at_session - 49.556365) / 10) + scale(speech_rate_syll) + Sentiment_label_float + Party_status + Party_orientation_float + Speaker_gender : Party_orientation_float,syll,Speaker_ID,2026-06-19_15-43-51,,,,,False,False
INT_GENDER_X_ORIENTATION,GLM_NB,INT_GENDER_X_ORIENTATION_GLM_NB,HR,HR_int_gender_x_orientation,False,gender_x_orientation,Party_status,0.6834,0.6725,0.6944,0.0,484243,280,1.750782,,fp_count ~ Speaker_gender + I((Speaker_age_at_session - 49.556365) / 10) + scale(speech_rate_syll) + Sentiment_label_float + Party_status + Party_orientation_float + Speaker_gender : Party_orientation_float,syll,Speaker_ID,2026-06-19_15-43-51,,,,,False,False
INT_GENDER_X_ORIENTATION,GLM_NB,INT_GENDER_X_ORIENTATION_GLM_NB,HR,HR_int_gender_x_orientation,False,gender_x_orientation,Party_orientation_float,1.0676,1.0568,1.0785,0.0,484243,280,1.750782,,fp_count ~ Speaker_gender + I((Speaker_age_at_session - 49.556365) / 10) + scale(speech_rate_syll) + Sentiment_label_float + Party_status + Party_orientation_float + Speaker_gender : Party_orientation_float,syll,Speaker_ID,2026-06-19_15-43-51,,,,,False,False
INT_GENDER_X_ORIENTATION,GLM_NB,INT_GENDER_X_ORIENTATION_GLM_NB,HR,HR_int_gender_x_orientation,False,gender_x_orientation,Speaker_gender[T.M]:Party_orientation_float,0.9267,0.9153,0.9382,0.0,484243,280,1.750782,,fp_count ~ Speaker_gender + I((Speaker_age_at_session - 49.556365) / 10) + scale(speech_rate_syll) + Sentiment_label_float + Party_status + Party_orientation_float + Speaker_gender : Party_orientation_float,syll,Speaker_ID,2026-06-19_15-43-51,,,,,False,False
INT_GENDER_X_RATE,GEE_NB_Exch,INT_GENDER_X_RATE_GEE_NB_Exch,PL,PL_int_gender_x_rate,False,gender_x_rate,Intercept,0.0515,0.0389,0.0682,0.0,117305,342,1.220858,0.2659,fp_count ~ Speaker_gender + I((Speaker_age_at_session - 51.186846) / 10) + scale(speech_rate_syll) + Sentiment_label_float + Party_status + Party_orientation_float + Speaker_gender : scale(speech_rate_syll),syll,Speaker_ID,2026-06-19_15-43-51,,,,,False,False
INT_GENDER_X_RATE,GEE_NB_Exch,INT_GENDER_X_RATE_GEE_NB_Exch,PL,PL_int_gender_x_rate,False,gender_x_rate,Speaker_gender[T.M],1.1932,0.8945,1.5917,0.2296,117305,342,1.220858,0.2659,fp_count ~ Speaker_gender + I((Speaker_age_at_session - 51.186846) / 10) + scale(speech_rate_syll) + Sentiment_label_float + Party_status + Party_orientation_float + Speaker_gender : scale(speech_rate_syll),syll,Speaker_ID,2026-06-19_15-43-51,,,,,False,False
INT_GENDER_X_RATE,GEE_NB_Exch,INT_GENDER_X_RATE_GEE_NB_Exch,PL,PL_int_gender_x_rate,False,gender_x_rate,I((Speaker_age_at_session - 51.186846) / 10),1.0255,0.9502,1.1067,0.5174,117305,342,1.220858,0.2659,fp_count ~ Speaker_gender + I((Speaker_age_at_session - 51.186846) / 10) + scale(speech_rate_syll) + Sentiment_label_float + Party_status + Party_orientation_float + Speaker_gender : scale(speech_rate_syll),syll,Speaker_ID,2026-06-19_15-43-51,,,,,False,False
INT_GENDER_X_RATE,GEE_NB_Exch,INT_GENDER_X_RATE_GEE_NB_Exch,PL,PL_int_gender_x_rate,False,gender_x_rate,scale(speech_rate_syll),0.6014,0.5681,0.6368,0.0,117305,342,1.220858,0.2659,fp_count ~ Speaker_gender + I((Speaker_age_at_session - 51.186846) / 10) + scale(speech_rate_syll) + Sentiment_label_float + Party_status + Party_orientation_float + Speaker_gender : scale(speech_rate_syll),syll,Speaker_ID,2026-06-19_15-43-51,,,,,False,False
INT_GENDER_X_RATE,GEE_NB_Exch,INT_GENDER_X_RATE_GEE_NB_Exch,PL,PL_int_gender_x_rate,False,gender_x_rate,Speaker_gender[T.M]:scale(speech_rate_syll),1.0502,0.9863,1.1183,0.126,117305,342,1.220858,0.2659,fp_count ~ Speaker_gender + I((Speaker_age_at_session - 51.186846) / 10) + scale(speech_rate_syll) + Sentiment_label_float + Party_status + Party_orientation_float + Speaker_gender : scale(speech_rate_syll),syll,Speaker_ID,2026-06-19_15-43-51,,,,,False,False
INT_GENDER_X_RATE,GEE_NB_Exch,INT_GENDER_X_RATE_GEE_NB_Exch,PL,PL_int_gender_x_rate,False,gender_x_rate,Sentiment_label_float,1.0248,1.0186,1.0311,0.0,117305,342,1.220858,0.2659,fp_count ~ Speaker_gender + I((Speaker_age_at_session - 51.186846) / 10) + scale(speech_rate_syll) + Sentiment_label_float + Party_status + Party_orientation_float + Speaker_gender : scale(speech_rate_syll),syll,Speaker_ID,2026-06-19_15-43-51,,,,,False,False
INT_GENDER_X_RATE,GEE_NB_Exch,INT_GENDER_X_RATE_GEE_NB_Exch,PL,PL_int_gender_x_rate,False,gender_x_rate,Party_status,1.3199,1.0439,1.6689,0.0204,117305,342,1.220858,0.2659,fp_count ~ Speaker_gender + I((Speaker_age_at_session - 51.186846) / 10) + scale(speech_rate_syll) + Sentiment_label_float + Party_status + Party_orientation_float + Speaker_gender : scale(speech_rate_syll),syll,Speaker_ID,2026-06-19_15-43-51,,,,,False,False
INT_GENDER_X_RATE,GEE_NB_Exch,INT_GENDER_X_RATE_GEE_NB_Exch,PL,PL_int_gender_x_rate,False,gender_x_rate,Party_orientation_float,1.1077,1.0088,1.2162,0.032,117305,342,1.220858,0.2659,fp_count ~ Speaker_gender + I((Speaker_age_at_session - 51.186846) / 10) + scale(speech_rate_syll) + Sentiment_label_float + Party_status + Party_orientation_float + Speaker_gender : scale(speech_rate_syll),syll,Speaker_ID,2026-06-19_15-43-51,,,,,False,False
INT_GENDER_X_RATE,GEE_NB_Indep,INT_GENDER_X_RATE_GEE_NB_Indep,PL,PL_int_gender_x_rate,False,gender_x_rate,Intercept,0.0467,0.0346,0.0631,0.0,117305,342,1.220858,,fp_count ~ Speaker_gender + I((Speaker_age_at_session - 51.186846) / 10) + scale(speech_rate_syll) + Sentiment_label_float + Party_status + Party_orientation_float + Speaker_gender : scale(speech_rate_syll),syll,Speaker_ID,2026-06-19_15-43-51,,,,,False,False
INT_GENDER_X_RATE,GEE_NB_Indep,INT_GENDER_X_RATE_GEE_NB_Indep,PL,PL_int_gender_x_rate,False,gender_x_rate,Speaker_gender[T.M],1.1304,0.8324,1.535,0.4325,117305,342,1.220858,,fp_count ~ Speaker_gender + I((Speaker_age_at_session - 51.186846) / 10) + scale(speech_rate_syll) + Sentiment_label_float + Party_status + Party_orientation_float + Speaker_gender : scale(speech_rate_syll),syll,Speaker_ID,2026-06-19_15-43-51,,,,,False,False
INT_GENDER_X_RATE,GEE_NB_Indep,INT_GENDER_X_RATE_GEE_NB_Indep,PL,PL_int_gender_x_rate,False,gender_x_rate,I((Speaker_age_at_session - 51.186846) / 10),0.9201,0.8444,1.0025,0.0572,117305,342,1.220858,,fp_count ~ Speaker_gender + I((Speaker_age_at_session - 51.186846) / 10) + scale(speech_rate_syll) + Sentiment_label_float + Party_status + Party_orientation_float + Speaker_gender : scale(speech_rate_syll),syll,Speaker_ID,2026-06-19_15-43-51,,,,,False,False
INT_GENDER_X_RATE,GEE_NB_Indep,INT_GENDER_X_RATE_GEE_NB_Indep,PL,PL_int_gender_x_rate,False,gender_x_rate,scale(speech_rate_syll),0.6033,0.5482,0.6639,0.0,117305,342,1.220858,,fp_count ~ Speaker_gender + I((Speaker_age_at_session - 51.186846) / 10) + scale(speech_rate_syll) + Sentiment_label_float + Party_status + Party_orientation_float + Speaker_gender : scale(speech_rate_syll),syll,Speaker_ID,2026-06-19_15-43-51,,,,,False,False
INT_GENDER_X_RATE,GEE_NB_Indep,INT_GENDER_X_RATE_GEE_NB_Indep,PL,PL_int_gender_x_rate,False,gender_x_rate,Speaker_gender[T.M]:scale(speech_rate_syll),0.9871,0.8828,1.1036,0.8192,117305,342,1.220858,,fp_count ~ Speaker_gender + I((Speaker_age_at_session - 51.186846) / 10) + scale(speech_rate_syll) + Sentiment_label_float + Party_status + Party_orientation_float + Speaker_gender : scale(speech_rate_syll),syll,Speaker_ID,2026-06-19_15-43-51,,,,,False,False
INT_GENDER_X_RATE,GEE_NB_Indep,INT_GENDER_X_RATE_GEE_NB_Indep,PL,PL_int_gender_x_rate,False,gender_x_rate,Sentiment_label_float,1.0295,1.0153,1.0439,0.0,117305,342,1.220858,,fp_count ~ Speaker_gender + I((Speaker_age_at_session - 51.186846) / 10) + scale(speech_rate_syll) + Sentiment_label_float + Party_status + Party_orientation_float + Speaker_gender : scale(speech_rate_syll),syll,Speaker_ID,2026-06-19_15-43-51,,,,,False,False
INT_GENDER_X_RATE,GEE_NB_Indep,INT_GENDER_X_RATE_GEE_NB_Indep,PL,PL_int_gender_x_rate,False,gender_x_rate,Party_status,0.8941,0.6829,1.1706,0.4155,117305,342,1.220858,,fp_count ~ Speaker_gender + I((Speaker_age_at_session - 51.186846) / 10) + scale(speech_rate_syll) + Sentiment_label_float + Party_status + Party_orientation_float + Speaker_gender : scale(speech_rate_syll),syll,Speaker_ID,2026-06-19_15-43-51,,,,,False,False
INT_GENDER_X_RATE,GEE_NB_Indep,INT_GENDER_X_RATE_GEE_NB_Indep,PL,PL_int_gender_x_rate,False,gender_x_rate,Party_orientation_float,1.0564,0.9369,1.191,0.3704,117305,342,1.220858,,fp_count ~ Speaker_gender + I((Speaker_age_at_session - 51.186846) / 10) + scale(speech_rate_syll) + Sentiment_label_float + Party_status + Party_orientation_float + Speaker_gender : scale(speech_rate_syll),syll,Speaker_ID,2026-06-19_15-43-51,,,,,False,False
INT_GENDER_X_RATE,GLM_NB_Cluster,INT_GENDER_X_RATE_GLM_NB_Cluster,PL,PL_int_gender_x_rate,False,gender_x_rate,Intercept,0.0467,0.0345,0.0634,0.0,117305,342,1.220858,,fp_count ~ Speaker_gender + I((Speaker_age_at_session - 51.186846) / 10) + scale(speech_rate_syll) + Sentiment_label_float + Party_status + Party_orientation_float + Speaker_gender : scale(speech_rate_syll),syll,Speaker_ID,2026-06-19_15-43-51,,,,,False,False
INT_GENDER_X_RATE,GLM_NB_Cluster,INT_GENDER_X_RATE_GLM_NB_Cluster,PL,PL_int_gender_x_rate,False,gender_x_rate,Speaker_gender[T.M],1.1304,0.8351,1.5301,0.4276,117305,342,1.220858,,fp_count ~ Speaker_gender + I((Speaker_age_at_session - 51.186846) / 10) + scale(speech_rate_syll) + Sentiment_label_float + Party_status + Party_orientation_float + Speaker_gender : scale(speech_rate_syll),syll,Speaker_ID,2026-06-19_15-43-51,,,,,False,False
INT_GENDER_X_RATE,GLM_NB_Cluster,INT_GENDER_X_RATE_GLM_NB_Cluster,PL,PL_int_gender_x_rate,False,gender_x_rate,I((Speaker_age_at_session - 51.186846) / 10),0.9201,0.8449,1.0019,0.0554,117305,342,1.220858,,fp_count ~ Speaker_gender + I((Speaker_age_at_session - 51.186846) / 10) + scale(speech_rate_syll) + Sentiment_label_float + Party_status + Party_orientation_float + Speaker_gender : scale(speech_rate_syll),syll,Speaker_ID,2026-06-19_15-43-51,,,,,False,False
INT_GENDER_X_RATE,GLM_NB_Cluster,INT_GENDER_X_RATE_GLM_NB_Cluster,PL,PL_int_gender_x_rate,False,gender_x_rate,scale(speech_rate_syll),0.6033,0.5451,0.6676,0.0,117305,342,1.220858,,fp_count ~ Speaker_gender + I((Speaker_age_at_session - 51.186846) / 10) + scale(speech_rate_syll) + Sentiment_label_float + Party_status + Party_orientation_float + Speaker_gender : scale(speech_rate_syll),syll,Speaker_ID,2026-06-19_15-43-51,,,,,False,False
INT_GENDER_X_RATE,GLM_NB_Cluster,INT_GENDER_X_RATE_GLM_NB_Cluster,PL,PL_int_gender_x_rate,False,gender_x_rate,Speaker_gender[T.M]:scale(speech_rate_syll),0.9871,0.876,1.1122,0.8307,117305,342,1.220858,,fp_count ~ Speaker_gender + I((Speaker_age_at_session - 51.186846) / 10) + scale(speech_rate_syll) + Sentiment_label_float + Party_status + Party_orientation_float + Speaker_gender : scale(speech_rate_syll),syll,Speaker_ID,2026-06-19_15-43-51,,,,,False,False
INT_GENDER_X_RATE,GLM_NB_Cluster,INT_GENDER_X_RATE_GLM_NB_Cluster,PL,PL_int_gender_x_rate,False,gender_x_rate,Sentiment_label_float,1.0295,1.0152,1.0439,0.0,117305,342,1.220858,,fp_count ~ Speaker_gender + I((Speaker_age_at_session - 51.186846) / 10) + scale(speech_rate_syll) + Sentiment_label_float + Party_status + Party_orientation_float + Speaker_gender : scale(speech_rate_syll),syll,Speaker_ID,2026-06-19_15-43-51,,,,,False,False
INT_GENDER_X_RATE,GLM_NB_Cluster,INT_GENDER_X_RATE_GLM_NB_Cluster,PL,PL_int_gender_x_rate,False,gender_x_rate,Party_status,0.8941,0.6801,1.1754,0.4226,117305,342,1.220858,,fp_count ~ Speaker_gender + I((Speaker_age_at_session - 51.186846) / 10) + scale(speech_rate_syll) + Sentiment_label_float + Party_status + Party_orientation_float + Speaker_gender : scale(speech_rate_syll),syll,Speaker_ID,2026-06-19_15-43-51,,,,,False,False
INT_GENDER_X_RATE,GLM_NB_Cluster,INT_GENDER_X_RATE_GLM_NB_Cluster,PL,PL_int_gender_x_rate,False,gender_x_rate,Party_orientation_float,1.0564,0.936,1.1922,0.3743,117305,342,1.220858,,fp_count ~ Speaker_gender + I((Speaker_age_at_session - 51.186846) / 10) + scale(speech_rate_syll) + Sentiment_label_float + Party_status + Party_orientation_float + Speaker_gender : scale(speech_rate_syll),syll,Speaker_ID,2026-06-19_15-43-51,,,,,False,False
INT_GENDER_X_RATE,GLM_NB,INT_GENDER_X_RATE_GLM_NB,PL,PL_int_gender_x_rate,False,gender_x_rate,Intercept,0.0467,0.0454,0.0481,0.0,117305,342,1.220858,,fp_count ~ Speaker_gender + I((Speaker_age_at_session - 51.186846) / 10) + scale(speech_rate_syll) + Sentiment_label_float + Party_status + Party_orientation_float + Speaker_gender : scale(speech_rate_syll),syll,Speaker_ID,2026-06-19_15-43-51,,,,,False,False
INT_GENDER_X_RATE,GLM_NB,INT_GENDER_X_RATE_GLM_NB,PL,PL_int_gender_x_rate,False,gender_x_rate,Speaker_gender[T.M],1.1304,1.1014,1.1601,0.0,117305,342,1.220858,,fp_count ~ Speaker_gender + I((Speaker_age_at_session - 51.186846) / 10) + scale(speech_rate_syll) + Sentiment_label_float + Party_status + Party_orientation_float + Speaker_gender : scale(speech_rate_syll),syll,Speaker_ID,2026-06-19_15-43-51,,,,,False,False
INT_GENDER_X_RATE,GLM_NB,INT_GENDER_X_RATE_GLM_NB,PL,PL_int_gender_x_rate,False,gender_x_rate,I((Speaker_age_at_session - 51.186846) / 10),0.9201,0.9113,0.929,0.0,117305,342,1.220858,,fp_count ~ Speaker_gender + I((Speaker_age_at_session - 51.186846) / 10) + scale(speech_rate_syll) + Sentiment_label_float + Party_status + Party_orientation_float + Speaker_gender : scale(speech_rate_syll),syll,Speaker_ID,2026-06-19_15-43-51,,,,,False,False
INT_GENDER_X_RATE,GLM_NB,INT_GENDER_X_RATE_GLM_NB,PL,PL_int_gender_x_rate,False,gender_x_rate,scale(speech_rate_syll),0.6033,0.5888,0.6181,0.0,117305,342,1.220858,,fp_count ~ Speaker_gender + I((Speaker_age_at_session - 51.186846) / 10) + scale(speech_rate_syll) + Sentiment_label_float + Party_status + Party_orientation_float + Speaker_gender : scale(speech_rate_syll),syll,Speaker_ID,2026-06-19_15-43-51,,,,,False,False
INT_GENDER_X_RATE,GLM_NB,INT_GENDER_X_RATE_GLM_NB,PL,PL_int_gender_x_rate,False,gender_x_rate,Speaker_gender[T.M]:scale(speech_rate_syll),0.9871,0.9607,1.0141,0.3453,117305,342,1.220858,,fp_count ~ Speaker_gender + I((Speaker_age_at_session - 51.186846) / 10) + scale(speech_rate_syll) + Sentiment_label_float + Party_status + Party_orientation_float + Speaker_gender : scale(speech_rate_syll),syll,Speaker_ID,2026-06-19_15-43-51,,,,,False,False
INT_GENDER_X_RATE,GLM_NB,INT_GENDER_X_RATE_GLM_NB,PL,PL_int_gender_x_rate,False,gender_x_rate,Sentiment_label_float,1.0295,1.0236,1.0354,0.0,117305,342,1.220858,,fp_count ~ Speaker_gender + I((Speaker_age_at_session - 51.186846) / 10) + scale(speech_rate_syll) + Sentiment_label_float + Party_status + Party_orientation_float + Speaker_gender : scale(speech_rate_syll),syll,Speaker_ID,2026-06-19_15-43-51,,,,,False,False
INT_GENDER_X_RATE,GLM_NB,INT_GENDER_X_RATE_GLM_NB,PL,PL_int_gender_x_rate,False,gender_x_rate,Party_status,0.8941,0.8691,0.9198,0.0,117305,342,1.220858,,fp_count ~ Speaker_gender + I((Speaker_age_at_session - 51.186846) / 10) + scale(speech_rate_syll) + Sentiment_label_float + Party_status + Party_orientation_float + Speaker_gender : scale(speech_rate_syll),syll,Speaker_ID,2026-06-19_15-43-51,,,,,False,False
INT_GENDER_X_RATE,GLM_NB,INT_GENDER_X_RATE_GLM_NB,PL,PL_int_gender_x_rate,False,gender_x_rate,Party_orientation_float,1.0564,1.0462,1.0666,0.0,117305,342,1.220858,,fp_count ~ Speaker_gender + I((Speaker_age_at_session - 51.186846) / 10) + scale(speech_rate_syll) + Sentiment_label_float + Party_status + Party_orientation_float + Speaker_gender : scale(speech_rate_syll),syll,Speaker_ID,2026-06-19_15-43-51,,,,,False,False
INT_AGE_X_POWER,GEE_NB_Exch,INT_AGE_X_POWER_GEE_NB_Exch,global,global_int_age_x_power,False,age_x_power,Intercept,0.0881,0.0754,0.1029,0.0,1001787,1561,1.566561,0.0695,fp_count ~ Speaker_gender + I((Speaker_age_at_session - 49.656757) / 10) + scale(speech_rate_syll) + Sentiment_label_float + Party_status + Party_orientation_float + C(Lang) + I((Speaker_age_at_session - 49.656757) / 10) : Party_status,syll,Speaker_ID,2026-06-19_15-43-51,,,,,False,False
INT_AGE_X_POWER,GEE_NB_Exch,INT_AGE_X_POWER_GEE_NB_Exch,global,global_int_age_x_power,False,age_x_power,Speaker_gender[T.M],0.5552,0.4748,0.6491,0.0,1001787,1561,1.566561,0.0695,fp_count ~ Speaker_gender + I((Speaker_age_at_session - 49.656757) / 10) + scale(speech_rate_syll) + Sentiment_label_float + Party_status + Party_orientation_float + C(Lang) + I((Speaker_age_at_session - 49.656757) / 10) : Party_status,syll,Speaker_ID,2026-06-19_15-43-51,,,,,False,False
INT_AGE_X_POWER,GEE_NB_Exch,INT_AGE_X_POWER_GEE_NB_Exch,global,global_int_age_x_power,False,age_x_power,C(Lang)[T.HR],0.371,0.3109,0.4428,0.0,1001787,1561,1.566561,0.0695,fp_count ~ Speaker_gender + I((Speaker_age_at_session - 49.656757) / 10) + scale(speech_rate_syll) + Sentiment_label_float + Party_status + Party_orientation_float + C(Lang) + I((Speaker_age_at_session - 49.656757) / 10) : Party_status,syll,Speaker_ID,2026-06-19_15-43-51,,,,,False,False
INT_AGE_X_POWER,GEE_NB_Exch,INT_AGE_X_POWER_GEE_NB_Exch,global,global_int_age_x_power,False,age_x_power,C(Lang)[T.PL],1.2634,1.0909,1.4633,0.0018,1001787,1561,1.566561,0.0695,fp_count ~ Speaker_gender + I((Speaker_age_at_session - 49.656757) / 10) + scale(speech_rate_syll) + Sentiment_label_float + Party_status + Party_orientation_float + C(Lang) + I((Speaker_age_at_session - 49.656757) / 10) : Party_status,syll,Speaker_ID,2026-06-19_15-43-51,,,,,False,False
INT_AGE_X_POWER,GEE_NB_Exch,INT_AGE_X_POWER_GEE_NB_Exch,global,global_int_age_x_power,False,age_x_power,C(Lang)[T.RS],0.3255,0.2774,0.382,0.0,1001787,1561,1.566561,0.0695,fp_count ~ Speaker_gender + I((Speaker_age_at_session - 49.656757) / 10) + scale(speech_rate_syll) + Sentiment_label_float + Party_status + Party_orientation_float + C(Lang) + I((Speaker_age_at_session - 49.656757) / 10) : Party_status,syll,Speaker_ID,2026-06-19_15-43-51,,,,,False,False
INT_AGE_X_POWER,GEE_NB_Exch,INT_AGE_X_POWER_GEE_NB_Exch,global,global_int_age_x_power,False,age_x_power,I((Speaker_age_at_session - 49.656757) / 10),0.8251,0.7725,0.8814,0.0,1001787,1561,1.566561,0.0695,fp_count ~ Speaker_gender + I((Speaker_age_at_session - 49.656757) / 10) + scale(speech_rate_syll) + Sentiment_label_float + Party_status + Party_orientation_float + C(Lang) + I((Speaker_age_at_session - 49.656757) / 10) : Party_status,syll,Speaker_ID,2026-06-19_15-43-51,,,,,False,False
INT_AGE_X_POWER,GEE_NB_Exch,INT_AGE_X_POWER_GEE_NB_Exch,global,global_int_age_x_power,False,age_x_power,scale(speech_rate_syll),0.6289,0.6168,0.6413,0.0,1001787,1561,1.566561,0.0695,fp_count ~ Speaker_gender + I((Speaker_age_at_session - 49.656757) / 10) + scale(speech_rate_syll) + Sentiment_label_float + Party_status + Party_orientation_float + C(Lang) + I((Speaker_age_at_session - 49.656757) / 10) : Party_status,syll,Speaker_ID,2026-06-19_15-43-51,,,,,False,False
INT_AGE_X_POWER,GEE_NB_Exch,INT_AGE_X_POWER_GEE_NB_Exch,global,global_int_age_x_power,False,age_x_power,Sentiment_label_float,1.0496,1.0439,1.0553,0.0,1001787,1561,1.566561,0.0695,fp_count ~ Speaker_gender + I((Speaker_age_at_session - 49.656757) / 10) + scale(speech_rate_syll) + Sentiment_label_float + Party_status + Party_orientation_float + C(Lang) + I((Speaker_age_at_session - 49.656757) / 10) : Party_status,syll,Speaker_ID,2026-06-19_15-43-51,,,,,False,False
INT_AGE_X_POWER,GEE_NB_Exch,INT_AGE_X_POWER_GEE_NB_Exch,global,global_int_age_x_power,False,age_x_power,Party_status,0.9619,0.8811,1.05,0.3851,1001787,1561,1.566561,0.0695,fp_count ~ Speaker_gender + I((Speaker_age_at_session - 49.656757) / 10) + scale(speech_rate_syll) + Sentiment_label_float + Party_status + Party_orientation_float + C(Lang) + I((Speaker_age_at_session - 49.656757) / 10) : Party_status,syll,Speaker_ID,2026-06-19_15-43-51,,,,,False,False
INT_AGE_X_POWER,GEE_NB_Exch,INT_AGE_X_POWER_GEE_NB_Exch,global,global_int_age_x_power,False,age_x_power,Party_orientation_float,0.9795,0.9318,1.0296,0.4162,1001787,1561,1.566561,0.0695,fp_count ~ Speaker_gender + I((Speaker_age_at_session - 49.656757) / 10) + scale(speech_rate_syll) + Sentiment_label_float + Party_status + Party_orientation_float + C(Lang) + I((Speaker_age_at_session - 49.656757) / 10) : Party_status,syll,Speaker_ID,2026-06-19_15-43-51,,,,,False,False
INT_AGE_X_POWER,GEE_NB_Exch,INT_AGE_X_POWER_GEE_NB_Exch,global,global_int_age_x_power,False,age_x_power,I((Speaker_age_at_session - 49.656757) / 10):Party_status,0.9467,0.8752,1.024,0.1713,1001787,1561,1.566561,0.0695,fp_count ~ Speaker_gender + I((Speaker_age_at_session - 49.656757) / 10) + scale(speech_rate_syll) + Sentiment_label_float + Party_status + Party_orientation_float + C(Lang) + I((Speaker_age_at_session - 49.656757) / 10) : Party_status,syll,Speaker_ID,2026-06-19_15-43-51,,,,,False,False
INT_AGE_X_POWER,GEE_NB_Indep,INT_AGE_X_POWER_GEE_NB_Indep,global,global_int_age_x_power,False,age_x_power,Intercept,0.073,0.0614,0.0868,0.0,1001787,1561,1.566561,,fp_count ~ Speaker_gender + I((Speaker_age_at_session - 49.656757) / 10) + scale(speech_rate_syll) + Sentiment_label_float + Party_status + Party_orientation_float + C(Lang) + I((Speaker_age_at_session - 49.656757) / 10) : Party_status,syll,Speaker_ID,2026-06-19_15-43-51,,,,,False,False
INT_AGE_X_POWER,GEE_NB_Indep,INT_AGE_X_POWER_GEE_NB_Indep,global,global_int_age_x_power,False,age_x_power,Speaker_gender[T.M],0.635,0.5611,0.7186,0.0,1001787,1561,1.566561,,fp_count ~ Speaker_gender + I((Speaker_age_at_session - 49.656757) / 10) + scale(speech_rate_syll) + Sentiment_label_float + Party_status + Party_orientation_float + C(Lang) + I((Speaker_age_at_session - 49.656757) / 10) : Party_status,syll,Speaker_ID,2026-06-19_15-43-51,,,,,False,False
INT_AGE_X_POWER,GEE_NB_Indep,INT_AGE_X_POWER_GEE_NB_Indep,global,global_int_age_x_power,False,age_x_power,C(Lang)[T.HR],0.5492,0.4642,0.6498,0.0,1001787,1561,1.566561,,fp_count ~ Speaker_gender + I((Speaker_age_at_session - 49.656757) / 10) + scale(speech_rate_syll) + Sentiment_label_float + Party_status + Party_orientation_float + C(Lang) + I((Speaker_age_at_session - 49.656757) / 10) : Party_status,syll,Speaker_ID,2026-06-19_15-43-51,,,,,False,False
INT_AGE_X_POWER,GEE_NB_Indep,INT_AGE_X_POWER_GEE_NB_Indep,global,global_int_age_x_power,False,age_x_power,C(Lang)[T.PL],1.2061,0.9945,1.4626,0.0569,1001787,1561,1.566561,,fp_count ~ Speaker_gender + I((Speaker_age_at_session - 49.656757) / 10) + scale(speech_rate_syll) + Sentiment_label_float + Party_status + Party_orientation_float + C(Lang) + I((Speaker_age_at_session - 49.656757) / 10) : Party_status,syll,Speaker_ID,2026-06-19_15-43-51,,,,,False,False
INT_AGE_X_POWER,GEE_NB_Indep,INT_AGE_X_POWER_GEE_NB_Indep,global,global_int_age_x_power,False,age_x_power,C(Lang)[T.RS],0.3756,0.3104,0.4545,0.0,1001787,1561,1.566561,,fp_count ~ Speaker_gender + I((Speaker_age_at_session - 49.656757) / 10) + scale(speech_rate_syll) + Sentiment_label_float + Party_status + Party_orientation_float + C(Lang) + I((Speaker_age_at_session - 49.656757) / 10) : Party_status,syll,Speaker_ID,2026-06-19_15-43-51,,,,,False,False
INT_AGE_X_POWER,GEE_NB_Indep,INT_AGE_X_POWER_GEE_NB_Indep,global,global_int_age_x_power,False,age_x_power,I((Speaker_age_at_session - 49.656757) / 10),0.8559,0.8013,0.9144,0.0,1001787,1561,1.566561,,fp_count ~ Speaker_gender + I((Speaker_age_at_session - 49.656757) / 10) + scale(speech_rate_syll) + Sentiment_label_float + Party_status + Party_orientation_float + C(Lang) + I((Speaker_age_at_session - 49.656757) / 10) : Party_status,syll,Speaker_ID,2026-06-19_15-43-51,,,,,False,False
INT_AGE_X_POWER,GEE_NB_Indep,INT_AGE_X_POWER_GEE_NB_Indep,global,global_int_age_x_power,False,age_x_power,scale(speech_rate_syll),0.6435,0.6248,0.6629,0.0,1001787,1561,1.566561,,fp_count ~ Speaker_gender + I((Speaker_age_at_session - 49.656757) / 10) + scale(speech_rate_syll) + Sentiment_label_float + Party_status + Party_orientation_float + C(Lang) + I((Speaker_age_at_session - 49.656757) / 10) : Party_status,syll,Speaker_ID,2026-06-19_15-43-51,,,,,False,False
INT_AGE_X_POWER,GEE_NB_Indep,INT_AGE_X_POWER_GEE_NB_Indep,global,global_int_age_x_power,False,age_x_power,Sentiment_label_float,1.0607,1.0495,1.072,0.0,1001787,1561,1.566561,,fp_count ~ Speaker_gender + I((Speaker_age_at_session - 49.656757) / 10) + scale(speech_rate_syll) + Sentiment_label_float + Party_status + Party_orientation_float + C(Lang) + I((Speaker_age_at_session - 49.656757) / 10) : Party_status,syll,Speaker_ID,2026-06-19_15-43-51,,,,,False,False
INT_AGE_X_POWER,GEE_NB_Indep,INT_AGE_X_POWER_GEE_NB_Indep,global,global_int_age_x_power,False,age_x_power,Party_status,0.7915,0.6942,0.9024,0.0005,1001787,1561,1.566561,,fp_count ~ Speaker_gender + I((Speaker_age_at_session - 49.656757) / 10) + scale(speech_rate_syll) + Sentiment_label_float + Party_status + Party_orientation_float + C(Lang) + I((Speaker_age_at_session - 49.656757) / 10) : Party_status,syll,Speaker_ID,2026-06-19_15-43-51,,,,,False,False
INT_AGE_X_POWER,GEE_NB_Indep,INT_AGE_X_POWER_GEE_NB_Indep,global,global_int_age_x_power,False,age_x_power,Party_orientation_float,1.0256,0.9809,1.0724,0.2657,1001787,1561,1.566561,,fp_count ~ Speaker_gender + I((Speaker_age_at_session - 49.656757) / 10) + scale(speech_rate_syll) + Sentiment_label_float + Party_status + Party_orientation_float + C(Lang) + I((Speaker_age_at_session - 49.656757) / 10) : Party_status,syll,Speaker_ID,2026-06-19_15-43-51,,,,,False,False
INT_AGE_X_POWER,GEE_NB_Indep,INT_AGE_X_POWER_GEE_NB_Indep,global,global_int_age_x_power,False,age_x_power,I((Speaker_age_at_session - 49.656757) / 10):Party_status,0.9393,0.8301,1.0629,0.3205,1001787,1561,1.566561,,fp_count ~ Speaker_gender + I((Speaker_age_at_session - 49.656757) / 10) + scale(speech_rate_syll) + Sentiment_label_float + Party_status + Party_orientation_float + C(Lang) + I((Speaker_age_at_session - 49.656757) / 10) : Party_status,syll,Speaker_ID,2026-06-19_15-43-51,,,,,False,False
INT_AGE_X_POWER,GLM_NB_Cluster,INT_AGE_X_POWER_GLM_NB_Cluster,global,global_int_age_x_power,False,age_x_power,Intercept,0.073,0.0609,0.0875,0.0,1001787,1561,1.566561,,fp_count ~ Speaker_gender + I((Speaker_age_at_session - 49.656757) / 10) + scale(speech_rate_syll) + Sentiment_label_float + Party_status + Party_orientation_float + C(Lang) + I((Speaker_age_at_session - 49.656757) / 10) : Party_status,syll,Speaker_ID,2026-06-19_15-43-51,,,,,False,False
INT_AGE_X_POWER,GLM_NB_Cluster,INT_AGE_X_POWER_GLM_NB_Cluster,global,global_int_age_x_power,False,age_x_power,Speaker_gender[T.M],0.635,0.5592,0.721,0.0,1001787,1561,1.566561,,fp_count ~ Speaker_gender + I((Speaker_age_at_session - 49.656757) / 10) + scale(speech_rate_syll) + Sentiment_label_float + Party_status + Party_orientation_float + C(Lang) + I((Speaker_age_at_session - 49.656757) / 10) : Party_status,syll,Speaker_ID,2026-06-19_15-43-51,,,,,False,False
INT_AGE_X_POWER,GLM_NB_Cluster,INT_AGE_X_POWER_GLM_NB_Cluster,global,global_int_age_x_power,False,age_x_power,C(Lang)[T.HR],0.5492,0.4623,0.6524,0.0,1001787,1561,1.566561,,fp_count ~ Speaker_gender + I((Speaker_age_at_session - 49.656757) / 10) + scale(speech_rate_syll) + Sentiment_label_float + Party_status + Party_orientation_float + C(Lang) + I((Speaker_age_at_session - 49.656757) / 10) : Party_status,syll,Speaker_ID,2026-06-19_15-43-51,,,,,False,False
INT_AGE_X_POWER,GLM_NB_Cluster,INT_AGE_X_POWER_GLM_NB_Cluster,global,global_int_age_x_power,False,age_x_power,C(Lang)[T.PL],1.2061,0.9955,1.4611,0.0556,1001787,1561,1.566561,,fp_count ~ Speaker_gender + I((Speaker_age_at_session - 49.656757) / 10) + scale(speech_rate_syll) + Sentiment_label_float + Party_status + Party_orientation_float + C(Lang) + I((Speaker_age_at_session - 49.656757) / 10) : Party_status,syll,Speaker_ID,2026-06-19_15-43-51,,,,,False,False
INT_AGE_X_POWER,GLM_NB_Cluster,INT_AGE_X_POWER_GLM_NB_Cluster,global,global_int_age_x_power,False,age_x_power,C(Lang)[T.RS],0.3756,0.3103,0.4547,0.0,1001787,1561,1.566561,,fp_count ~ Speaker_gender + I((Speaker_age_at_session - 49.656757) / 10) + scale(speech_rate_syll) + Sentiment_label_float + Party_status + Party_orientation_float + C(Lang) + I((Speaker_age_at_session - 49.656757) / 10) : Party_status,syll,Speaker_ID,2026-06-19_15-43-51,,,,,False,False
INT_AGE_X_POWER,GLM_NB_Cluster,INT_AGE_X_POWER_GLM_NB_Cluster,global,global_int_age_x_power,False,age_x_power,I((Speaker_age_at_session - 49.656757) / 10),0.8559,0.801,0.9147,0.0,1001787,1561,1.566561,,fp_count ~ Speaker_gender + I((Speaker_age_at_session - 49.656757) / 10) + scale(speech_rate_syll) + Sentiment_label_float + Party_status + Party_orientation_float + C(Lang) + I((Speaker_age_at_session - 49.656757) / 10) : Party_status,syll,Speaker_ID,2026-06-19_15-43-51,,,,,False,False
INT_AGE_X_POWER,GLM_NB_Cluster,INT_AGE_X_POWER_GLM_NB_Cluster,global,global_int_age_x_power,False,age_x_power,scale(speech_rate_syll),0.6435,0.6235,0.6642,0.0,1001787,1561,1.566561,,fp_count ~ Speaker_gender + I((Speaker_age_at_session - 49.656757) / 10) + scale(speech_rate_syll) + Sentiment_label_float + Party_status + Party_orientation_float + C(Lang) + I((Speaker_age_at_session - 49.656757) / 10) : Party_status,syll,Speaker_ID,2026-06-19_15-43-51,,,,,False,False
INT_AGE_X_POWER,GLM_NB_Cluster,INT_AGE_X_POWER_GLM_NB_Cluster,global,global_int_age_x_power,False,age_x_power,Sentiment_label_float,1.0607,1.0493,1.0722,0.0,1001787,1561,1.566561,,fp_count ~ Speaker_gender + I((Speaker_age_at_session - 49.656757) / 10) + scale(speech_rate_syll) + Sentiment_label_float + Party_status + Party_orientation_float + C(Lang) + I((Speaker_age_at_session - 49.656757) / 10) : Party_status,syll,Speaker_ID,2026-06-19_15-43-51,,,,,False,False
INT_AGE_X_POWER,GLM_NB_Cluster,INT_AGE_X_POWER_GLM_NB_Cluster,global,global_int_age_x_power,False,age_x_power,Party_status,0.7915,0.6935,0.9033,0.0005,1001787,1561,1.566561,,fp_count ~ Speaker_gender + I((Speaker_age_at_session - 49.656757) / 10) + scale(speech_rate_syll) + Sentiment_label_float + Party_status + Party_orientation_float + C(Lang) + I((Speaker_age_at_session - 49.656757) / 10) : Party_status,syll,Speaker_ID,2026-06-19_15-43-51,,,,,False,False
INT_AGE_X_POWER,GLM_NB_Cluster,INT_AGE_X_POWER_GLM_NB_Cluster,global,global_int_age_x_power,False,age_x_power,Party_orientation_float,1.0256,0.9792,1.0743,0.2842,1001787,1561,1.566561,,fp_count ~ Speaker_gender + I((Speaker_age_at_session - 49.656757) / 10) + scale(speech_rate_syll) + Sentiment_label_float + Party_status + Party_orientation_float + C(Lang) + I((Speaker_age_at_session - 49.656757) / 10) : Party_status,syll,Speaker_ID,2026-06-19_15-43-51,,,,,False,False
INT_AGE_X_POWER,GLM_NB_Cluster,INT_AGE_X_POWER_GLM_NB_Cluster,global,global_int_age_x_power,False,age_x_power,I((Speaker_age_at_session - 49.656757) / 10):Party_status,0.9393,0.8316,1.0609,0.3133,1001787,1561,1.566561,,fp_count ~ Speaker_gender + I((Speaker_age_at_session - 49.656757) / 10) + scale(speech_rate_syll) + Sentiment_label_float + Party_status + Party_orientation_float + C(Lang) + I((Speaker_age_at_session - 49.656757) / 10) : Party_status,syll,Speaker_ID,2026-06-19_15-43-51,,,,,False,False
INT_AGE_X_POWER,GLM_NB,INT_AGE_X_POWER_GLM_NB,global,global_int_age_x_power,False,age_x_power,Intercept,0.073,0.0721,0.0739,0.0,1001787,1561,1.566561,,fp_count ~ Speaker_gender + I((Speaker_age_at_session - 49.656757) / 10) + scale(speech_rate_syll) + Sentiment_label_float + Party_status + Party_orientation_float + C(Lang) + I((Speaker_age_at_session - 49.656757) / 10) : Party_status,syll,Speaker_ID,2026-06-19_15-43-51,,,,,False,False
INT_AGE_X_POWER,GLM_NB,INT_AGE_X_POWER_GLM_NB,global,global_int_age_x_power,False,age_x_power,Speaker_gender[T.M],0.635,0.6294,0.6406,0.0,1001787,1561,1.566561,,fp_count ~ Speaker_gender + I((Speaker_age_at_session - 49.656757) / 10) + scale(speech_rate_syll) + Sentiment_label_float + Party_status + Party_orientation_float + C(Lang) + I((Speaker_age_at_session - 49.656757) / 10) : Party_status,syll,Speaker_ID,2026-06-19_15-43-51,,,,,False,False
INT_AGE_X_POWER,GLM_NB,INT_AGE_X_POWER_GLM_NB,global,global_int_age_x_power,False,age_x_power,C(Lang)[T.HR],0.5492,0.5432,0.5553,0.0,1001787,1561,1.566561,,fp_count ~ Speaker_gender + I((Speaker_age_at_session - 49.656757) / 10) + scale(speech_rate_syll) + Sentiment_label_float + Party_status + Party_orientation_float + C(Lang) + I((Speaker_age_at_session - 49.656757) / 10) : Party_status,syll,Speaker_ID,2026-06-19_15-43-51,,,,,False,False
INT_AGE_X_POWER,GLM_NB,INT_AGE_X_POWER_GLM_NB,global,global_int_age_x_power,False,age_x_power,C(Lang)[T.PL],1.2061,1.1894,1.2229,0.0,1001787,1561,1.566561,,fp_count ~ Speaker_gender + I((Speaker_age_at_session - 49.656757) / 10) + scale(speech_rate_syll) + Sentiment_label_float + Party_status + Party_orientation_float + C(Lang) + I((Speaker_age_at_session - 49.656757) / 10) : Party_status,syll,Speaker_ID,2026-06-19_15-43-51,,,,,False,False
INT_AGE_X_POWER,GLM_NB,INT_AGE_X_POWER_GLM_NB,global,global_int_age_x_power,False,age_x_power,C(Lang)[T.RS],0.3756,0.3702,0.3811,0.0,1001787,1561,1.566561,,fp_count ~ Speaker_gender + I((Speaker_age_at_session - 49.656757) / 10) + scale(speech_rate_syll) + Sentiment_label_float + Party_status + Party_orientation_float + C(Lang) + I((Speaker_age_at_session - 49.656757) / 10) : Party_status,syll,Speaker_ID,2026-06-19_15-43-51,,,,,False,False
INT_AGE_X_POWER,GLM_NB,INT_AGE_X_POWER_GLM_NB,global,global_int_age_x_power,False,age_x_power,I((Speaker_age_at_session - 49.656757) / 10),0.8559,0.8514,0.8605,0.0,1001787,1561,1.566561,,fp_count ~ Speaker_gender + I((Speaker_age_at_session - 49.656757) / 10) + scale(speech_rate_syll) + Sentiment_label_float + Party_status + Party_orientation_float + C(Lang) + I((Speaker_age_at_session - 49.656757) / 10) : Party_status,syll,Speaker_ID,2026-06-19_15-43-51,,,,,False,False
INT_AGE_X_POWER,GLM_NB,INT_AGE_X_POWER_GLM_NB,global,global_int_age_x_power,False,age_x_power,scale(speech_rate_syll),0.6435,0.6406,0.6465,0.0,1001787,1561,1.566561,,fp_count ~ Speaker_gender + I((Speaker_age_at_session - 49.656757) / 10) + scale(speech_rate_syll) + Sentiment_label_float + Party_status + Party_orientation_float + C(Lang) + I((Speaker_age_at_session - 49.656757) / 10) : Party_status,syll,Speaker_ID,2026-06-19_15-43-51,,,,,False,False
INT_AGE_X_POWER,GLM_NB,INT_AGE_X_POWER_GLM_NB,global,global_int_age_x_power,False,age_x_power,Sentiment_label_float,1.0607,1.0584,1.063,0.0,1001787,1561,1.566561,,fp_count ~ Speaker_gender + I((Speaker_age_at_session - 49.656757) / 10) + scale(speech_rate_syll) + Sentiment_label_float + Party_status + Party_orientation_float + C(Lang) + I((Speaker_age_at_session - 49.656757) / 10) : Party_status,syll,Speaker_ID,2026-06-19_15-43-51,,,,,False,False
INT_AGE_X_POWER,GLM_NB,INT_AGE_X_POWER_GLM_NB,global,global_int_age_x_power,False,age_x_power,Party_status,0.7915,0.7838,0.7992,0.0,1001787,1561,1.566561,,fp_count ~ Speaker_gender + I((Speaker_age_at_session - 49.656757) / 10) + scale(speech_rate_syll) + Sentiment_label_float + Party_status + Party_orientation_float + C(Lang) + I((Speaker_age_at_session - 49.656757) / 10) : Party_status,syll,Speaker_ID,2026-06-19_15-43-51,,,,,False,False
INT_AGE_X_POWER,GLM_NB,INT_AGE_X_POWER_GLM_NB,global,global_int_age_x_power,False,age_x_power,Party_orientation_float,1.0256,1.0222,1.0291,0.0,1001787,1561,1.566561,,fp_count ~ Speaker_gender + I((Speaker_age_at_session - 49.656757) / 10) + scale(speech_rate_syll) + Sentiment_label_float + Party_status + Party_orientation_float + C(Lang) + I((Speaker_age_at_session - 49.656757) / 10) : Party_status,syll,Speaker_ID,2026-06-19_15-43-51,,,,,False,False
INT_AGE_X_POWER,GLM_NB,INT_AGE_X_POWER_GLM_NB,global,global_int_age_x_power,False,age_x_power,I((Speaker_age_at_session - 49.656757) / 10):Party_status,0.9393,0.9311,0.9475,0.0,1001787,1561,1.566561,,fp_count ~ Speaker_gender + I((Speaker_age_at_session - 49.656757) / 10) + scale(speech_rate_syll) + Sentiment_label_float + Party_status + Party_orientation_float + C(Lang) + I((Speaker_age_at_session - 49.656757) / 10) : Party_status,syll,Speaker_ID,2026-06-19_15-43-51,,,,,False,False
INT_AGE_X_POWER,GEE_NB_Exch,INT_AGE_X_POWER_GEE_NB_Exch,RS,RS_int_age_x_power,False,age_x_power,Intercept,0.037,0.0324,0.0422,0.0,180361,534,1.863996,0.0899,fp_count ~ Speaker_gender + I((Speaker_age_at_session - 48.047898) / 10) + scale(speech_rate_syll) + Sentiment_label_float + Party_status + Party_orientation_float + I((Speaker_age_at_session - 48.047898) / 10) : Party_status,syll,Speaker_ID,2026-06-19_15-43-51,,,,,False,False
INT_AGE_X_POWER,GEE_NB_Exch,INT_AGE_X_POWER_GEE_NB_Exch,RS,RS_int_age_x_power,False,age_x_power,Speaker_gender[T.M],0.3638,0.2945,0.4493,0.0,180361,534,1.863996,0.0899,fp_count ~ Speaker_gender + I((Speaker_age_at_session - 48.047898) / 10) + scale(speech_rate_syll) + Sentiment_label_float + Party_status + Party_orientation_float + I((Speaker_age_at_session - 48.047898) / 10) : Party_status,syll,Speaker_ID,2026-06-19_15-43-51,,,,,False,False
INT_AGE_X_POWER,GEE_NB_Exch,INT_AGE_X_POWER_GEE_NB_Exch,RS,RS_int_age_x_power,False,age_x_power,I((Speaker_age_at_session - 48.047898) / 10),0.8349,0.7587,0.9187,0.0002,180361,534,1.863996,0.0899,fp_count ~ Speaker_gender + I((Speaker_age_at_session - 48.047898) / 10) + scale(speech_rate_syll) + Sentiment_label_float + Party_status + Party_orientation_float + I((Speaker_age_at_session - 48.047898) / 10) : Party_status,syll,Speaker_ID,2026-06-19_15-43-51,,,,,False,False
INT_AGE_X_POWER,GEE_NB_Exch,INT_AGE_X_POWER_GEE_NB_Exch,RS,RS_int_age_x_power,False,age_x_power,scale(speech_rate_syll),0.6155,0.5901,0.6421,0.0,180361,534,1.863996,0.0899,fp_count ~ Speaker_gender + I((Speaker_age_at_session - 48.047898) / 10) + scale(speech_rate_syll) + Sentiment_label_float + Party_status + Party_orientation_float + I((Speaker_age_at_session - 48.047898) / 10) : Party_status,syll,Speaker_ID,2026-06-19_15-43-51,,,,,False,False
INT_AGE_X_POWER,GEE_NB_Exch,INT_AGE_X_POWER_GEE_NB_Exch,RS,RS_int_age_x_power,False,age_x_power,Sentiment_label_float,1.0546,1.0438,1.0656,0.0,180361,534,1.863996,0.0899,fp_count ~ Speaker_gender + I((Speaker_age_at_session - 48.047898) / 10) + scale(speech_rate_syll) + Sentiment_label_float + Party_status + Party_orientation_float + I((Speaker_age_at_session - 48.047898) / 10) : Party_status,syll,Speaker_ID,2026-06-19_15-43-51,,,,,False,False
INT_AGE_X_POWER,GEE_NB_Exch,INT_AGE_X_POWER_GEE_NB_Exch,RS,RS_int_age_x_power,False,age_x_power,Party_status,1.4689,1.0165,2.1226,0.0406,180361,534,1.863996,0.0899,fp_count ~ Speaker_gender + I((Speaker_age_at_session - 48.047898) / 10) + scale(speech_rate_syll) + Sentiment_label_float + Party_status + Party_orientation_float + I((Speaker_age_at_session - 48.047898) / 10) : Party_status,syll,Speaker_ID,2026-06-19_15-43-51,,,,,False,False
INT_AGE_X_POWER,GEE_NB_Exch,INT_AGE_X_POWER_GEE_NB_Exch,RS,RS_int_age_x_power,False,age_x_power,Party_orientation_float,0.996,0.8865,1.1191,0.9466,180361,534,1.863996,0.0899,fp_count ~ Speaker_gender + I((Speaker_age_at_session - 48.047898) / 10) + scale(speech_rate_syll) + Sentiment_label_float + Party_status + Party_orientation_float + I((Speaker_age_at_session - 48.047898) / 10) : Party_status,syll,Speaker_ID,2026-06-19_15-43-51,,,,,False,False
INT_AGE_X_POWER,GEE_NB_Exch,INT_AGE_X_POWER_GEE_NB_Exch,RS,RS_int_age_x_power,False,age_x_power,I((Speaker_age_at_session - 48.047898) / 10):Party_status,0.7661,0.6193,0.9476,0.0141,180361,534,1.863996,0.0899,fp_count ~ Speaker_gender + I((Speaker_age_at_session - 48.047898) / 10) + scale(speech_rate_syll) + Sentiment_label_float + Party_status + Party_orientation_float + I((Speaker_age_at_session - 48.047898) / 10) : Party_status,syll,Speaker_ID,2026-06-19_15-43-51,,,,,False,False
INT_AGE_X_POWER,GEE_NB_Indep,INT_AGE_X_POWER_GEE_NB_Indep,RS,RS_int_age_x_power,False,age_x_power,Intercept,0.0344,0.03,0.0395,0.0,180361,534,1.863996,,fp_count ~ Speaker_gender + I((Speaker_age_at_session - 48.047898) / 10) + scale(speech_rate_syll) + Sentiment_label_float + Party_status + Party_orientation_float + I((Speaker_age_at_session - 48.047898) / 10) : Party_status,syll,Speaker_ID,2026-06-19_15-43-51,,,,,False,False
INT_AGE_X_POWER,GEE_NB_Indep,INT_AGE_X_POWER_GEE_NB_Indep,RS,RS_int_age_x_power,False,age_x_power,Speaker_gender[T.M],0.4023,0.3281,0.4933,0.0,180361,534,1.863996,,fp_count ~ Speaker_gender + I((Speaker_age_at_session - 48.047898) / 10) + scale(speech_rate_syll) + Sentiment_label_float + Party_status + Party_orientation_float + I((Speaker_age_at_session - 48.047898) / 10) : Party_status,syll,Speaker_ID,2026-06-19_15-43-51,,,,,False,False
INT_AGE_X_POWER,GEE_NB_Indep,INT_AGE_X_POWER_GEE_NB_Indep,RS,RS_int_age_x_power,False,age_x_power,I((Speaker_age_at_session - 48.047898) / 10),0.7959,0.7216,0.8778,0.0,180361,534,1.863996,,fp_count ~ Speaker_gender + I((Speaker_age_at_session - 48.047898) / 10) + scale(speech_rate_syll) + Sentiment_label_float + Party_status + Party_orientation_float + I((Speaker_age_at_session - 48.047898) / 10) : Party_status,syll,Speaker_ID,2026-06-19_15-43-51,,,,,False,False
INT_AGE_X_POWER,GEE_NB_Indep,INT_AGE_X_POWER_GEE_NB_Indep,RS,RS_int_age_x_power,False,age_x_power,scale(speech_rate_syll),0.6331,0.5883,0.6814,0.0,180361,534,1.863996,,fp_count ~ Speaker_gender + I((Speaker_age_at_session - 48.047898) / 10) + scale(speech_rate_syll) + Sentiment_label_float + Party_status + Party_orientation_float + I((Speaker_age_at_session - 48.047898) / 10) : Party_status,syll,Speaker_ID,2026-06-19_15-43-51,,,,,False,False
INT_AGE_X_POWER,GEE_NB_Indep,INT_AGE_X_POWER_GEE_NB_Indep,RS,RS_int_age_x_power,False,age_x_power,Sentiment_label_float,1.0832,1.0576,1.1093,0.0,180361,534,1.863996,,fp_count ~ Speaker_gender + I((Speaker_age_at_session - 48.047898) / 10) + scale(speech_rate_syll) + Sentiment_label_float + Party_status + Party_orientation_float + I((Speaker_age_at_session - 48.047898) / 10) : Party_status,syll,Speaker_ID,2026-06-19_15-43-51,,,,,False,False
INT_AGE_X_POWER,GEE_NB_Indep,INT_AGE_X_POWER_GEE_NB_Indep,RS,RS_int_age_x_power,False,age_x_power,Party_status,1.416,0.9148,2.192,0.1187,180361,534,1.863996,,fp_count ~ Speaker_gender + I((Speaker_age_at_session - 48.047898) / 10) + scale(speech_rate_syll) + Sentiment_label_float + Party_status + Party_orientation_float + I((Speaker_age_at_session - 48.047898) / 10) : Party_status,syll,Speaker_ID,2026-06-19_15-43-51,,,,,False,False
INT_AGE_X_POWER,GEE_NB_Indep,INT_AGE_X_POWER_GEE_NB_Indep,RS,RS_int_age_x_power,False,age_x_power,Party_orientation_float,1.0518,0.9337,1.1848,0.4063,180361,534,1.863996,,fp_count ~ Speaker_gender + I((Speaker_age_at_session - 48.047898) / 10) + scale(speech_rate_syll) + Sentiment_label_float + Party_status + Party_orientation_float + I((Speaker_age_at_session - 48.047898) / 10) : Party_status,syll,Speaker_ID,2026-06-19_15-43-51,,,,,False,False
INT_AGE_X_POWER,GEE_NB_Indep,INT_AGE_X_POWER_GEE_NB_Indep,RS,RS_int_age_x_power,False,age_x_power,I((Speaker_age_at_session - 48.047898) / 10):Party_status,0.89,0.7398,1.0708,0.2169,180361,534,1.863996,,fp_count ~ Speaker_gender + I((Speaker_age_at_session - 48.047898) / 10) + scale(speech_rate_syll) + Sentiment_label_float + Party_status + Party_orientation_float + I((Speaker_age_at_session - 48.047898) / 10) : Party_status,syll,Speaker_ID,2026-06-19_15-43-51,,,,,False,False
INT_AGE_X_POWER,GLM_NB_Cluster,INT_AGE_X_POWER_GLM_NB_Cluster,RS,RS_int_age_x_power,False,age_x_power,Intercept,0.0344,0.0301,0.0394,0.0,180361,534,1.863996,,fp_count ~ Speaker_gender + I((Speaker_age_at_session - 48.047898) / 10) + scale(speech_rate_syll) + Sentiment_label_float + Party_status + Party_orientation_float + I((Speaker_age_at_session - 48.047898) / 10) : Party_status,syll,Speaker_ID,2026-06-19_15-43-51,,,,,False,False
INT_AGE_X_POWER,GLM_NB_Cluster,INT_AGE_X_POWER_GLM_NB_Cluster,RS,RS_int_age_x_power,False,age_x_power,Speaker_gender[T.M],0.4023,0.3281,0.4932,0.0,180361,534,1.863996,,fp_count ~ Speaker_gender + I((Speaker_age_at_session - 48.047898) / 10) + scale(speech_rate_syll) + Sentiment_label_float + Party_status + Party_orientation_float + I((Speaker_age_at_session - 48.047898) / 10) : Party_status,syll,Speaker_ID,2026-06-19_15-43-51,,,,,False,False
INT_AGE_X_POWER,GLM_NB_Cluster,INT_AGE_X_POWER_GLM_NB_Cluster,RS,RS_int_age_x_power,False,age_x_power,I((Speaker_age_at_session - 48.047898) / 10),0.7959,0.7193,0.8806,0.0,180361,534,1.863996,,fp_count ~ Speaker_gender + I((Speaker_age_at_session - 48.047898) / 10) + scale(speech_rate_syll) + Sentiment_label_float + Party_status + Party_orientation_float + I((Speaker_age_at_session - 48.047898) / 10) : Party_status,syll,Speaker_ID,2026-06-19_15-43-51,,,,,False,False
INT_AGE_X_POWER,GLM_NB_Cluster,INT_AGE_X_POWER_GLM_NB_Cluster,RS,RS_int_age_x_power,False,age_x_power,scale(speech_rate_syll),0.6331,0.5863,0.6837,0.0,180361,534,1.863996,,fp_count ~ Speaker_gender + I((Speaker_age_at_session - 48.047898) / 10) + scale(speech_rate_syll) + Sentiment_label_float + Party_status + Party_orientation_float + I((Speaker_age_at_session - 48.047898) / 10) : Party_status,syll,Speaker_ID,2026-06-19_15-43-51,,,,,False,False
INT_AGE_X_POWER,GLM_NB_Cluster,INT_AGE_X_POWER_GLM_NB_Cluster,RS,RS_int_age_x_power,False,age_x_power,Sentiment_label_float,1.0832,1.0572,1.1097,0.0,180361,534,1.863996,,fp_count ~ Speaker_gender + I((Speaker_age_at_session - 48.047898) / 10) + scale(speech_rate_syll) + Sentiment_label_float + Party_status + Party_orientation_float + I((Speaker_age_at_session - 48.047898) / 10) : Party_status,syll,Speaker_ID,2026-06-19_15-43-51,,,,,False,False
INT_AGE_X_POWER,GLM_NB_Cluster,INT_AGE_X_POWER_GLM_NB_Cluster,RS,RS_int_age_x_power,False,age_x_power,Party_status,1.416,0.9433,2.1256,0.0933,180361,534,1.863996,,fp_count ~ Speaker_gender + I((Speaker_age_at_session - 48.047898) / 10) + scale(speech_rate_syll) + Sentiment_label_float + Party_status + Party_orientation_float + I((Speaker_age_at_session - 48.047898) / 10) : Party_status,syll,Speaker_ID,2026-06-19_15-43-51,,,,,False,False
INT_AGE_X_POWER,GLM_NB_Cluster,INT_AGE_X_POWER_GLM_NB_Cluster,RS,RS_int_age_x_power,False,age_x_power,Party_orientation_float,1.0518,0.938,1.1793,0.3875,180361,534,1.863996,,fp_count ~ Speaker_gender + I((Speaker_age_at_session - 48.047898) / 10) + scale(speech_rate_syll) + Sentiment_label_float + Party_status + Party_orientation_float + I((Speaker_age_at_session - 48.047898) / 10) : Party_status,syll,Speaker_ID,2026-06-19_15-43-51,,,,,False,False
INT_AGE_X_POWER,GLM_NB_Cluster,INT_AGE_X_POWER_GLM_NB_Cluster,RS,RS_int_age_x_power,False,age_x_power,I((Speaker_age_at_session - 48.047898) / 10):Party_status,0.89,0.7234,1.0951,0.2708,180361,534,1.863996,,fp_count ~ Speaker_gender + I((Speaker_age_at_session - 48.047898) / 10) + scale(speech_rate_syll) + Sentiment_label_float + Party_status + Party_orientation_float + I((Speaker_age_at_session - 48.047898) / 10) : Party_status,syll,Speaker_ID,2026-06-19_15-43-51,,,,,False,False
INT_AGE_X_POWER,GLM_NB,INT_AGE_X_POWER_GLM_NB,RS,RS_int_age_x_power,False,age_x_power,Intercept,0.0344,0.0338,0.0351,0.0,180361,534,1.863996,,fp_count ~ Speaker_gender + I((Speaker_age_at_session - 48.047898) / 10) + scale(speech_rate_syll) + Sentiment_label_float + Party_status + Party_orientation_float + I((Speaker_age_at_session - 48.047898) / 10) : Party_status,syll,Speaker_ID,2026-06-19_15-43-51,,,,,False,False
INT_AGE_X_POWER,GLM_NB,INT_AGE_X_POWER_GLM_NB,RS,RS_int_age_x_power,False,age_x_power,Speaker_gender[T.M],0.4023,0.3932,0.4116,0.0,180361,534,1.863996,,fp_count ~ Speaker_gender + I((Speaker_age_at_session - 48.047898) / 10) + scale(speech_rate_syll) + Sentiment_label_float + Party_status + Party_orientation_float + I((Speaker_age_at_session - 48.047898) / 10) : Party_status,syll,Speaker_ID,2026-06-19_15-43-51,,,,,False,False
INT_AGE_X_POWER,GLM_NB,INT_AGE_X_POWER_GLM_NB,RS,RS_int_age_x_power,False,age_x_power,I((Speaker_age_at_session - 48.047898) / 10),0.7959,0.7863,0.8055,0.0,180361,534,1.863996,,fp_count ~ Speaker_gender + I((Speaker_age_at_session - 48.047898) / 10) + scale(speech_rate_syll) + Sentiment_label_float + Party_status + Party_orientation_float + I((Speaker_age_at_session - 48.047898) / 10) : Party_status,syll,Speaker_ID,2026-06-19_15-43-51,,,,,False,False
INT_AGE_X_POWER,GLM_NB,INT_AGE_X_POWER_GLM_NB,RS,RS_int_age_x_power,False,age_x_power,scale(speech_rate_syll),0.6331,0.6249,0.6415,0.0,180361,534,1.863996,,fp_count ~ Speaker_gender + I((Speaker_age_at_session - 48.047898) / 10) + scale(speech_rate_syll) + Sentiment_label_float + Party_status + Party_orientation_float + I((Speaker_age_at_session - 48.047898) / 10) : Party_status,syll,Speaker_ID,2026-06-19_15-43-51,,,,,False,False
INT_AGE_X_POWER,GLM_NB,INT_AGE_X_POWER_GLM_NB,RS,RS_int_age_x_power,False,age_x_power,Sentiment_label_float,1.0832,1.077,1.0894,0.0,180361,534,1.863996,,fp_count ~ Speaker_gender + I((Speaker_age_at_session - 48.047898) / 10) + scale(speech_rate_syll) + Sentiment_label_float + Party_status + Party_orientation_float + I((Speaker_age_at_session - 48.047898) / 10) : Party_status,syll,Speaker_ID,2026-06-19_15-43-51,,,,,False,False
INT_AGE_X_POWER,GLM_NB,INT_AGE_X_POWER_GLM_NB,RS,RS_int_age_x_power,False,age_x_power,Party_status,1.416,1.3593,1.4752,0.0,180361,534,1.863996,,fp_count ~ Speaker_gender + I((Speaker_age_at_session - 48.047898) / 10) + scale(speech_rate_syll) + Sentiment_label_float + Party_status + Party_orientation_float + I((Speaker_age_at_session - 48.047898) / 10) : Party_status,syll,Speaker_ID,2026-06-19_15-43-51,,,,,False,False
INT_AGE_X_POWER,GLM_NB,INT_AGE_X_POWER_GLM_NB,RS,RS_int_age_x_power,False,age_x_power,Party_orientation_float,1.0518,1.0393,1.0644,0.0,180361,534,1.863996,,fp_count ~ Speaker_gender + I((Speaker_age_at_session - 48.047898) / 10) + scale(speech_rate_syll) + Sentiment_label_float + Party_status + Party_orientation_float + I((Speaker_age_at_session - 48.047898) / 10) : Party_status,syll,Speaker_ID,2026-06-19_15-43-51,,,,,False,False
INT_AGE_X_POWER,GLM_NB,INT_AGE_X_POWER_GLM_NB,RS,RS_int_age_x_power,False,age_x_power,I((Speaker_age_at_session - 48.047898) / 10):Party_status,0.89,0.8679,0.9127,0.0,180361,534,1.863996,,fp_count ~ Speaker_gender + I((Speaker_age_at_session - 48.047898) / 10) + scale(speech_rate_syll) + Sentiment_label_float + Party_status + Party_orientation_float + I((Speaker_age_at_session - 48.047898) / 10) : Party_status,syll,Speaker_ID,2026-06-19_15-43-51,,,,,False,False
INT_SENTIMENT_X_POWER,GEE_NB_Exch,INT_SENTIMENT_X_POWER_GEE_NB_Exch,RS,RS_int_sentiment_x_power,False,sentiment_x_power,Intercept,0.0365,0.032,0.0416,0.0,180361,534,1.863305,0.0890,fp_count ~ Speaker_gender + I((Speaker_age_at_session - 48.047898) / 10) + scale(speech_rate_syll) + Sentiment_label_float + Party_status + Party_orientation_float + Sentiment_label_float : Party_status,syll,Speaker_ID,2026-06-19_15-43-51,,,,,False,False
INT_SENTIMENT_X_POWER,GEE_NB_Exch,INT_SENTIMENT_X_POWER_GEE_NB_Exch,RS,RS_int_sentiment_x_power,False,sentiment_x_power,Speaker_gender[T.M],0.3668,0.2976,0.4521,0.0,180361,534,1.863305,0.0890,fp_count ~ Speaker_gender + I((Speaker_age_at_session - 48.047898) / 10) + scale(speech_rate_syll) + Sentiment_label_float + Party_status + Party_orientation_float + Sentiment_label_float : Party_status,syll,Speaker_ID,2026-06-19_15-43-51,,,,,False,False
INT_SENTIMENT_X_POWER,GEE_NB_Exch,INT_SENTIMENT_X_POWER_GEE_NB_Exch,RS,RS_int_sentiment_x_power,False,sentiment_x_power,I((Speaker_age_at_session - 48.047898) / 10),0.8032,0.7373,0.8749,0.0,180361,534,1.863305,0.0890,fp_count ~ Speaker_gender + I((Speaker_age_at_session - 48.047898) / 10) + scale(speech_rate_syll) + Sentiment_label_float + Party_status + Party_orientation_float + Sentiment_label_float : Party_status,syll,Speaker_ID,2026-06-19_15-43-51,,,,,False,False
INT_SENTIMENT_X_POWER,GEE_NB_Exch,INT_SENTIMENT_X_POWER_GEE_NB_Exch,RS,RS_int_sentiment_x_power,False,sentiment_x_power,scale(speech_rate_syll),0.6154,0.5899,0.6419,0.0,180361,534,1.863305,0.0890,fp_count ~ Speaker_gender + I((Speaker_age_at_session - 48.047898) / 10) + scale(speech_rate_syll) + Sentiment_label_float + Party_status + Party_orientation_float + Sentiment_label_float : Party_status,syll,Speaker_ID,2026-06-19_15-43-51,,,,,False,False
INT_SENTIMENT_X_POWER,GEE_NB_Exch,INT_SENTIMENT_X_POWER_GEE_NB_Exch,RS,RS_int_sentiment_x_power,False,sentiment_x_power,Sentiment_label_float,1.0575,1.0456,1.0694,0.0,180361,534,1.863305,0.0890,fp_count ~ Speaker_gender + I((Speaker_age_at_session - 48.047898) / 10) + scale(speech_rate_syll) + Sentiment_label_float + Party_status + Party_orientation_float + Sentiment_label_float : Party_status,syll,Speaker_ID,2026-06-19_15-43-51,,,,,False,False
INT_SENTIMENT_X_POWER,GEE_NB_Exch,INT_SENTIMENT_X_POWER_GEE_NB_Exch,RS,RS_int_sentiment_x_power,False,sentiment_x_power,Party_status,1.5117,1.0472,2.1821,0.0274,180361,534,1.863305,0.0890,fp_count ~ Speaker_gender + I((Speaker_age_at_session - 48.047898) / 10) + scale(speech_rate_syll) + Sentiment_label_float + Party_status + Party_orientation_float + Sentiment_label_float : Party_status,syll,Speaker_ID,2026-06-19_15-43-51,,,,,False,False
INT_SENTIMENT_X_POWER,GEE_NB_Exch,INT_SENTIMENT_X_POWER_GEE_NB_Exch,RS,RS_int_sentiment_x_power,False,sentiment_x_power,Party_orientation_float,0.9871,0.8786,1.1089,0.8263,180361,534,1.863305,0.0890,fp_count ~ Speaker_gender + I((Speaker_age_at_session - 48.047898) / 10) + scale(speech_rate_syll) + Sentiment_label_float + Party_status + Party_orientation_float + Sentiment_label_float : Party_status,syll,Speaker_ID,2026-06-19_15-43-51,,,,,False,False
INT_SENTIMENT_X_POWER,GEE_NB_Exch,INT_SENTIMENT_X_POWER_GEE_NB_Exch,RS,RS_int_sentiment_x_power,False,sentiment_x_power,Sentiment_label_float:Party_status,0.9807,0.9583,1.0036,0.0973,180361,534,1.863305,0.0890,fp_count ~ Speaker_gender + I((Speaker_age_at_session - 48.047898) / 10) + scale(speech_rate_syll) + Sentiment_label_float + Party_status + Party_orientation_float + Sentiment_label_float : Party_status,syll,Speaker_ID,2026-06-19_15-43-51,,,,,False,False
INT_SENTIMENT_X_POWER,GEE_NB_Indep,INT_SENTIMENT_X_POWER_GEE_NB_Indep,RS,RS_int_sentiment_x_power,False,sentiment_x_power,Intercept,0.0344,0.03,0.0395,0.0,180361,534,1.863305,,fp_count ~ Speaker_gender + I((Speaker_age_at_session - 48.047898) / 10) + scale(speech_rate_syll) + Sentiment_label_float + Party_status + Party_orientation_float + Sentiment_label_float : Party_status,syll,Speaker_ID,2026-06-19_15-43-51,,,,,False,False
INT_SENTIMENT_X_POWER,GEE_NB_Indep,INT_SENTIMENT_X_POWER_GEE_NB_Indep,RS,RS_int_sentiment_x_power,False,sentiment_x_power,Speaker_gender[T.M],0.4006,0.3269,0.4909,0.0,180361,534,1.863305,,fp_count ~ Speaker_gender + I((Speaker_age_at_session - 48.047898) / 10) + scale(speech_rate_syll) + Sentiment_label_float + Party_status + Party_orientation_float + Sentiment_label_float : Party_status,syll,Speaker_ID,2026-06-19_15-43-51,,,,,False,False
INT_SENTIMENT_X_POWER,GEE_NB_Indep,INT_SENTIMENT_X_POWER_GEE_NB_Indep,RS,RS_int_sentiment_x_power,False,sentiment_x_power,I((Speaker_age_at_session - 48.047898) / 10),0.7787,0.7147,0.8483,0.0,180361,534,1.863305,,fp_count ~ Speaker_gender + I((Speaker_age_at_session - 48.047898) / 10) + scale(speech_rate_syll) + Sentiment_label_float + Party_status + Party_orientation_float + Sentiment_label_float : Party_status,syll,Speaker_ID,2026-06-19_15-43-51,,,,,False,False
INT_SENTIMENT_X_POWER,GEE_NB_Indep,INT_SENTIMENT_X_POWER_GEE_NB_Indep,RS,RS_int_sentiment_x_power,False,sentiment_x_power,scale(speech_rate_syll),0.6337,0.5895,0.6813,0.0,180361,534,1.863305,,fp_count ~ Speaker_gender + I((Speaker_age_at_session - 48.047898) / 10) + scale(speech_rate_syll) + Sentiment_label_float + Party_status + Party_orientation_float + Sentiment_label_float : Party_status,syll,Speaker_ID,2026-06-19_15-43-51,,,,,False,False
INT_SENTIMENT_X_POWER,GEE_NB_Indep,INT_SENTIMENT_X_POWER_GEE_NB_Indep,RS,RS_int_sentiment_x_power,False,sentiment_x_power,Sentiment_label_float,1.079,1.0525,1.1062,0.0,180361,534,1.863305,,fp_count ~ Speaker_gender + I((Speaker_age_at_session - 48.047898) / 10) + scale(speech_rate_syll) + Sentiment_label_float + Party_status + Party_orientation_float + Sentiment_label_float : Party_status,syll,Speaker_ID,2026-06-19_15-43-51,,,,,False,False
INT_SENTIMENT_X_POWER,GEE_NB_Indep,INT_SENTIMENT_X_POWER_GEE_NB_Indep,RS,RS_int_sentiment_x_power,False,sentiment_x_power,Party_status,1.4498,0.9461,2.2219,0.0881,180361,534,1.863305,,fp_count ~ Speaker_gender + I((Speaker_age_at_session - 48.047898) / 10) + scale(speech_rate_syll) + Sentiment_label_float + Party_status + Party_orientation_float + Sentiment_label_float : Party_status,syll,Speaker_ID,2026-06-19_15-43-51,,,,,False,False
INT_SENTIMENT_X_POWER,GEE_NB_Indep,INT_SENTIMENT_X_POWER_GEE_NB_Indep,RS,RS_int_sentiment_x_power,False,sentiment_x_power,Party_orientation_float,1.05,0.9327,1.182,0.4196,180361,534,1.863305,,fp_count ~ Speaker_gender + I((Speaker_age_at_session - 48.047898) / 10) + scale(speech_rate_syll) + Sentiment_label_float + Party_status + Party_orientation_float + Sentiment_label_float : Party_status,syll,Speaker_ID,2026-06-19_15-43-51,,,,,False,False
INT_SENTIMENT_X_POWER,GEE_NB_Indep,INT_SENTIMENT_X_POWER_GEE_NB_Indep,RS,RS_int_sentiment_x_power,False,sentiment_x_power,Sentiment_label_float:Party_status,1.0319,0.964,1.1046,0.3663,180361,534,1.863305,,fp_count ~ Speaker_gender + I((Speaker_age_at_session - 48.047898) / 10) + scale(speech_rate_syll) + Sentiment_label_float + Party_status + Party_orientation_float + Sentiment_label_float : Party_status,syll,Speaker_ID,2026-06-19_15-43-51,,,,,False,False
INT_SENTIMENT_X_POWER,GLM_NB_Cluster,INT_SENTIMENT_X_POWER_GLM_NB_Cluster,RS,RS_int_sentiment_x_power,False,sentiment_x_power,Intercept,0.0344,0.0302,0.0393,0.0,180361,534,1.863305,,fp_count ~ Speaker_gender + I((Speaker_age_at_session - 48.047898) / 10) + scale(speech_rate_syll) + Sentiment_label_float + Party_status + Party_orientation_float + Sentiment_label_float : Party_status,syll,Speaker_ID,2026-06-19_15-43-51,,,,,False,False
INT_SENTIMENT_X_POWER,GLM_NB_Cluster,INT_SENTIMENT_X_POWER_GLM_NB_Cluster,RS,RS_int_sentiment_x_power,False,sentiment_x_power,Speaker_gender[T.M],0.4006,0.3267,0.4912,0.0,180361,534,1.863305,,fp_count ~ Speaker_gender + I((Speaker_age_at_session - 48.047898) / 10) + scale(speech_rate_syll) + Sentiment_label_float + Party_status + Party_orientation_float + Sentiment_label_float : Party_status,syll,Speaker_ID,2026-06-19_15-43-51,,,,,False,False
INT_SENTIMENT_X_POWER,GLM_NB_Cluster,INT_SENTIMENT_X_POWER_GLM_NB_Cluster,RS,RS_int_sentiment_x_power,False,sentiment_x_power,I((Speaker_age_at_session - 48.047898) / 10),0.7787,0.7114,0.8523,0.0,180361,534,1.863305,,fp_count ~ Speaker_gender + I((Speaker_age_at_session - 48.047898) / 10) + scale(speech_rate_syll) + Sentiment_label_float + Party_status + Party_orientation_float + Sentiment_label_float : Party_status,syll,Speaker_ID,2026-06-19_15-43-51,,,,,False,False
INT_SENTIMENT_X_POWER,GLM_NB_Cluster,INT_SENTIMENT_X_POWER_GLM_NB_Cluster,RS,RS_int_sentiment_x_power,False,sentiment_x_power,scale(speech_rate_syll),0.6337,0.5876,0.6835,0.0,180361,534,1.863305,,fp_count ~ Speaker_gender + I((Speaker_age_at_session - 48.047898) / 10) + scale(speech_rate_syll) + Sentiment_label_float + Party_status + Party_orientation_float + Sentiment_label_float : Party_status,syll,Speaker_ID,2026-06-19_15-43-51,,,,,False,False
INT_SENTIMENT_X_POWER,GLM_NB_Cluster,INT_SENTIMENT_X_POWER_GLM_NB_Cluster,RS,RS_int_sentiment_x_power,False,sentiment_x_power,Sentiment_label_float,1.079,1.0519,1.1069,0.0,180361,534,1.863305,,fp_count ~ Speaker_gender + I((Speaker_age_at_session - 48.047898) / 10) + scale(speech_rate_syll) + Sentiment_label_float + Party_status + Party_orientation_float + Sentiment_label_float : Party_status,syll,Speaker_ID,2026-06-19_15-43-51,,,,,False,False
INT_SENTIMENT_X_POWER,GLM_NB_Cluster,INT_SENTIMENT_X_POWER_GLM_NB_Cluster,RS,RS_int_sentiment_x_power,False,sentiment_x_power,Party_status,1.4498,0.9746,2.1569,0.0668,180361,534,1.863305,,fp_count ~ Speaker_gender + I((Speaker_age_at_session - 48.047898) / 10) + scale(speech_rate_syll) + Sentiment_label_float + Party_status + Party_orientation_float + Sentiment_label_float : Party_status,syll,Speaker_ID,2026-06-19_15-43-51,,,,,False,False
INT_SENTIMENT_X_POWER,GLM_NB_Cluster,INT_SENTIMENT_X_POWER_GLM_NB_Cluster,RS,RS_int_sentiment_x_power,False,sentiment_x_power,Party_orientation_float,1.05,0.9377,1.1757,0.398,180361,534,1.863305,,fp_count ~ Speaker_gender + I((Speaker_age_at_session - 48.047898) / 10) + scale(speech_rate_syll) + Sentiment_label_float + Party_status + Party_orientation_float + Sentiment_label_float : Party_status,syll,Speaker_ID,2026-06-19_15-43-51,,,,,False,False
INT_SENTIMENT_X_POWER,GLM_NB_Cluster,INT_SENTIMENT_X_POWER_GLM_NB_Cluster,RS,RS_int_sentiment_x_power,False,sentiment_x_power,Sentiment_label_float:Party_status,1.0319,0.9627,1.1061,0.3756,180361,534,1.863305,,fp_count ~ Speaker_gender + I((Speaker_age_at_session - 48.047898) / 10) + scale(speech_rate_syll) + Sentiment_label_float + Party_status + Party_orientation_float + Sentiment_label_float : Party_status,syll,Speaker_ID,2026-06-19_15-43-51,,,,,False,False
INT_SENTIMENT_X_POWER,GLM_NB,INT_SENTIMENT_X_POWER_GLM_NB,RS,RS_int_sentiment_x_power,False,sentiment_x_power,Intercept,0.0344,0.0338,0.0351,0.0,180361,534,1.863305,,fp_count ~ Speaker_gender + I((Speaker_age_at_session - 48.047898) / 10) + scale(speech_rate_syll) + Sentiment_label_float + Party_status + Party_orientation_float + Sentiment_label_float : Party_status,syll,Speaker_ID,2026-06-19_15-43-51,,,,,False,False
INT_SENTIMENT_X_POWER,GLM_NB,INT_SENTIMENT_X_POWER_GLM_NB,RS,RS_int_sentiment_x_power,False,sentiment_x_power,Speaker_gender[T.M],0.4006,0.3915,0.4099,0.0,180361,534,1.863305,,fp_count ~ Speaker_gender + I((Speaker_age_at_session - 48.047898) / 10) + scale(speech_rate_syll) + Sentiment_label_float + Party_status + Party_orientation_float + Sentiment_label_float : Party_status,syll,Speaker_ID,2026-06-19_15-43-51,,,,,False,False
INT_SENTIMENT_X_POWER,GLM_NB,INT_SENTIMENT_X_POWER_GLM_NB,RS,RS_int_sentiment_x_power,False,sentiment_x_power,I((Speaker_age_at_session - 48.047898) / 10),0.7787,0.7703,0.7872,0.0,180361,534,1.863305,,fp_count ~ Speaker_gender + I((Speaker_age_at_session - 48.047898) / 10) + scale(speech_rate_syll) + Sentiment_label_float + Party_status + Party_orientation_float + Sentiment_label_float : Party_status,syll,Speaker_ID,2026-06-19_15-43-51,,,,,False,False
INT_SENTIMENT_X_POWER,GLM_NB,INT_SENTIMENT_X_POWER_GLM_NB,RS,RS_int_sentiment_x_power,False,sentiment_x_power,scale(speech_rate_syll),0.6337,0.6255,0.6421,0.0,180361,534,1.863305,,fp_count ~ Speaker_gender + I((Speaker_age_at_session - 48.047898) / 10) + scale(speech_rate_syll) + Sentiment_label_float + Party_status + Party_orientation_float + Sentiment_label_float : Party_status,syll,Speaker_ID,2026-06-19_15-43-51,,,,,False,False
INT_SENTIMENT_X_POWER,GLM_NB,INT_SENTIMENT_X_POWER_GLM_NB,RS,RS_int_sentiment_x_power,False,sentiment_x_power,Sentiment_label_float,1.079,1.0724,1.0857,0.0,180361,534,1.863305,,fp_count ~ Speaker_gender + I((Speaker_age_at_session - 48.047898) / 10) + scale(speech_rate_syll) + Sentiment_label_float + Party_status + Party_orientation_float + Sentiment_label_float : Party_status,syll,Speaker_ID,2026-06-19_15-43-51,,,,,False,False
INT_SENTIMENT_X_POWER,GLM_NB,INT_SENTIMENT_X_POWER_GLM_NB,RS,RS_int_sentiment_x_power,False,sentiment_x_power,Party_status,1.4498,1.3909,1.5113,0.0,180361,534,1.863305,,fp_count ~ Speaker_gender + I((Speaker_age_at_session - 48.047898) / 10) + scale(speech_rate_syll) + Sentiment_label_float + Party_status + Party_orientation_float + Sentiment_label_float : Party_status,syll,Speaker_ID,2026-06-19_15-43-51,,,,,False,False
INT_SENTIMENT_X_POWER,GLM_NB,INT_SENTIMENT_X_POWER_GLM_NB,RS,RS_int_sentiment_x_power,False,sentiment_x_power,Party_orientation_float,1.05,1.0374,1.0627,0.0,180361,534,1.863305,,fp_count ~ Speaker_gender + I((Speaker_age_at_session - 48.047898) / 10) + scale(speech_rate_syll) + Sentiment_label_float + Party_status + Party_orientation_float + Sentiment_label_float : Party_status,syll,Speaker_ID,2026-06-19_15-43-51,,,,,False,False
INT_SENTIMENT_X_POWER,GLM_NB,INT_SENTIMENT_X_POWER_GLM_NB,RS,RS_int_sentiment_x_power,False,sentiment_x_power,Sentiment_label_float:Party_status,1.0319,1.0148,1.0493,0.0002,180361,534,1.863305,,fp_count ~ Speaker_gender + I((Speaker_age_at_session - 48.047898) / 10) + scale(speech_rate_syll) + Sentiment_label_float + Party_status + Party_orientation_float + Sentiment_label_float : Party_status,syll,Speaker_ID,2026-06-19_15-43-51,,,,,False,False
INT_SENTIMENT_X_ORIENTATION,GEE_NB_Exch,INT_SENTIMENT_X_ORIENTATION_GEE_NB_Exch,global,global_int_sentiment_x_orientation,False,sentiment_x_orientation,Intercept,0.0885,0.0758,0.1034,0.0,1001787,1561,1.566130,0.0699,fp_count ~ Speaker_gender + I((Speaker_age_at_session - 49.656757) / 10) + scale(speech_rate_syll) + Sentiment_label_float + Party_status + Party_orientation_float + C(Lang) + Sentiment_label_float : Party_orientation_float,syll,Speaker_ID,2026-06-19_15-43-51,,,,,False,False
INT_SENTIMENT_X_ORIENTATION,GEE_NB_Exch,INT_SENTIMENT_X_ORIENTATION_GEE_NB_Exch,global,global_int_sentiment_x_orientation,False,sentiment_x_orientation,Speaker_gender[T.M],0.5545,0.4742,0.6484,0.0,1001787,1561,1.566130,0.0699,fp_count ~ Speaker_gender + I((Speaker_age_at_session - 49.656757) / 10) + scale(speech_rate_syll) + Sentiment_label_float + Party_status + Party_orientation_float + C(Lang) + Sentiment_label_float : Party_orientation_float,syll,Speaker_ID,2026-06-19_15-43-51,,,,,False,False
INT_SENTIMENT_X_ORIENTATION,GEE_NB_Exch,INT_SENTIMENT_X_ORIENTATION_GEE_NB_Exch,global,global_int_sentiment_x_orientation,False,sentiment_x_orientation,C(Lang)[T.HR],0.3706,0.3108,0.4418,0.0,1001787,1561,1.566130,0.0699,fp_count ~ Speaker_gender + I((Speaker_age_at_session - 49.656757) / 10) + scale(speech_rate_syll) + Sentiment_label_float + Party_status + Party_orientation_float + C(Lang) + Sentiment_label_float : Party_orientation_float,syll,Speaker_ID,2026-06-19_15-43-51,,,,,False,False
INT_SENTIMENT_X_ORIENTATION,GEE_NB_Exch,INT_SENTIMENT_X_ORIENTATION_GEE_NB_Exch,global,global_int_sentiment_x_orientation,False,sentiment_x_orientation,C(Lang)[T.PL],1.2763,1.1033,1.4765,0.001,1001787,1561,1.566130,0.0699,fp_count ~ Speaker_gender + I((Speaker_age_at_session - 49.656757) / 10) + scale(speech_rate_syll) + Sentiment_label_float + Party_status + Party_orientation_float + C(Lang) + Sentiment_label_float : Party_orientation_float,syll,Speaker_ID,2026-06-19_15-43-51,,,,,False,False
INT_SENTIMENT_X_ORIENTATION,GEE_NB_Exch,INT_SENTIMENT_X_ORIENTATION_GEE_NB_Exch,global,global_int_sentiment_x_orientation,False,sentiment_x_orientation,C(Lang)[T.RS],0.3225,0.2751,0.3781,0.0,1001787,1561,1.566130,0.0699,fp_count ~ Speaker_gender + I((Speaker_age_at_session - 49.656757) / 10) + scale(speech_rate_syll) + Sentiment_label_float + Party_status + Party_orientation_float + C(Lang) + Sentiment_label_float : Party_orientation_float,syll,Speaker_ID,2026-06-19_15-43-51,,,,,False,False
INT_SENTIMENT_X_ORIENTATION,GEE_NB_Exch,INT_SENTIMENT_X_ORIENTATION_GEE_NB_Exch,global,global_int_sentiment_x_orientation,False,sentiment_x_orientation,I((Speaker_age_at_session - 49.656757) / 10),0.8111,0.7662,0.8587,0.0,1001787,1561,1.566130,0.0699,fp_count ~ Speaker_gender + I((Speaker_age_at_session - 49.656757) / 10) + scale(speech_rate_syll) + Sentiment_label_float + Party_status + Party_orientation_float + C(Lang) + Sentiment_label_float : Party_orientation_float,syll,Speaker_ID,2026-06-19_15-43-51,,,,,False,False
INT_SENTIMENT_X_ORIENTATION,GEE_NB_Exch,INT_SENTIMENT_X_ORIENTATION_GEE_NB_Exch,global,global_int_sentiment_x_orientation,False,sentiment_x_orientation,scale(speech_rate_syll),0.6286,0.6165,0.641,0.0,1001787,1561,1.566130,0.0699,fp_count ~ Speaker_gender + I((Speaker_age_at_session - 49.656757) / 10) + scale(speech_rate_syll) + Sentiment_label_float + Party_status + Party_orientation_float + C(Lang) + Sentiment_label_float : Party_orientation_float,syll,Speaker_ID,2026-06-19_15-43-51,,,,,False,False
INT_SENTIMENT_X_ORIENTATION,GEE_NB_Exch,INT_SENTIMENT_X_ORIENTATION_GEE_NB_Exch,global,global_int_sentiment_x_orientation,False,sentiment_x_orientation,Sentiment_label_float,1.0557,1.0503,1.0612,0.0,1001787,1561,1.566130,0.0699,fp_count ~ Speaker_gender + I((Speaker_age_at_session - 49.656757) / 10) + scale(speech_rate_syll) + Sentiment_label_float + Party_status + Party_orientation_float + C(Lang) + Sentiment_label_float : Party_orientation_float,syll,Speaker_ID,2026-06-19_15-43-51,,,,,False,False
INT_SENTIMENT_X_ORIENTATION,GEE_NB_Exch,INT_SENTIMENT_X_ORIENTATION_GEE_NB_Exch,global,global_int_sentiment_x_orientation,False,sentiment_x_orientation,Party_status,0.9496,0.8746,1.0311,0.2185,1001787,1561,1.566130,0.0699,fp_count ~ Speaker_gender + I((Speaker_age_at_session - 49.656757) / 10) + scale(speech_rate_syll) + Sentiment_label_float + Party_status + Party_orientation_float + C(Lang) + Sentiment_label_float : Party_orientation_float,syll,Speaker_ID,2026-06-19_15-43-51,,,,,False,False
INT_SENTIMENT_X_ORIENTATION,GEE_NB_Exch,INT_SENTIMENT_X_ORIENTATION_GEE_NB_Exch,global,global_int_sentiment_x_orientation,False,sentiment_x_orientation,Party_orientation_float,0.9809,0.9326,1.0318,0.4553,1001787,1561,1.566130,0.0699,fp_count ~ Speaker_gender + I((Speaker_age_at_session - 49.656757) / 10) + scale(speech_rate_syll) + Sentiment_label_float + Party_status + Party_orientation_float + C(Lang) + Sentiment_label_float : Party_orientation_float,syll,Speaker_ID,2026-06-19_15-43-51,,,,,False,False
INT_SENTIMENT_X_ORIENTATION,GEE_NB_Exch,INT_SENTIMENT_X_ORIENTATION_GEE_NB_Exch,global,global_int_sentiment_x_orientation,False,sentiment_x_orientation,Sentiment_label_float:Party_orientation_float,0.9873,0.9836,0.9909,0.0,1001787,1561,1.566130,0.0699,fp_count ~ Speaker_gender + I((Speaker_age_at_session - 49.656757) / 10) + scale(speech_rate_syll) + Sentiment_label_float + Party_status + Party_orientation_float + C(Lang) + Sentiment_label_float : Party_orientation_float,syll,Speaker_ID,2026-06-19_15-43-51,,,,,False,False
INT_SENTIMENT_X_ORIENTATION,GEE_NB_Indep,INT_SENTIMENT_X_ORIENTATION_GEE_NB_Indep,global,global_int_sentiment_x_orientation,False,sentiment_x_orientation,Intercept,0.0734,0.0618,0.0871,0.0,1001787,1561,1.566130,,fp_count ~ Speaker_gender + I((Speaker_age_at_session - 49.656757) / 10) + scale(speech_rate_syll) + Sentiment_label_float + Party_status + Party_orientation_float + C(Lang) + Sentiment_label_float : Party_orientation_float,syll,Speaker_ID,2026-06-19_15-43-51,,,,,False,False
INT_SENTIMENT_X_ORIENTATION,GEE_NB_Indep,INT_SENTIMENT_X_ORIENTATION_GEE_NB_Indep,global,global_int_sentiment_x_orientation,False,sentiment_x_orientation,Speaker_gender[T.M],0.6361,0.5622,0.7197,0.0,1001787,1561,1.566130,,fp_count ~ Speaker_gender + I((Speaker_age_at_session - 49.656757) / 10) + scale(speech_rate_syll) + Sentiment_label_float + Party_status + Party_orientation_float + C(Lang) + Sentiment_label_float : Party_orientation_float,syll,Speaker_ID,2026-06-19_15-43-51,,,,,False,False
INT_SENTIMENT_X_ORIENTATION,GEE_NB_Indep,INT_SENTIMENT_X_ORIENTATION_GEE_NB_Indep,global,global_int_sentiment_x_orientation,False,sentiment_x_orientation,C(Lang)[T.HR],0.548,0.4631,0.6486,0.0,1001787,1561,1.566130,,fp_count ~ Speaker_gender + I((Speaker_age_at_session - 49.656757) / 10) + scale(speech_rate_syll) + Sentiment_label_float + Party_status + Party_orientation_float + C(Lang) + Sentiment_label_float : Party_orientation_float,syll,Speaker_ID,2026-06-19_15-43-51,,,,,False,False
INT_SENTIMENT_X_ORIENTATION,GEE_NB_Indep,INT_SENTIMENT_X_ORIENTATION_GEE_NB_Indep,global,global_int_sentiment_x_orientation,False,sentiment_x_orientation,C(Lang)[T.PL],1.2143,1.0034,1.4696,0.0461,1001787,1561,1.566130,,fp_count ~ Speaker_gender + I((Speaker_age_at_session - 49.656757) / 10) + scale(speech_rate_syll) + Sentiment_label_float + Party_status + Party_orientation_float + C(Lang) + Sentiment_label_float : Party_orientation_float,syll,Speaker_ID,2026-06-19_15-43-51,,,,,False,False
INT_SENTIMENT_X_ORIENTATION,GEE_NB_Indep,INT_SENTIMENT_X_ORIENTATION_GEE_NB_Indep,global,global_int_sentiment_x_orientation,False,sentiment_x_orientation,C(Lang)[T.RS],0.372,0.3073,0.4503,0.0,1001787,1561,1.566130,,fp_count ~ Speaker_gender + I((Speaker_age_at_session - 49.656757) / 10) + scale(speech_rate_syll) + Sentiment_label_float + Party_status + Party_orientation_float + C(Lang) + Sentiment_label_float : Party_orientation_float,syll,Speaker_ID,2026-06-19_15-43-51,,,,,False,False
INT_SENTIMENT_X_ORIENTATION,GEE_NB_Indep,INT_SENTIMENT_X_ORIENTATION_GEE_NB_Indep,global,global_int_sentiment_x_orientation,False,sentiment_x_orientation,I((Speaker_age_at_session - 49.656757) / 10),0.8365,0.7894,0.8863,0.0,1001787,1561,1.566130,,fp_count ~ Speaker_gender + I((Speaker_age_at_session - 49.656757) / 10) + scale(speech_rate_syll) + Sentiment_label_float + Party_status + Party_orientation_float + C(Lang) + Sentiment_label_float : Party_orientation_float,syll,Speaker_ID,2026-06-19_15-43-51,,,,,False,False
INT_SENTIMENT_X_ORIENTATION,GEE_NB_Indep,INT_SENTIMENT_X_ORIENTATION_GEE_NB_Indep,global,global_int_sentiment_x_orientation,False,sentiment_x_orientation,scale(speech_rate_syll),0.6432,0.6244,0.6625,0.0,1001787,1561,1.566130,,fp_count ~ Speaker_gender + I((Speaker_age_at_session - 49.656757) / 10) + scale(speech_rate_syll) + Sentiment_label_float + Party_status + Party_orientation_float + C(Lang) + Sentiment_label_float : Party_orientation_float,syll,Speaker_ID,2026-06-19_15-43-51,,,,,False,False
INT_SENTIMENT_X_ORIENTATION,GEE_NB_Indep,INT_SENTIMENT_X_ORIENTATION_GEE_NB_Indep,global,global_int_sentiment_x_orientation,False,sentiment_x_orientation,Sentiment_label_float,1.0652,1.0547,1.0759,0.0,1001787,1561,1.566130,,fp_count ~ Speaker_gender + I((Speaker_age_at_session - 49.656757) / 10) + scale(speech_rate_syll) + Sentiment_label_float + Party_status + Party_orientation_float + C(Lang) + Sentiment_label_float : Party_orientation_float,syll,Speaker_ID,2026-06-19_15-43-51,,,,,False,False
INT_SENTIMENT_X_ORIENTATION,GEE_NB_Indep,INT_SENTIMENT_X_ORIENTATION_GEE_NB_Indep,global,global_int_sentiment_x_orientation,False,sentiment_x_orientation,Party_status,0.7865,0.69,0.8966,0.0003,1001787,1561,1.566130,,fp_count ~ Speaker_gender + I((Speaker_age_at_session - 49.656757) / 10) + scale(speech_rate_syll) + Sentiment_label_float + Party_status + Party_orientation_float + C(Lang) + Sentiment_label_float : Party_orientation_float,syll,Speaker_ID,2026-06-19_15-43-51,,,,,False,False
INT_SENTIMENT_X_ORIENTATION,GEE_NB_Indep,INT_SENTIMENT_X_ORIENTATION_GEE_NB_Indep,global,global_int_sentiment_x_orientation,False,sentiment_x_orientation,Party_orientation_float,1.0239,0.9784,1.0714,0.3083,1001787,1561,1.566130,,fp_count ~ Speaker_gender + I((Speaker_age_at_session - 49.656757) / 10) + scale(speech_rate_syll) + Sentiment_label_float + Party_status + Party_orientation_float + C(Lang) + Sentiment_label_float : Party_orientation_float,syll,Speaker_ID,2026-06-19_15-43-51,,,,,False,False
INT_SENTIMENT_X_ORIENTATION,GEE_NB_Indep,INT_SENTIMENT_X_ORIENTATION_GEE_NB_Indep,global,global_int_sentiment_x_orientation,False,sentiment_x_orientation,Sentiment_label_float:Party_orientation_float,0.9906,0.9837,0.9976,0.0084,1001787,1561,1.566130,,fp_count ~ Speaker_gender + I((Speaker_age_at_session - 49.656757) / 10) + scale(speech_rate_syll) + Sentiment_label_float + Party_status + Party_orientation_float + C(Lang) + Sentiment_label_float : Party_orientation_float,syll,Speaker_ID,2026-06-19_15-43-51,,,,,False,False
INT_SENTIMENT_X_ORIENTATION,GLM_NB_Cluster,INT_SENTIMENT_X_ORIENTATION_GLM_NB_Cluster,global,global_int_sentiment_x_orientation,False,sentiment_x_orientation,Intercept,0.0734,0.0613,0.0878,0.0,1001787,1561,1.566130,,fp_count ~ Speaker_gender + I((Speaker_age_at_session - 49.656757) / 10) + scale(speech_rate_syll) + Sentiment_label_float + Party_status + Party_orientation_float + C(Lang) + Sentiment_label_float : Party_orientation_float,syll,Speaker_ID,2026-06-19_15-43-51,,,,,False,False
INT_SENTIMENT_X_ORIENTATION,GLM_NB_Cluster,INT_SENTIMENT_X_ORIENTATION_GLM_NB_Cluster,global,global_int_sentiment_x_orientation,False,sentiment_x_orientation,Speaker_gender[T.M],0.6361,0.5604,0.722,0.0,1001787,1561,1.566130,,fp_count ~ Speaker_gender + I((Speaker_age_at_session - 49.656757) / 10) + scale(speech_rate_syll) + Sentiment_label_float + Party_status + Party_orientation_float + C(Lang) + Sentiment_label_float : Party_orientation_float,syll,Speaker_ID,2026-06-19_15-43-51,,,,,False,False
INT_SENTIMENT_X_ORIENTATION,GLM_NB_Cluster,INT_SENTIMENT_X_ORIENTATION_GLM_NB_Cluster,global,global_int_sentiment_x_orientation,False,sentiment_x_orientation,C(Lang)[T.HR],0.548,0.4613,0.6511,0.0,1001787,1561,1.566130,,fp_count ~ Speaker_gender + I((Speaker_age_at_session - 49.656757) / 10) + scale(speech_rate_syll) + Sentiment_label_float + Party_status + Party_orientation_float + C(Lang) + Sentiment_label_float : Party_orientation_float,syll,Speaker_ID,2026-06-19_15-43-51,,,,,False,False
INT_SENTIMENT_X_ORIENTATION,GLM_NB_Cluster,INT_SENTIMENT_X_ORIENTATION_GLM_NB_Cluster,global,global_int_sentiment_x_orientation,False,sentiment_x_orientation,C(Lang)[T.PL],1.2143,1.0029,1.4703,0.0466,1001787,1561,1.566130,,fp_count ~ Speaker_gender + I((Speaker_age_at_session - 49.656757) / 10) + scale(speech_rate_syll) + Sentiment_label_float + Party_status + Party_orientation_float + C(Lang) + Sentiment_label_float : Party_orientation_float,syll,Speaker_ID,2026-06-19_15-43-51,,,,,False,False
INT_SENTIMENT_X_ORIENTATION,GLM_NB_Cluster,INT_SENTIMENT_X_ORIENTATION_GLM_NB_Cluster,global,global_int_sentiment_x_orientation,False,sentiment_x_orientation,C(Lang)[T.RS],0.372,0.3072,0.4504,0.0,1001787,1561,1.566130,,fp_count ~ Speaker_gender + I((Speaker_age_at_session - 49.656757) / 10) + scale(speech_rate_syll) + Sentiment_label_float + Party_status + Party_orientation_float + C(Lang) + Sentiment_label_float : Party_orientation_float,syll,Speaker_ID,2026-06-19_15-43-51,,,,,False,False
INT_SENTIMENT_X_ORIENTATION,GLM_NB_Cluster,INT_SENTIMENT_X_ORIENTATION_GLM_NB_Cluster,global,global_int_sentiment_x_orientation,False,sentiment_x_orientation,I((Speaker_age_at_session - 49.656757) / 10),0.8365,0.7895,0.8862,0.0,1001787,1561,1.566130,,fp_count ~ Speaker_gender + I((Speaker_age_at_session - 49.656757) / 10) + scale(speech_rate_syll) + Sentiment_label_float + Party_status + Party_orientation_float + C(Lang) + Sentiment_label_float : Party_orientation_float,syll,Speaker_ID,2026-06-19_15-43-51,,,,,False,False
INT_SENTIMENT_X_ORIENTATION,GLM_NB_Cluster,INT_SENTIMENT_X_ORIENTATION_GLM_NB_Cluster,global,global_int_sentiment_x_orientation,False,sentiment_x_orientation,scale(speech_rate_syll),0.6432,0.6232,0.6638,0.0,1001787,1561,1.566130,,fp_count ~ Speaker_gender + I((Speaker_age_at_session - 49.656757) / 10) + scale(speech_rate_syll) + Sentiment_label_float + Party_status + Party_orientation_float + C(Lang) + Sentiment_label_float : Party_orientation_float,syll,Speaker_ID,2026-06-19_15-43-51,,,,,False,False
INT_SENTIMENT_X_ORIENTATION,GLM_NB_Cluster,INT_SENTIMENT_X_ORIENTATION_GLM_NB_Cluster,global,global_int_sentiment_x_orientation,False,sentiment_x_orientation,Sentiment_label_float,1.0652,1.0545,1.0762,0.0,1001787,1561,1.566130,,fp_count ~ Speaker_gender + I((Speaker_age_at_session - 49.656757) / 10) + scale(speech_rate_syll) + Sentiment_label_float + Party_status + Party_orientation_float + C(Lang) + Sentiment_label_float : Party_orientation_float,syll,Speaker_ID,2026-06-19_15-43-51,,,,,False,False
INT_SENTIMENT_X_ORIENTATION,GLM_NB_Cluster,INT_SENTIMENT_X_ORIENTATION_GLM_NB_Cluster,global,global_int_sentiment_x_orientation,False,sentiment_x_orientation,Party_status,0.7865,0.6896,0.8971,0.0003,1001787,1561,1.566130,,fp_count ~ Speaker_gender + I((Speaker_age_at_session - 49.656757) / 10) + scale(speech_rate_syll) + Sentiment_label_float + Party_status + Party_orientation_float + C(Lang) + Sentiment_label_float : Party_orientation_float,syll,Speaker_ID,2026-06-19_15-43-51,,,,,False,False
INT_SENTIMENT_X_ORIENTATION,GLM_NB_Cluster,INT_SENTIMENT_X_ORIENTATION_GLM_NB_Cluster,global,global_int_sentiment_x_orientation,False,sentiment_x_orientation,Party_orientation_float,1.0239,0.9767,1.0734,0.327,1001787,1561,1.566130,,fp_count ~ Speaker_gender + I((Speaker_age_at_session - 49.656757) / 10) + scale(speech_rate_syll) + Sentiment_label_float + Party_status + Party_orientation_float + C(Lang) + Sentiment_label_float : Party_orientation_float,syll,Speaker_ID,2026-06-19_15-43-51,,,,,False,False
INT_SENTIMENT_X_ORIENTATION,GLM_NB_Cluster,INT_SENTIMENT_X_ORIENTATION_GLM_NB_Cluster,global,global_int_sentiment_x_orientation,False,sentiment_x_orientation,Sentiment_label_float:Party_orientation_float,0.9906,0.9834,0.9979,0.0115,1001787,1561,1.566130,,fp_count ~ Speaker_gender + I((Speaker_age_at_session - 49.656757) / 10) + scale(speech_rate_syll) + Sentiment_label_float + Party_status + Party_orientation_float + C(Lang) + Sentiment_label_float : Party_orientation_float,syll,Speaker_ID,2026-06-19_15-43-51,,,,,False,False
INT_SENTIMENT_X_ORIENTATION,GLM_NB,INT_SENTIMENT_X_ORIENTATION_GLM_NB,global,global_int_sentiment_x_orientation,False,sentiment_x_orientation,Intercept,0.0734,0.0725,0.0743,0.0,1001787,1561,1.566130,,fp_count ~ Speaker_gender + I((Speaker_age_at_session - 49.656757) / 10) + scale(speech_rate_syll) + Sentiment_label_float + Party_status + Party_orientation_float + C(Lang) + Sentiment_label_float : Party_orientation_float,syll,Speaker_ID,2026-06-19_15-43-51,,,,,False,False
INT_SENTIMENT_X_ORIENTATION,GLM_NB,INT_SENTIMENT_X_ORIENTATION_GLM_NB,global,global_int_sentiment_x_orientation,False,sentiment_x_orientation,Speaker_gender[T.M],0.6361,0.6305,0.6417,0.0,1001787,1561,1.566130,,fp_count ~ Speaker_gender + I((Speaker_age_at_session - 49.656757) / 10) + scale(speech_rate_syll) + Sentiment_label_float + Party_status + Party_orientation_float + C(Lang) + Sentiment_label_float : Party_orientation_float,syll,Speaker_ID,2026-06-19_15-43-51,,,,,False,False
INT_SENTIMENT_X_ORIENTATION,GLM_NB,INT_SENTIMENT_X_ORIENTATION_GLM_NB,global,global_int_sentiment_x_orientation,False,sentiment_x_orientation,C(Lang)[T.HR],0.548,0.542,0.5541,0.0,1001787,1561,1.566130,,fp_count ~ Speaker_gender + I((Speaker_age_at_session - 49.656757) / 10) + scale(speech_rate_syll) + Sentiment_label_float + Party_status + Party_orientation_float + C(Lang) + Sentiment_label_float : Party_orientation_float,syll,Speaker_ID,2026-06-19_15-43-51,,,,,False,False
INT_SENTIMENT_X_ORIENTATION,GLM_NB,INT_SENTIMENT_X_ORIENTATION_GLM_NB,global,global_int_sentiment_x_orientation,False,sentiment_x_orientation,C(Lang)[T.PL],1.2143,1.1975,1.2313,0.0,1001787,1561,1.566130,,fp_count ~ Speaker_gender + I((Speaker_age_at_session - 49.656757) / 10) + scale(speech_rate_syll) + Sentiment_label_float + Party_status + Party_orientation_float + C(Lang) + Sentiment_label_float : Party_orientation_float,syll,Speaker_ID,2026-06-19_15-43-51,,,,,False,False
INT_SENTIMENT_X_ORIENTATION,GLM_NB,INT_SENTIMENT_X_ORIENTATION_GLM_NB,global,global_int_sentiment_x_orientation,False,sentiment_x_orientation,C(Lang)[T.RS],0.372,0.3666,0.3774,0.0,1001787,1561,1.566130,,fp_count ~ Speaker_gender + I((Speaker_age_at_session - 49.656757) / 10) + scale(speech_rate_syll) + Sentiment_label_float + Party_status + Party_orientation_float + C(Lang) + Sentiment_label_float : Party_orientation_float,syll,Speaker_ID,2026-06-19_15-43-51,,,,,False,False
INT_SENTIMENT_X_ORIENTATION,GLM_NB,INT_SENTIMENT_X_ORIENTATION_GLM_NB,global,global_int_sentiment_x_orientation,False,sentiment_x_orientation,I((Speaker_age_at_session - 49.656757) / 10),0.8365,0.8329,0.8401,0.0,1001787,1561,1.566130,,fp_count ~ Speaker_gender + I((Speaker_age_at_session - 49.656757) / 10) + scale(speech_rate_syll) + Sentiment_label_float + Party_status + Party_orientation_float + C(Lang) + Sentiment_label_float : Party_orientation_float,syll,Speaker_ID,2026-06-19_15-43-51,,,,,False,False
INT_SENTIMENT_X_ORIENTATION,GLM_NB,INT_SENTIMENT_X_ORIENTATION_GLM_NB,global,global_int_sentiment_x_orientation,False,sentiment_x_orientation,scale(speech_rate_syll),0.6432,0.6403,0.6461,0.0,1001787,1561,1.566130,,fp_count ~ Speaker_gender + I((Speaker_age_at_session - 49.656757) / 10) + scale(speech_rate_syll) + Sentiment_label_float + Party_status + Party_orientation_float + C(Lang) + Sentiment_label_float : Party_orientation_float,syll,Speaker_ID,2026-06-19_15-43-51,,,,,False,False
INT_SENTIMENT_X_ORIENTATION,GLM_NB,INT_SENTIMENT_X_ORIENTATION_GLM_NB,global,global_int_sentiment_x_orientation,False,sentiment_x_orientation,Sentiment_label_float,1.0652,1.0628,1.0677,0.0,1001787,1561,1.566130,,fp_count ~ Speaker_gender + I((Speaker_age_at_session - 49.656757) / 10) + scale(speech_rate_syll) + Sentiment_label_float + Party_status + Party_orientation_float + C(Lang) + Sentiment_label_float : Party_orientation_float,syll,Speaker_ID,2026-06-19_15-43-51,,,,,False,False
INT_SENTIMENT_X_ORIENTATION,GLM_NB,INT_SENTIMENT_X_ORIENTATION_GLM_NB,global,global_int_sentiment_x_orientation,False,sentiment_x_orientation,Party_status,0.7865,0.7789,0.7942,0.0,1001787,1561,1.566130,,fp_count ~ Speaker_gender + I((Speaker_age_at_session - 49.656757) / 10) + scale(speech_rate_syll) + Sentiment_label_float + Party_status + Party_orientation_float + C(Lang) + Sentiment_label_float : Party_orientation_float,syll,Speaker_ID,2026-06-19_15-43-51,,,,,False,False
INT_SENTIMENT_X_ORIENTATION,GLM_NB,INT_SENTIMENT_X_ORIENTATION_GLM_NB,global,global_int_sentiment_x_orientation,False,sentiment_x_orientation,Party_orientation_float,1.0239,1.0203,1.0274,0.0,1001787,1561,1.566130,,fp_count ~ Speaker_gender + I((Speaker_age_at_session - 49.656757) / 10) + scale(speech_rate_syll) + Sentiment_label_float + Party_status + Party_orientation_float + C(Lang) + Sentiment_label_float : Party_orientation_float,syll,Speaker_ID,2026-06-19_15-43-51,,,,,False,False
INT_SENTIMENT_X_ORIENTATION,GLM_NB,INT_SENTIMENT_X_ORIENTATION_GLM_NB,global,global_int_sentiment_x_orientation,False,sentiment_x_orientation,Sentiment_label_float:Party_orientation_float,0.9906,0.9889,0.9924,0.0,1001787,1561,1.566130,,fp_count ~ Speaker_gender + I((Speaker_age_at_session - 49.656757) / 10) + scale(speech_rate_syll) + Sentiment_label_float + Party_status + Party_orientation_float + C(Lang) + Sentiment_label_float : Party_orientation_float,syll,Speaker_ID,2026-06-19_15-43-51,,,,,False,False
INT_GENDER_X_RATE,GEE_NB_Exch,INT_GENDER_X_RATE_GEE_NB_Exch,RS,RS_int_gender_x_rate,False,gender_x_rate,Intercept,0.0316,0.0272,0.0367,0.0,180361,534,1.857050,0.0937,fp_count ~ Speaker_gender + I((Speaker_age_at_session - 48.047898) / 10) + scale(speech_rate_syll) + Sentiment_label_float + Party_status + Party_orientation_float + Speaker_gender : scale(speech_rate_syll),syll,Speaker_ID,2026-06-19_15-43-51,,,,,False,False
INT_GENDER_X_RATE,GEE_NB_Exch,INT_GENDER_X_RATE_GEE_NB_Exch,RS,RS_int_gender_x_rate,False,gender_x_rate,Speaker_gender[T.M],0.4808,0.3896,0.5932,0.0,180361,534,1.857050,0.0937,fp_count ~ Speaker_gender + I((Speaker_age_at_session - 48.047898) / 10) + scale(speech_rate_syll) + Sentiment_label_float + Party_status + Party_orientation_float + Speaker_gender : scale(speech_rate_syll),syll,Speaker_ID,2026-06-19_15-43-51,,,,,False,False
INT_GENDER_X_RATE,GEE_NB_Exch,INT_GENDER_X_RATE_GEE_NB_Exch,RS,RS_int_gender_x_rate,False,gender_x_rate,I((Speaker_age_at_session - 48.047898) / 10),0.7978,0.7362,0.8645,0.0,180361,534,1.857050,0.0937,fp_count ~ Speaker_gender + I((Speaker_age_at_session - 48.047898) / 10) + scale(speech_rate_syll) + Sentiment_label_float + Party_status + Party_orientation_float + Speaker_gender : scale(speech_rate_syll),syll,Speaker_ID,2026-06-19_15-43-51,,,,,False,False
INT_GENDER_X_RATE,GEE_NB_Exch,INT_GENDER_X_RATE_GEE_NB_Exch,RS,RS_int_gender_x_rate,False,gender_x_rate,scale(speech_rate_syll),0.5281,0.5017,0.5558,0.0,180361,534,1.857050,0.0937,fp_count ~ Speaker_gender + I((Speaker_age_at_session - 48.047898) / 10) + scale(speech_rate_syll) + Sentiment_label_float + Party_status + Party_orientation_float + Speaker_gender : scale(speech_rate_syll),syll,Speaker_ID,2026-06-19_15-43-51,,,,,False,False
INT_GENDER_X_RATE,GEE_NB_Exch,INT_GENDER_X_RATE_GEE_NB_Exch,RS,RS_int_gender_x_rate,False,gender_x_rate,Speaker_gender[T.M]:scale(speech_rate_syll),1.2718,1.1868,1.3629,0.0,180361,534,1.857050,0.0937,fp_count ~ Speaker_gender + I((Speaker_age_at_session - 48.047898) / 10) + scale(speech_rate_syll) + Sentiment_label_float + Party_status + Party_orientation_float + Speaker_gender : scale(speech_rate_syll),syll,Speaker_ID,2026-06-19_15-43-51,,,,,False,False
INT_GENDER_X_RATE,GEE_NB_Exch,INT_GENDER_X_RATE_GEE_NB_Exch,RS,RS_int_gender_x_rate,False,gender_x_rate,Sentiment_label_float,1.0537,1.0434,1.0641,0.0,180361,534,1.857050,0.0937,fp_count ~ Speaker_gender + I((Speaker_age_at_session - 48.047898) / 10) + scale(speech_rate_syll) + Sentiment_label_float + Party_status + Party_orientation_float + Speaker_gender : scale(speech_rate_syll),syll,Speaker_ID,2026-06-19_15-43-51,,,,,False,False
INT_GENDER_X_RATE,GEE_NB_Exch,INT_GENDER_X_RATE_GEE_NB_Exch,RS,RS_int_gender_x_rate,False,gender_x_rate,Party_status,1.5233,1.0745,2.1596,0.0181,180361,534,1.857050,0.0937,fp_count ~ Speaker_gender + I((Speaker_age_at_session - 48.047898) / 10) + scale(speech_rate_syll) + Sentiment_label_float + Party_status + Party_orientation_float + Speaker_gender : scale(speech_rate_syll),syll,Speaker_ID,2026-06-19_15-43-51,,,,,False,False
INT_GENDER_X_RATE,GEE_NB_Exch,INT_GENDER_X_RATE_GEE_NB_Exch,RS,RS_int_gender_x_rate,False,gender_x_rate,Party_orientation_float,0.9865,0.8827,1.1025,0.8105,180361,534,1.857050,0.0937,fp_count ~ Speaker_gender + I((Speaker_age_at_session - 48.047898) / 10) + scale(speech_rate_syll) + Sentiment_label_float + Party_status + Party_orientation_float + Speaker_gender : scale(speech_rate_syll),syll,Speaker_ID,2026-06-19_15-43-51,,,,,False,False
INT_GENDER_X_RATE,GEE_NB_Indep,INT_GENDER_X_RATE_GEE_NB_Indep,RS,RS_int_gender_x_rate,False,gender_x_rate,Intercept,0.0332,0.0286,0.0386,0.0,180361,534,1.857050,,fp_count ~ Speaker_gender + I((Speaker_age_at_session - 48.047898) / 10) + scale(speech_rate_syll) + Sentiment_label_float + Party_status + Party_orientation_float + Speaker_gender : scale(speech_rate_syll),syll,Speaker_ID,2026-06-19_15-43-51,,,,,False,False
INT_GENDER_X_RATE,GEE_NB_Indep,INT_GENDER_X_RATE_GEE_NB_Indep,RS,RS_int_gender_x_rate,False,gender_x_rate,Speaker_gender[T.M],0.423,0.3406,0.5254,0.0,180361,534,1.857050,,fp_count ~ Speaker_gender + I((Speaker_age_at_session - 48.047898) / 10) + scale(speech_rate_syll) + Sentiment_label_float + Party_status + Party_orientation_float + Speaker_gender : scale(speech_rate_syll),syll,Speaker_ID,2026-06-19_15-43-51,,,,,False,False
INT_GENDER_X_RATE,GEE_NB_Indep,INT_GENDER_X_RATE_GEE_NB_Indep,RS,RS_int_gender_x_rate,False,gender_x_rate,I((Speaker_age_at_session - 48.047898) / 10),0.7734,0.7093,0.8432,0.0,180361,534,1.857050,,fp_count ~ Speaker_gender + I((Speaker_age_at_session - 48.047898) / 10) + scale(speech_rate_syll) + Sentiment_label_float + Party_status + Party_orientation_float + Speaker_gender : scale(speech_rate_syll),syll,Speaker_ID,2026-06-19_15-43-51,,,,,False,False
INT_GENDER_X_RATE,GEE_NB_Indep,INT_GENDER_X_RATE_GEE_NB_Indep,RS,RS_int_gender_x_rate,False,gender_x_rate,scale(speech_rate_syll),0.5687,0.5227,0.6187,0.0,180361,534,1.857050,,fp_count ~ Speaker_gender + I((Speaker_age_at_session - 48.047898) / 10) + scale(speech_rate_syll) + Sentiment_label_float + Party_status + Party_orientation_float + Speaker_gender : scale(speech_rate_syll),syll,Speaker_ID,2026-06-19_15-43-51,,,,,False,False
INT_GENDER_X_RATE,GEE_NB_Indep,INT_GENDER_X_RATE_GEE_NB_Indep,RS,RS_int_gender_x_rate,False,gender_x_rate,Speaker_gender[T.M]:scale(speech_rate_syll),1.1808,1.0334,1.3493,0.0146,180361,534,1.857050,,fp_count ~ Speaker_gender + I((Speaker_age_at_session - 48.047898) / 10) + scale(speech_rate_syll) + Sentiment_label_float + Party_status + Party_orientation_float + Speaker_gender : scale(speech_rate_syll),syll,Speaker_ID,2026-06-19_15-43-51,,,,,False,False
INT_GENDER_X_RATE,GEE_NB_Indep,INT_GENDER_X_RATE_GEE_NB_Indep,RS,RS_int_gender_x_rate,False,gender_x_rate,Sentiment_label_float,1.0851,1.0595,1.1113,0.0,180361,534,1.857050,,fp_count ~ Speaker_gender + I((Speaker_age_at_session - 48.047898) / 10) + scale(speech_rate_syll) + Sentiment_label_float + Party_status + Party_orientation_float + Speaker_gender : scale(speech_rate_syll),syll,Speaker_ID,2026-06-19_15-43-51,,,,,False,False
INT_GENDER_X_RATE,GEE_NB_Indep,INT_GENDER_X_RATE_GEE_NB_Indep,RS,RS_int_gender_x_rate,False,gender_x_rate,Party_status,1.4506,0.9309,2.2603,0.1002,180361,534,1.857050,,fp_count ~ Speaker_gender + I((Speaker_age_at_session - 48.047898) / 10) + scale(speech_rate_syll) + Sentiment_label_float + Party_status + Party_orientation_float + Speaker_gender : scale(speech_rate_syll),syll,Speaker_ID,2026-06-19_15-43-51,,,,,False,False
INT_GENDER_X_RATE,GEE_NB_Indep,INT_GENDER_X_RATE_GEE_NB_Indep,RS,RS_int_gender_x_rate,False,gender_x_rate,Party_orientation_float,1.0467,0.9268,1.1822,0.462,180361,534,1.857050,,fp_count ~ Speaker_gender + I((Speaker_age_at_session - 48.047898) / 10) + scale(speech_rate_syll) + Sentiment_label_float + Party_status + Party_orientation_float + Speaker_gender : scale(speech_rate_syll),syll,Speaker_ID,2026-06-19_15-43-51,,,,,False,False
INT_GENDER_X_RATE,GLM_NB_Cluster,INT_GENDER_X_RATE_GLM_NB_Cluster,RS,RS_int_gender_x_rate,False,gender_x_rate,Intercept,0.0332,0.0288,0.0384,0.0,180361,534,1.857050,,fp_count ~ Speaker_gender + I((Speaker_age_at_session - 48.047898) / 10) + scale(speech_rate_syll) + Sentiment_label_float + Party_status + Party_orientation_float + Speaker_gender : scale(speech_rate_syll),syll,Speaker_ID,2026-06-19_15-43-51,,,,,False,False
INT_GENDER_X_RATE,GLM_NB_Cluster,INT_GENDER_X_RATE_GLM_NB_Cluster,RS,RS_int_gender_x_rate,False,gender_x_rate,Speaker_gender[T.M],0.423,0.3411,0.5246,0.0,180361,534,1.857050,,fp_count ~ Speaker_gender + I((Speaker_age_at_session - 48.047898) / 10) + scale(speech_rate_syll) + Sentiment_label_float + Party_status + Party_orientation_float + Speaker_gender : scale(speech_rate_syll),syll,Speaker_ID,2026-06-19_15-43-51,,,,,False,False
INT_GENDER_X_RATE,GLM_NB_Cluster,INT_GENDER_X_RATE_GLM_NB_Cluster,RS,RS_int_gender_x_rate,False,gender_x_rate,I((Speaker_age_at_session - 48.047898) / 10),0.7734,0.706,0.8471,0.0,180361,534,1.857050,,fp_count ~ Speaker_gender + I((Speaker_age_at_session - 48.047898) / 10) + scale(speech_rate_syll) + Sentiment_label_float + Party_status + Party_orientation_float + Speaker_gender : scale(speech_rate_syll),syll,Speaker_ID,2026-06-19_15-43-51,,,,,False,False
INT_GENDER_X_RATE,GLM_NB_Cluster,INT_GENDER_X_RATE_GLM_NB_Cluster,RS,RS_int_gender_x_rate,False,gender_x_rate,scale(speech_rate_syll),0.5687,0.5216,0.62,0.0,180361,534,1.857050,,fp_count ~ Speaker_gender + I((Speaker_age_at_session - 48.047898) / 10) + scale(speech_rate_syll) + Sentiment_label_float + Party_status + Party_orientation_float + Speaker_gender : scale(speech_rate_syll),syll,Speaker_ID,2026-06-19_15-43-51,,,,,False,False
INT_GENDER_X_RATE,GLM_NB_Cluster,INT_GENDER_X_RATE_GLM_NB_Cluster,RS,RS_int_gender_x_rate,False,gender_x_rate,Speaker_gender[T.M]:scale(speech_rate_syll),1.1808,1.0298,1.354,0.0173,180361,534,1.857050,,fp_count ~ Speaker_gender + I((Speaker_age_at_session - 48.047898) / 10) + scale(speech_rate_syll) + Sentiment_label_float + Party_status + Party_orientation_float + Speaker_gender : scale(speech_rate_syll),syll,Speaker_ID,2026-06-19_15-43-51,,,,,False,False
INT_GENDER_X_RATE,GLM_NB_Cluster,INT_GENDER_X_RATE_GLM_NB_Cluster,RS,RS_int_gender_x_rate,False,gender_x_rate,Sentiment_label_float,1.0851,1.0592,1.1116,0.0,180361,534,1.857050,,fp_count ~ Speaker_gender + I((Speaker_age_at_session - 48.047898) / 10) + scale(speech_rate_syll) + Sentiment_label_float + Party_status + Party_orientation_float + Speaker_gender : scale(speech_rate_syll),syll,Speaker_ID,2026-06-19_15-43-51,,,,,False,False
INT_GENDER_X_RATE,GLM_NB_Cluster,INT_GENDER_X_RATE_GLM_NB_Cluster,RS,RS_int_gender_x_rate,False,gender_x_rate,Party_status,1.4506,0.9628,2.1856,0.0753,180361,534,1.857050,,fp_count ~ Speaker_gender + I((Speaker_age_at_session - 48.047898) / 10) + scale(speech_rate_syll) + Sentiment_label_float + Party_status + Party_orientation_float + Speaker_gender : scale(speech_rate_syll),syll,Speaker_ID,2026-06-19_15-43-51,,,,,False,False
INT_GENDER_X_RATE,GLM_NB_Cluster,INT_GENDER_X_RATE_GLM_NB_Cluster,RS,RS_int_gender_x_rate,False,gender_x_rate,Party_orientation_float,1.0467,0.9324,1.1752,0.4391,180361,534,1.857050,,fp_count ~ Speaker_gender + I((Speaker_age_at_session - 48.047898) / 10) + scale(speech_rate_syll) + Sentiment_label_float + Party_status + Party_orientation_float + Speaker_gender : scale(speech_rate_syll),syll,Speaker_ID,2026-06-19_15-43-51,,,,,False,False
INT_GENDER_X_RATE,GLM_NB,INT_GENDER_X_RATE_GLM_NB,RS,RS_int_gender_x_rate,False,gender_x_rate,Intercept,0.0332,0.0326,0.0339,0.0,180361,534,1.857050,,fp_count ~ Speaker_gender + I((Speaker_age_at_session - 48.047898) / 10) + scale(speech_rate_syll) + Sentiment_label_float + Party_status + Party_orientation_float + Speaker_gender : scale(speech_rate_syll),syll,Speaker_ID,2026-06-19_15-43-51,,,,,False,False
INT_GENDER_X_RATE,GLM_NB,INT_GENDER_X_RATE_GLM_NB,RS,RS_int_gender_x_rate,False,gender_x_rate,Speaker_gender[T.M],0.423,0.4128,0.4335,0.0,180361,534,1.857050,,fp_count ~ Speaker_gender + I((Speaker_age_at_session - 48.047898) / 10) + scale(speech_rate_syll) + Sentiment_label_float + Party_status + Party_orientation_float + Speaker_gender : scale(speech_rate_syll),syll,Speaker_ID,2026-06-19_15-43-51,,,,,False,False
INT_GENDER_X_RATE,GLM_NB,INT_GENDER_X_RATE_GLM_NB,RS,RS_int_gender_x_rate,False,gender_x_rate,I((Speaker_age_at_session - 48.047898) / 10),0.7734,0.765,0.7818,0.0,180361,534,1.857050,,fp_count ~ Speaker_gender + I((Speaker_age_at_session - 48.047898) / 10) + scale(speech_rate_syll) + Sentiment_label_float + Party_status + Party_orientation_float + Speaker_gender : scale(speech_rate_syll),syll,Speaker_ID,2026-06-19_15-43-51,,,,,False,False
INT_GENDER_X_RATE,GLM_NB,INT_GENDER_X_RATE_GLM_NB,RS,RS_int_gender_x_rate,False,gender_x_rate,scale(speech_rate_syll),0.5687,0.5565,0.5811,0.0,180361,534,1.857050,,fp_count ~ Speaker_gender + I((Speaker_age_at_session - 48.047898) / 10) + scale(speech_rate_syll) + Sentiment_label_float + Party_status + Party_orientation_float + Speaker_gender : scale(speech_rate_syll),syll,Speaker_ID,2026-06-19_15-43-51,,,,,False,False
INT_GENDER_X_RATE,GLM_NB,INT_GENDER_X_RATE_GLM_NB,RS,RS_int_gender_x_rate,False,gender_x_rate,Speaker_gender[T.M]:scale(speech_rate_syll),1.1808,1.1502,1.2123,0.0,180361,534,1.857050,,fp_count ~ Speaker_gender + I((Speaker_age_at_session - 48.047898) / 10) + scale(speech_rate_syll) + Sentiment_label_float + Party_status + Party_orientation_float + Speaker_gender : scale(speech_rate_syll),syll,Speaker_ID,2026-06-19_15-43-51,,,,,False,False
INT_GENDER_X_RATE,GLM_NB,INT_GENDER_X_RATE_GLM_NB,RS,RS_int_gender_x_rate,False,gender_x_rate,Sentiment_label_float,1.0851,1.0789,1.0913,0.0,180361,534,1.857050,,fp_count ~ Speaker_gender + I((Speaker_age_at_session - 48.047898) / 10) + scale(speech_rate_syll) + Sentiment_label_float + Party_status + Party_orientation_float + Speaker_gender : scale(speech_rate_syll),syll,Speaker_ID,2026-06-19_15-43-51,,,,,False,False
INT_GENDER_X_RATE,GLM_NB,INT_GENDER_X_RATE_GLM_NB,RS,RS_int_gender_x_rate,False,gender_x_rate,Party_status,1.4506,1.3923,1.5113,0.0,180361,534,1.857050,,fp_count ~ Speaker_gender + I((Speaker_age_at_session - 48.047898) / 10) + scale(speech_rate_syll) + Sentiment_label_float + Party_status + Party_orientation_float + Speaker_gender : scale(speech_rate_syll),syll,Speaker_ID,2026-06-19_15-43-51,,,,,False,False
INT_GENDER_X_RATE,GLM_NB,INT_GENDER_X_RATE_GLM_NB,RS,RS_int_gender_x_rate,False,gender_x_rate,Party_orientation_float,1.0467,1.0343,1.0593,0.0,180361,534,1.857050,,fp_count ~ Speaker_gender + I((Speaker_age_at_session - 48.047898) / 10) + scale(speech_rate_syll) + Sentiment_label_float + Party_status + Party_orientation_float + Speaker_gender : scale(speech_rate_syll),syll,Speaker_ID,2026-06-19_15-43-51,,,,,False,False
INT_AGE_X_ORIENTATION,GEE_NB_Exch,INT_AGE_X_ORIENTATION_GEE_NB_Exch,CZ,CZ_int_age_x_orientation,False,age_x_orientation,Intercept,0.0478,0.0376,0.0607,0.0,219878,405,1.051337,0.1650,fp_count ~ Speaker_gender + I((Speaker_age_at_session - 50.381261) / 10) + scale(speech_rate_syll) + Sentiment_label_float + Party_status + Party_orientation_float + I((Speaker_age_at_session - 50.381261) / 10) : Party_orientation_float,syll,Speaker_ID,2026-06-19_15-43-51,,,,,False,False
INT_AGE_X_ORIENTATION,GEE_NB_Exch,INT_AGE_X_ORIENTATION_GEE_NB_Exch,CZ,CZ_int_age_x_orientation,False,age_x_orientation,Speaker_gender[T.M],1.0289,0.7915,1.3374,0.8316,219878,405,1.051337,0.1650,fp_count ~ Speaker_gender + I((Speaker_age_at_session - 50.381261) / 10) + scale(speech_rate_syll) + Sentiment_label_float + Party_status + Party_orientation_float + I((Speaker_age_at_session - 50.381261) / 10) : Party_orientation_float,syll,Speaker_ID,2026-06-19_15-43-51,,,,,False,False
INT_AGE_X_ORIENTATION,GEE_NB_Exch,INT_AGE_X_ORIENTATION_GEE_NB_Exch,CZ,CZ_int_age_x_orientation,False,age_x_orientation,I((Speaker_age_at_session - 50.381261) / 10),0.899,0.8189,0.987,0.0255,219878,405,1.051337,0.1650,fp_count ~ Speaker_gender + I((Speaker_age_at_session - 50.381261) / 10) + scale(speech_rate_syll) + Sentiment_label_float + Party_status + Party_orientation_float + I((Speaker_age_at_session - 50.381261) / 10) : Party_orientation_float,syll,Speaker_ID,2026-06-19_15-43-51,,,,,False,False
INT_AGE_X_ORIENTATION,GEE_NB_Exch,INT_AGE_X_ORIENTATION_GEE_NB_Exch,CZ,CZ_int_age_x_orientation,False,age_x_orientation,scale(speech_rate_syll),0.5987,0.5761,0.6223,0.0,219878,405,1.051337,0.1650,fp_count ~ Speaker_gender + I((Speaker_age_at_session - 50.381261) / 10) + scale(speech_rate_syll) + Sentiment_label_float + Party_status + Party_orientation_float + I((Speaker_age_at_session - 50.381261) / 10) : Party_orientation_float,syll,Speaker_ID,2026-06-19_15-43-51,,,,,False,False
INT_AGE_X_ORIENTATION,GEE_NB_Exch,INT_AGE_X_ORIENTATION_GEE_NB_Exch,CZ,CZ_int_age_x_orientation,False,age_x_orientation,Sentiment_label_float,1.0553,1.0484,1.0623,0.0,219878,405,1.051337,0.1650,fp_count ~ Speaker_gender + I((Speaker_age_at_session - 50.381261) / 10) + scale(speech_rate_syll) + Sentiment_label_float + Party_status + Party_orientation_float + I((Speaker_age_at_session - 50.381261) / 10) : Party_orientation_float,syll,Speaker_ID,2026-06-19_15-43-51,,,,,False,False
INT_AGE_X_ORIENTATION,GEE_NB_Exch,INT_AGE_X_ORIENTATION_GEE_NB_Exch,CZ,CZ_int_age_x_orientation,False,age_x_orientation,Party_status,0.9121,0.8307,1.0015,0.0539,219878,405,1.051337,0.1650,fp_count ~ Speaker_gender + I((Speaker_age_at_session - 50.381261) / 10) + scale(speech_rate_syll) + Sentiment_label_float + Party_status + Party_orientation_float + I((Speaker_age_at_session - 50.381261) / 10) : Party_orientation_float,syll,Speaker_ID,2026-06-19_15-43-51,,,,,False,False
INT_AGE_X_ORIENTATION,GEE_NB_Exch,INT_AGE_X_ORIENTATION_GEE_NB_Exch,CZ,CZ_int_age_x_orientation,False,age_x_orientation,Party_orientation_float,0.9983,0.9208,1.0823,0.9671,219878,405,1.051337,0.1650,fp_count ~ Speaker_gender + I((Speaker_age_at_session - 50.381261) / 10) + scale(speech_rate_syll) + Sentiment_label_float + Party_status + Party_orientation_float + I((Speaker_age_at_session - 50.381261) / 10) : Party_orientation_float,syll,Speaker_ID,2026-06-19_15-43-51,,,,,False,False
INT_AGE_X_ORIENTATION,GEE_NB_Exch,INT_AGE_X_ORIENTATION_GEE_NB_Exch,CZ,CZ_int_age_x_orientation,False,age_x_orientation,I((Speaker_age_at_session - 50.381261) / 10):Party_orientation_float,0.9391,0.8767,1.006,0.0735,219878,405,1.051337,0.1650,fp_count ~ Speaker_gender + I((Speaker_age_at_session - 50.381261) / 10) + scale(speech_rate_syll) + Sentiment_label_float + Party_status + Party_orientation_float + I((Speaker_age_at_session - 50.381261) / 10) : Party_orientation_float,syll,Speaker_ID,2026-06-19_15-43-51,,,,,False,False
INT_AGE_X_ORIENTATION,GEE_NB_Indep,INT_AGE_X_ORIENTATION_GEE_NB_Indep,CZ,CZ_int_age_x_orientation,False,age_x_orientation,Intercept,0.0468,0.0362,0.0607,0.0,219878,405,1.051337,,fp_count ~ Speaker_gender + I((Speaker_age_at_session - 50.381261) / 10) + scale(speech_rate_syll) + Sentiment_label_float + Party_status + Party_orientation_float + I((Speaker_age_at_session - 50.381261) / 10) : Party_orientation_float,syll,Speaker_ID,2026-06-19_15-43-51,,,,,False,False
INT_AGE_X_ORIENTATION,GEE_NB_Indep,INT_AGE_X_ORIENTATION_GEE_NB_Indep,CZ,CZ_int_age_x_orientation,False,age_x_orientation,Speaker_gender[T.M],1.1144,0.8299,1.4964,0.4715,219878,405,1.051337,,fp_count ~ Speaker_gender + I((Speaker_age_at_session - 50.381261) / 10) + scale(speech_rate_syll) + Sentiment_label_float + Party_status + Party_orientation_float + I((Speaker_age_at_session - 50.381261) / 10) : Party_orientation_float,syll,Speaker_ID,2026-06-19_15-43-51,,,,,False,False
INT_AGE_X_ORIENTATION,GEE_NB_Indep,INT_AGE_X_ORIENTATION_GEE_NB_Indep,CZ,CZ_int_age_x_orientation,False,age_x_orientation,I((Speaker_age_at_session - 50.381261) / 10),0.7732,0.7014,0.8523,0.0,219878,405,1.051337,,fp_count ~ Speaker_gender + I((Speaker_age_at_session - 50.381261) / 10) + scale(speech_rate_syll) + Sentiment_label_float + Party_status + Party_orientation_float + I((Speaker_age_at_session - 50.381261) / 10) : Party_orientation_float,syll,Speaker_ID,2026-06-19_15-43-51,,,,,False,False
INT_AGE_X_ORIENTATION,GEE_NB_Indep,INT_AGE_X_ORIENTATION_GEE_NB_Indep,CZ,CZ_int_age_x_orientation,False,age_x_orientation,scale(speech_rate_syll),0.5826,0.5524,0.6145,0.0,219878,405,1.051337,,fp_count ~ Speaker_gender + I((Speaker_age_at_session - 50.381261) / 10) + scale(speech_rate_syll) + Sentiment_label_float + Party_status + Party_orientation_float + I((Speaker_age_at_session - 50.381261) / 10) : Party_orientation_float,syll,Speaker_ID,2026-06-19_15-43-51,,,,,False,False
INT_AGE_X_ORIENTATION,GEE_NB_Indep,INT_AGE_X_ORIENTATION_GEE_NB_Indep,CZ,CZ_int_age_x_orientation,False,age_x_orientation,Sentiment_label_float,1.0697,1.0537,1.0859,0.0,219878,405,1.051337,,fp_count ~ Speaker_gender + I((Speaker_age_at_session - 50.381261) / 10) + scale(speech_rate_syll) + Sentiment_label_float + Party_status + Party_orientation_float + I((Speaker_age_at_session - 50.381261) / 10) : Party_orientation_float,syll,Speaker_ID,2026-06-19_15-43-51,,,,,False,False
INT_AGE_X_ORIENTATION,GEE_NB_Indep,INT_AGE_X_ORIENTATION_GEE_NB_Indep,CZ,CZ_int_age_x_orientation,False,age_x_orientation,Party_status,0.7787,0.6538,0.9275,0.0051,219878,405,1.051337,,fp_count ~ Speaker_gender + I((Speaker_age_at_session - 50.381261) / 10) + scale(speech_rate_syll) + Sentiment_label_float + Party_status + Party_orientation_float + I((Speaker_age_at_session - 50.381261) / 10) : Party_orientation_float,syll,Speaker_ID,2026-06-19_15-43-51,,,,,False,False
INT_AGE_X_ORIENTATION,GEE_NB_Indep,INT_AGE_X_ORIENTATION_GEE_NB_Indep,CZ,CZ_int_age_x_orientation,False,age_x_orientation,Party_orientation_float,1.0296,0.9591,1.1054,0.42,219878,405,1.051337,,fp_count ~ Speaker_gender + I((Speaker_age_at_session - 50.381261) / 10) + scale(speech_rate_syll) + Sentiment_label_float + Party_status + Party_orientation_float + I((Speaker_age_at_session - 50.381261) / 10) : Party_orientation_float,syll,Speaker_ID,2026-06-19_15-43-51,,,,,False,False
INT_AGE_X_ORIENTATION,GEE_NB_Indep,INT_AGE_X_ORIENTATION_GEE_NB_Indep,CZ,CZ_int_age_x_orientation,False,age_x_orientation,I((Speaker_age_at_session - 50.381261) / 10):Party_orientation_float,0.9835,0.8978,1.0774,0.7208,219878,405,1.051337,,fp_count ~ Speaker_gender + I((Speaker_age_at_session - 50.381261) / 10) + scale(speech_rate_syll) + Sentiment_label_float + Party_status + Party_orientation_float + I((Speaker_age_at_session - 50.381261) / 10) : Party_orientation_float,syll,Speaker_ID,2026-06-19_15-43-51,,,,,False,False
INT_AGE_X_ORIENTATION,GLM_NB_Cluster,INT_AGE_X_ORIENTATION_GLM_NB_Cluster,CZ,CZ_int_age_x_orientation,False,age_x_orientation,Intercept,0.0468,0.0362,0.0605,0.0,219878,405,1.051337,,fp_count ~ Speaker_gender + I((Speaker_age_at_session - 50.381261) / 10) + scale(speech_rate_syll) + Sentiment_label_float + Party_status + Party_orientation_float + I((Speaker_age_at_session - 50.381261) / 10) : Party_orientation_float,syll,Speaker_ID,2026-06-19_15-43-51,,,,,False,False
INT_AGE_X_ORIENTATION,GLM_NB_Cluster,INT_AGE_X_ORIENTATION_GLM_NB_Cluster,CZ,CZ_int_age_x_orientation,False,age_x_orientation,Speaker_gender[T.M],1.1144,0.8341,1.4889,0.4638,219878,405,1.051337,,fp_count ~ Speaker_gender + I((Speaker_age_at_session - 50.381261) / 10) + scale(speech_rate_syll) + Sentiment_label_float + Party_status + Party_orientation_float + I((Speaker_age_at_session - 50.381261) / 10) : Party_orientation_float,syll,Speaker_ID,2026-06-19_15-43-51,,,,,False,False
INT_AGE_X_ORIENTATION,GLM_NB_Cluster,INT_AGE_X_ORIENTATION_GLM_NB_Cluster,CZ,CZ_int_age_x_orientation,False,age_x_orientation,I((Speaker_age_at_session - 50.381261) / 10),0.7732,0.7039,0.8492,0.0,219878,405,1.051337,,fp_count ~ Speaker_gender + I((Speaker_age_at_session - 50.381261) / 10) + scale(speech_rate_syll) + Sentiment_label_float + Party_status + Party_orientation_float + I((Speaker_age_at_session - 50.381261) / 10) : Party_orientation_float,syll,Speaker_ID,2026-06-19_15-43-51,,,,,False,False
INT_AGE_X_ORIENTATION,GLM_NB_Cluster,INT_AGE_X_ORIENTATION_GLM_NB_Cluster,CZ,CZ_int_age_x_orientation,False,age_x_orientation,scale(speech_rate_syll),0.5826,0.5523,0.6145,0.0,219878,405,1.051337,,fp_count ~ Speaker_gender + I((Speaker_age_at_session - 50.381261) / 10) + scale(speech_rate_syll) + Sentiment_label_float + Party_status + Party_orientation_float + I((Speaker_age_at_session - 50.381261) / 10) : Party_orientation_float,syll,Speaker_ID,2026-06-19_15-43-51,,,,,False,False
INT_AGE_X_ORIENTATION,GLM_NB_Cluster,INT_AGE_X_ORIENTATION_GLM_NB_Cluster,CZ,CZ_int_age_x_orientation,False,age_x_orientation,Sentiment_label_float,1.0697,1.0536,1.086,0.0,219878,405,1.051337,,fp_count ~ Speaker_gender + I((Speaker_age_at_session - 50.381261) / 10) + scale(speech_rate_syll) + Sentiment_label_float + Party_status + Party_orientation_float + I((Speaker_age_at_session - 50.381261) / 10) : Party_orientation_float,syll,Speaker_ID,2026-06-19_15-43-51,,,,,False,False
INT_AGE_X_ORIENTATION,GLM_NB_Cluster,INT_AGE_X_ORIENTATION_GLM_NB_Cluster,CZ,CZ_int_age_x_orientation,False,age_x_orientation,Party_status,0.7787,0.6543,0.9269,0.0049,219878,405,1.051337,,fp_count ~ Speaker_gender + I((Speaker_age_at_session - 50.381261) / 10) + scale(speech_rate_syll) + Sentiment_label_float + Party_status + Party_orientation_float + I((Speaker_age_at_session - 50.381261) / 10) : Party_orientation_float,syll,Speaker_ID,2026-06-19_15-43-51,,,,,False,False
INT_AGE_X_ORIENTATION,GLM_NB_Cluster,INT_AGE_X_ORIENTATION_GLM_NB_Cluster,CZ,CZ_int_age_x_orientation,False,age_x_orientation,Party_orientation_float,1.0296,0.9529,1.1125,0.4595,219878,405,1.051337,,fp_count ~ Speaker_gender + I((Speaker_age_at_session - 50.381261) / 10) + scale(speech_rate_syll) + Sentiment_label_float + Party_status + Party_orientation_float + I((Speaker_age_at_session - 50.381261) / 10) : Party_orientation_float,syll,Speaker_ID,2026-06-19_15-43-51,,,,,False,False
INT_AGE_X_ORIENTATION,GLM_NB_Cluster,INT_AGE_X_ORIENTATION_GLM_NB_Cluster,CZ,CZ_int_age_x_orientation,False,age_x_orientation,I((Speaker_age_at_session - 50.381261) / 10):Party_orientation_float,0.9835,0.8939,1.0821,0.7331,219878,405,1.051337,,fp_count ~ Speaker_gender + I((Speaker_age_at_session - 50.381261) / 10) + scale(speech_rate_syll) + Sentiment_label_float + Party_status + Party_orientation_float + I((Speaker_age_at_session - 50.381261) / 10) : Party_orientation_float,syll,Speaker_ID,2026-06-19_15-43-51,,,,,False,False
INT_AGE_X_ORIENTATION,GLM_NB,INT_AGE_X_ORIENTATION_GLM_NB,CZ,CZ_int_age_x_orientation,False,age_x_orientation,Intercept,0.0468,0.0459,0.0478,0.0,219878,405,1.051337,,fp_count ~ Speaker_gender + I((Speaker_age_at_session - 50.381261) / 10) + scale(speech_rate_syll) + Sentiment_label_float + Party_status + Party_orientation_float + I((Speaker_age_at_session - 50.381261) / 10) : Party_orientation_float,syll,Speaker_ID,2026-06-19_15-43-51,,,,,False,False
INT_AGE_X_ORIENTATION,GLM_NB,INT_AGE_X_ORIENTATION_GLM_NB,CZ,CZ_int_age_x_orientation,False,age_x_orientation,Speaker_gender[T.M],1.1144,1.094,1.1352,0.0,219878,405,1.051337,,fp_count ~ Speaker_gender + I((Speaker_age_at_session - 50.381261) / 10) + scale(speech_rate_syll) + Sentiment_label_float + Party_status + Party_orientation_float + I((Speaker_age_at_session - 50.381261) / 10) : Party_orientation_float,syll,Speaker_ID,2026-06-19_15-43-51,,,,,False,False
INT_AGE_X_ORIENTATION,GLM_NB,INT_AGE_X_ORIENTATION_GLM_NB,CZ,CZ_int_age_x_orientation,False,age_x_orientation,I((Speaker_age_at_session - 50.381261) / 10),0.7732,0.7669,0.7795,0.0,219878,405,1.051337,,fp_count ~ Speaker_gender + I((Speaker_age_at_session - 50.381261) / 10) + scale(speech_rate_syll) + Sentiment_label_float + Party_status + Party_orientation_float + I((Speaker_age_at_session - 50.381261) / 10) : Party_orientation_float,syll,Speaker_ID,2026-06-19_15-43-51,,,,,False,False
INT_AGE_X_ORIENTATION,GLM_NB,INT_AGE_X_ORIENTATION_GLM_NB,CZ,CZ_int_age_x_orientation,False,age_x_orientation,scale(speech_rate_syll),0.5826,0.5776,0.5876,0.0,219878,405,1.051337,,fp_count ~ Speaker_gender + I((Speaker_age_at_session - 50.381261) / 10) + scale(speech_rate_syll) + Sentiment_label_float + Party_status + Party_orientation_float + I((Speaker_age_at_session - 50.381261) / 10) : Party_orientation_float,syll,Speaker_ID,2026-06-19_15-43-51,,,,,False,False
INT_AGE_X_ORIENTATION,GLM_NB,INT_AGE_X_ORIENTATION_GLM_NB,CZ,CZ_int_age_x_orientation,False,age_x_orientation,Sentiment_label_float,1.0697,1.0651,1.0743,0.0,219878,405,1.051337,,fp_count ~ Speaker_gender + I((Speaker_age_at_session - 50.381261) / 10) + scale(speech_rate_syll) + Sentiment_label_float + Party_status + Party_orientation_float + I((Speaker_age_at_session - 50.381261) / 10) : Party_orientation_float,syll,Speaker_ID,2026-06-19_15-43-51,,,,,False,False
INT_AGE_X_ORIENTATION,GLM_NB,INT_AGE_X_ORIENTATION_GLM_NB,CZ,CZ_int_age_x_orientation,False,age_x_orientation,Party_status,0.7787,0.7655,0.7922,0.0,219878,405,1.051337,,fp_count ~ Speaker_gender + I((Speaker_age_at_session - 50.381261) / 10) + scale(speech_rate_syll) + Sentiment_label_float + Party_status + Party_orientation_float + I((Speaker_age_at_session - 50.381261) / 10) : Party_orientation_float,syll,Speaker_ID,2026-06-19_15-43-51,,,,,False,False
INT_AGE_X_ORIENTATION,GLM_NB,INT_AGE_X_ORIENTATION_GLM_NB,CZ,CZ_int_age_x_orientation,False,age_x_orientation,Party_orientation_float,1.0296,1.0233,1.0361,0.0,219878,405,1.051337,,fp_count ~ Speaker_gender + I((Speaker_age_at_session - 50.381261) / 10) + scale(speech_rate_syll) + Sentiment_label_float + Party_status + Party_orientation_float + I((Speaker_age_at_session - 50.381261) / 10) : Party_orientation_float,syll,Speaker_ID,2026-06-19_15-43-51,,,,,False,False
INT_AGE_X_ORIENTATION,GLM_NB,INT_AGE_X_ORIENTATION_GLM_NB,CZ,CZ_int_age_x_orientation,False,age_x_orientation,I((Speaker_age_at_session - 50.381261) / 10):Party_orientation_float,0.9835,0.9773,0.9898,0.0,219878,405,1.051337,,fp_count ~ Speaker_gender + I((Speaker_age_at_session - 50.381261) / 10) + scale(speech_rate_syll) + Sentiment_label_float + Party_status + Party_orientation_float + I((Speaker_age_at_session - 50.381261) / 10) : Party_orientation_float,syll,Speaker_ID,2026-06-19_15-43-51,,,,,False,False
BASE,GEE_NB_Exch,BASE_GEE_NB_Exch,HR,HR_baseline,False,,Intercept,0.0451,0.0364,0.0558,0.0,484243,280,1.752477,0.0508,fp_count ~ Speaker_gender + I((Speaker_age_at_session - 49.556365) / 10) + scale(speech_rate_syll) + Sentiment_label_float + Party_status + Party_orientation_float,syll,Speaker_ID,2026-06-19_15-43-51,,,,,False,False
BASE,GEE_NB_Exch,BASE_GEE_NB_Exch,HR,HR_baseline,False,,Speaker_gender[T.M],0.4491,0.3416,0.5903,0.0,484243,280,1.752477,0.0508,fp_count ~ Speaker_gender + I((Speaker_age_at_session - 49.556365) / 10) + scale(speech_rate_syll) + Sentiment_label_float + Party_status + Party_orientation_float,syll,Speaker_ID,2026-06-19_15-43-51,,,,,False,False
BASE,GEE_NB_Exch,BASE_GEE_NB_Exch,HR,HR_baseline,False,,I((Speaker_age_at_session - 49.556365) / 10),0.747,0.6579,0.8482,0.0,484243,280,1.752477,0.0508,fp_count ~ Speaker_gender + I((Speaker_age_at_session - 49.556365) / 10) + scale(speech_rate_syll) + Sentiment_label_float + Party_status + Party_orientation_float,syll,Speaker_ID,2026-06-19_15-43-51,,,,,False,False
BASE,GEE_NB_Exch,BASE_GEE_NB_Exch,HR,HR_baseline,False,,scale(speech_rate_syll),0.6644,0.6424,0.6871,0.0,484243,280,1.752477,0.0508,fp_count ~ Speaker_gender + I((Speaker_age_at_session - 49.556365) / 10) + scale(speech_rate_syll) + Sentiment_label_float + Party_status + Party_orientation_float,syll,Speaker_ID,2026-06-19_15-43-51,,,,,False,False
BASE,GEE_NB_Exch,BASE_GEE_NB_Exch,HR,HR_baseline,False,,Sentiment_label_float,1.0501,1.0404,1.06,0.0,484243,280,1.752477,0.0508,fp_count ~ Speaker_gender + I((Speaker_age_at_session - 49.556365) / 10) + scale(speech_rate_syll) + Sentiment_label_float + Party_status + Party_orientation_float,syll,Speaker_ID,2026-06-19_15-43-51,,,,,False,False
BASE,GEE_NB_Exch,BASE_GEE_NB_Exch,HR,HR_baseline,False,,Party_status,0.8984,0.7684,1.0503,0.179,484243,280,1.752477,0.0508,fp_count ~ Speaker_gender + I((Speaker_age_at_session - 49.556365) / 10) + scale(speech_rate_syll) + Sentiment_label_float + Party_status + Party_orientation_float,syll,Speaker_ID,2026-06-19_15-43-51,,,,,False,False
BASE,GEE_NB_Exch,BASE_GEE_NB_Exch,HR,HR_baseline,False,,Party_orientation_float,0.8841,0.7855,0.995,0.0411,484243,280,1.752477,0.0508,fp_count ~ Speaker_gender + I((Speaker_age_at_session - 49.556365) / 10) + scale(speech_rate_syll) + Sentiment_label_float + Party_status + Party_orientation_float,syll,Speaker_ID,2026-06-19_15-43-51,,,,,False,False
BASE,GEE_NB_Indep,BASE_GEE_NB_Indep,HR,HR_baseline,False,,Intercept,0.0469,0.0402,0.0548,0.0,484243,280,1.752477,,fp_count ~ Speaker_gender + I((Speaker_age_at_session - 49.556365) / 10) + scale(speech_rate_syll) + Sentiment_label_float + Party_status + Party_orientation_float,syll,Speaker_ID,2026-06-19_15-43-51,,,,,False,False
BASE,GEE_NB_Indep,BASE_GEE_NB_Indep,HR,HR_baseline,False,,Speaker_gender[T.M],0.5325,0.4436,0.6391,0.0,484243,280,1.752477,,fp_count ~ Speaker_gender + I((Speaker_age_at_session - 49.556365) / 10) + scale(speech_rate_syll) + Sentiment_label_float + Party_status + Party_orientation_float,syll,Speaker_ID,2026-06-19_15-43-51,,,,,False,False
BASE,GEE_NB_Indep,BASE_GEE_NB_Indep,HR,HR_baseline,False,,I((Speaker_age_at_session - 49.556365) / 10),0.8951,0.7974,1.0047,0.0601,484243,280,1.752477,,fp_count ~ Speaker_gender + I((Speaker_age_at_session - 49.556365) / 10) + scale(speech_rate_syll) + Sentiment_label_float + Party_status + Party_orientation_float,syll,Speaker_ID,2026-06-19_15-43-51,,,,,False,False
BASE,GEE_NB_Indep,BASE_GEE_NB_Indep,HR,HR_baseline,False,,scale(speech_rate_syll),0.6984,0.6626,0.7362,0.0,484243,280,1.752477,,fp_count ~ Speaker_gender + I((Speaker_age_at_session - 49.556365) / 10) + scale(speech_rate_syll) + Sentiment_label_float + Party_status + Party_orientation_float,syll,Speaker_ID,2026-06-19_15-43-51,,,,,False,False
BASE,GEE_NB_Indep,BASE_GEE_NB_Indep,HR,HR_baseline,False,,Sentiment_label_float,1.0552,1.0364,1.0742,0.0,484243,280,1.752477,,fp_count ~ Speaker_gender + I((Speaker_age_at_session - 49.556365) / 10) + scale(speech_rate_syll) + Sentiment_label_float + Party_status + Party_orientation_float,syll,Speaker_ID,2026-06-19_15-43-51,,,,,False,False
BASE,GEE_NB_Indep,BASE_GEE_NB_Indep,HR,HR_baseline,False,,Party_status,0.67,0.5242,0.8563,0.0014,484243,280,1.752477,,fp_count ~ Speaker_gender + I((Speaker_age_at_session - 49.556365) / 10) + scale(speech_rate_syll) + Sentiment_label_float + Party_status + Party_orientation_float,syll,Speaker_ID,2026-06-19_15-43-51,,,,,False,False
BASE,GEE_NB_Indep,BASE_GEE_NB_Indep,HR,HR_baseline,False,,Party_orientation_float,1.0131,0.932,1.1012,0.7601,484243,280,1.752477,,fp_count ~ Speaker_gender + I((Speaker_age_at_session - 49.556365) / 10) + scale(speech_rate_syll) + Sentiment_label_float + Party_status + Party_orientation_float,syll,Speaker_ID,2026-06-19_15-43-51,,,,,False,False
BASE,GLM_NB_Cluster,BASE_GLM_NB_Cluster,HR,HR_baseline,False,,Intercept,0.0469,0.0401,0.0549,0.0,484243,280,1.752477,,fp_count ~ Speaker_gender + I((Speaker_age_at_session - 49.556365) / 10) + scale(speech_rate_syll) + Sentiment_label_float + Party_status + Party_orientation_float,syll,Speaker_ID,2026-06-19_15-43-51,,,,,False,False
BASE,GLM_NB_Cluster,BASE_GLM_NB_Cluster,HR,HR_baseline,False,,Speaker_gender[T.M],0.5325,0.4424,0.641,0.0,484243,280,1.752477,,fp_count ~ Speaker_gender + I((Speaker_age_at_session - 49.556365) / 10) + scale(speech_rate_syll) + Sentiment_label_float + Party_status + Party_orientation_float,syll,Speaker_ID,2026-06-19_15-43-51,,,,,False,False
BASE,GLM_NB_Cluster,BASE_GLM_NB_Cluster,HR,HR_baseline,False,,I((Speaker_age_at_session - 49.556365) / 10),0.8951,0.7961,1.0063,0.0636,484243,280,1.752477,,fp_count ~ Speaker_gender + I((Speaker_age_at_session - 49.556365) / 10) + scale(speech_rate_syll) + Sentiment_label_float + Party_status + Party_orientation_float,syll,Speaker_ID,2026-06-19_15-43-51,,,,,False,False
BASE,GLM_NB_Cluster,BASE_GLM_NB_Cluster,HR,HR_baseline,False,,scale(speech_rate_syll),0.6984,0.6603,0.7387,0.0,484243,280,1.752477,,fp_count ~ Speaker_gender + I((Speaker_age_at_session - 49.556365) / 10) + scale(speech_rate_syll) + Sentiment_label_float + Party_status + Party_orientation_float,syll,Speaker_ID,2026-06-19_15-43-51,,,,,False,False
BASE,GLM_NB_Cluster,BASE_GLM_NB_Cluster,HR,HR_baseline,False,,Sentiment_label_float,1.0552,1.0361,1.0746,0.0,484243,280,1.752477,,fp_count ~ Speaker_gender + I((Speaker_age_at_session - 49.556365) / 10) + scale(speech_rate_syll) + Sentiment_label_float + Party_status + Party_orientation_float,syll,Speaker_ID,2026-06-19_15-43-51,,,,,False,False
BASE,GLM_NB_Cluster,BASE_GLM_NB_Cluster,HR,HR_baseline,False,,Party_status,0.67,0.5206,0.8622,0.0019,484243,280,1.752477,,fp_count ~ Speaker_gender + I((Speaker_age_at_session - 49.556365) / 10) + scale(speech_rate_syll) + Sentiment_label_float + Party_status + Party_orientation_float,syll,Speaker_ID,2026-06-19_15-43-51,,,,,False,False
BASE,GLM_NB_Cluster,BASE_GLM_NB_Cluster,HR,HR_baseline,False,,Party_orientation_float,1.0131,0.9299,1.1037,0.7664,484243,280,1.752477,,fp_count ~ Speaker_gender + I((Speaker_age_at_session - 49.556365) / 10) + scale(speech_rate_syll) + Sentiment_label_float + Party_status + Party_orientation_float,syll,Speaker_ID,2026-06-19_15-43-51,,,,,False,False
BASE,GLM_NB,BASE_GLM_NB,HR,HR_baseline,False,,Intercept,0.0469,0.0464,0.0475,0.0,484243,280,1.752477,,fp_count ~ Speaker_gender + I((Speaker_age_at_session - 49.556365) / 10) + scale(speech_rate_syll) + Sentiment_label_float + Party_status + Party_orientation_float,syll,Speaker_ID,2026-06-19_15-43-51,,,,,False,False
BASE,GLM_NB,BASE_GLM_NB,HR,HR_baseline,False,,Speaker_gender[T.M],0.5325,0.5255,0.5396,0.0,484243,280,1.752477,,fp_count ~ Speaker_gender + I((Speaker_age_at_session - 49.556365) / 10) + scale(speech_rate_syll) + Sentiment_label_float + Party_status + Party_orientation_float,syll,Speaker_ID,2026-06-19_15-43-51,,,,,False,False
BASE,GLM_NB,BASE_GLM_NB,HR,HR_baseline,False,,I((Speaker_age_at_session - 49.556365) / 10),0.8951,0.8888,0.9014,0.0,484243,280,1.752477,,fp_count ~ Speaker_gender + I((Speaker_age_at_session - 49.556365) / 10) + scale(speech_rate_syll) + Sentiment_label_float + Party_status + Party_orientation_float,syll,Speaker_ID,2026-06-19_15-43-51,,,,,False,False
BASE,GLM_NB,BASE_GLM_NB,HR,HR_baseline,False,,scale(speech_rate_syll),0.6984,0.6937,0.7031,0.0,484243,280,1.752477,,fp_count ~ Speaker_gender + I((Speaker_age_at_session - 49.556365) / 10) + scale(speech_rate_syll) + Sentiment_label_float + Party_status + Party_orientation_float,syll,Speaker_ID,2026-06-19_15-43-51,,,,,False,False
BASE,GLM_NB,BASE_GLM_NB,HR,HR_baseline,False,,Sentiment_label_float,1.0552,1.0518,1.0585,0.0,484243,280,1.752477,,fp_count ~ Speaker_gender + I((Speaker_age_at_session - 49.556365) / 10) + scale(speech_rate_syll) + Sentiment_label_float + Party_status + Party_orientation_float,syll,Speaker_ID,2026-06-19_15-43-51,,,,,False,False
BASE,GLM_NB,BASE_GLM_NB,HR,HR_baseline,False,,Party_status,0.67,0.6596,0.6806,0.0,484243,280,1.752477,,fp_count ~ Speaker_gender + I((Speaker_age_at_session - 49.556365) / 10) + scale(speech_rate_syll) + Sentiment_label_float + Party_status + Party_orientation_float,syll,Speaker_ID,2026-06-19_15-43-51,,,,,False,False
BASE,GLM_NB,BASE_GLM_NB,HR,HR_baseline,False,,Party_orientation_float,1.0131,1.0074,1.0188,0.0,484243,280,1.752477,,fp_count ~ Speaker_gender + I((Speaker_age_at_session - 49.556365) / 10) + scale(speech_rate_syll) + Sentiment_label_float + Party_status + Party_orientation_float,syll,Speaker_ID,2026-06-19_15-43-51,,,,,False,False
INT_GENDER_X_RATE,GEE_NB_Exch,INT_GENDER_X_RATE_GEE_NB_Exch,CZ,CZ_int_gender_x_rate,False,gender_x_rate,Intercept,0.0401,0.0317,0.0507,0.0,219878,405,1.045014,0.1696,fp_count ~ Speaker_gender + I((Speaker_age_at_session - 50.381261) / 10) + scale(speech_rate_syll) + Sentiment_label_float + Party_status + Party_orientation_float + Speaker_gender : scale(speech_rate_syll),syll,Speaker_ID,2026-06-19_15-43-51,,,,,False,False
INT_GENDER_X_RATE,GEE_NB_Exch,INT_GENDER_X_RATE_GEE_NB_Exch,CZ,CZ_int_gender_x_rate,False,gender_x_rate,Speaker_gender[T.M],1.2619,0.9674,1.6461,0.0863,219878,405,1.045014,0.1696,fp_count ~ Speaker_gender + I((Speaker_age_at_session - 50.381261) / 10) + scale(speech_rate_syll) + Sentiment_label_float + Party_status + Party_orientation_float + Speaker_gender : scale(speech_rate_syll),syll,Speaker_ID,2026-06-19_15-43-51,,,,,False,False
INT_GENDER_X_RATE,GEE_NB_Exch,INT_GENDER_X_RATE_GEE_NB_Exch,CZ,CZ_int_gender_x_rate,False,gender_x_rate,I((Speaker_age_at_session - 50.381261) / 10),0.8712,0.7873,0.964,0.0076,219878,405,1.045014,0.1696,fp_count ~ Speaker_gender + I((Speaker_age_at_session - 50.381261) / 10) + scale(speech_rate_syll) + Sentiment_label_float + Party_status + Party_orientation_float + Speaker_gender : scale(speech_rate_syll),syll,Speaker_ID,2026-06-19_15-43-51,,,,,False,False
INT_GENDER_X_RATE,GEE_NB_Exch,INT_GENDER_X_RATE_GEE_NB_Exch,CZ,CZ_int_gender_x_rate,False,gender_x_rate,scale(speech_rate_syll),0.5528,0.495,0.6174,0.0,219878,405,1.045014,0.1696,fp_count ~ Speaker_gender + I((Speaker_age_at_session - 50.381261) / 10) + scale(speech_rate_syll) + Sentiment_label_float + Party_status + Party_orientation_float + Speaker_gender : scale(speech_rate_syll),syll,Speaker_ID,2026-06-19_15-43-51,,,,,False,False
INT_GENDER_X_RATE,GEE_NB_Exch,INT_GENDER_X_RATE_GEE_NB_Exch,CZ,CZ_int_gender_x_rate,False,gender_x_rate,Speaker_gender[T.M]:scale(speech_rate_syll),1.1026,0.9784,1.2424,0.1091,219878,405,1.045014,0.1696,fp_count ~ Speaker_gender + I((Speaker_age_at_session - 50.381261) / 10) + scale(speech_rate_syll) + Sentiment_label_float + Party_status + Party_orientation_float + Speaker_gender : scale(speech_rate_syll),syll,Speaker_ID,2026-06-19_15-43-51,,,,,False,False
INT_GENDER_X_RATE,GEE_NB_Exch,INT_GENDER_X_RATE_GEE_NB_Exch,CZ,CZ_int_gender_x_rate,False,gender_x_rate,Sentiment_label_float,1.0552,1.0483,1.0622,0.0,219878,405,1.045014,0.1696,fp_count ~ Speaker_gender + I((Speaker_age_at_session - 50.381261) / 10) + scale(speech_rate_syll) + Sentiment_label_float + Party_status + Party_orientation_float + Speaker_gender : scale(speech_rate_syll),syll,Speaker_ID,2026-06-19_15-43-51,,,,,False,False
INT_GENDER_X_RATE,GEE_NB_Exch,INT_GENDER_X_RATE_GEE_NB_Exch,CZ,CZ_int_gender_x_rate,False,gender_x_rate,Party_status,0.9136,0.833,1.002,0.0552,219878,405,1.045014,0.1696,fp_count ~ Speaker_gender + I((Speaker_age_at_session - 50.381261) / 10) + scale(speech_rate_syll) + Sentiment_label_float + Party_status + Party_orientation_float + Speaker_gender : scale(speech_rate_syll),syll,Speaker_ID,2026-06-19_15-43-51,,,,,False,False
INT_GENDER_X_RATE,GEE_NB_Exch,INT_GENDER_X_RATE_GEE_NB_Exch,CZ,CZ_int_gender_x_rate,False,gender_x_rate,Party_orientation_float,0.9958,0.9183,1.0799,0.9199,219878,405,1.045014,0.1696,fp_count ~ Speaker_gender + I((Speaker_age_at_session - 50.381261) / 10) + scale(speech_rate_syll) + Sentiment_label_float + Party_status + Party_orientation_float + Speaker_gender : scale(speech_rate_syll),syll,Speaker_ID,2026-06-19_15-43-51,,,,,False,False
INT_GENDER_X_RATE,GEE_NB_Indep,INT_GENDER_X_RATE_GEE_NB_Indep,CZ,CZ_int_gender_x_rate,False,gender_x_rate,Intercept,0.0432,0.0341,0.0547,0.0,219878,405,1.045014,,fp_count ~ Speaker_gender + I((Speaker_age_at_session - 50.381261) / 10) + scale(speech_rate_syll) + Sentiment_label_float + Party_status + Party_orientation_float + Speaker_gender : scale(speech_rate_syll),syll,Speaker_ID,2026-06-19_15-43-51,,,,,False,False
INT_GENDER_X_RATE,GEE_NB_Indep,INT_GENDER_X_RATE_GEE_NB_Indep,CZ,CZ_int_gender_x_rate,False,gender_x_rate,Speaker_gender[T.M],1.2213,0.9375,1.591,0.1385,219878,405,1.045014,,fp_count ~ Speaker_gender + I((Speaker_age_at_session - 50.381261) / 10) + scale(speech_rate_syll) + Sentiment_label_float + Party_status + Party_orientation_float + Speaker_gender : scale(speech_rate_syll),syll,Speaker_ID,2026-06-19_15-43-51,,,,,False,False
INT_GENDER_X_RATE,GEE_NB_Indep,INT_GENDER_X_RATE_GEE_NB_Indep,CZ,CZ_int_gender_x_rate,False,gender_x_rate,I((Speaker_age_at_session - 50.381261) / 10),0.7682,0.6872,0.8589,0.0,219878,405,1.045014,,fp_count ~ Speaker_gender + I((Speaker_age_at_session - 50.381261) / 10) + scale(speech_rate_syll) + Sentiment_label_float + Party_status + Party_orientation_float + Speaker_gender : scale(speech_rate_syll),syll,Speaker_ID,2026-06-19_15-43-51,,,,,False,False
INT_GENDER_X_RATE,GEE_NB_Indep,INT_GENDER_X_RATE_GEE_NB_Indep,CZ,CZ_int_gender_x_rate,False,gender_x_rate,scale(speech_rate_syll),0.4995,0.4306,0.5796,0.0,219878,405,1.045014,,fp_count ~ Speaker_gender + I((Speaker_age_at_session - 50.381261) / 10) + scale(speech_rate_syll) + Sentiment_label_float + Party_status + Party_orientation_float + Speaker_gender : scale(speech_rate_syll),syll,Speaker_ID,2026-06-19_15-43-51,,,,,False,False
INT_GENDER_X_RATE,GEE_NB_Indep,INT_GENDER_X_RATE_GEE_NB_Indep,CZ,CZ_int_gender_x_rate,False,gender_x_rate,Speaker_gender[T.M]:scale(speech_rate_syll),1.2075,1.0195,1.4302,0.029,219878,405,1.045014,,fp_count ~ Speaker_gender + I((Speaker_age_at_session - 50.381261) / 10) + scale(speech_rate_syll) + Sentiment_label_float + Party_status + Party_orientation_float + Speaker_gender : scale(speech_rate_syll),syll,Speaker_ID,2026-06-19_15-43-51,,,,,False,False
INT_GENDER_X_RATE,GEE_NB_Indep,INT_GENDER_X_RATE_GEE_NB_Indep,CZ,CZ_int_gender_x_rate,False,gender_x_rate,Sentiment_label_float,1.0691,1.0531,1.0854,0.0,219878,405,1.045014,,fp_count ~ Speaker_gender + I((Speaker_age_at_session - 50.381261) / 10) + scale(speech_rate_syll) + Sentiment_label_float + Party_status + Party_orientation_float + Speaker_gender : scale(speech_rate_syll),syll,Speaker_ID,2026-06-19_15-43-51,,,,,False,False
INT_GENDER_X_RATE,GEE_NB_Indep,INT_GENDER_X_RATE_GEE_NB_Indep,CZ,CZ_int_gender_x_rate,False,gender_x_rate,Party_status,0.7771,0.6553,0.9215,0.0037,219878,405,1.045014,,fp_count ~ Speaker_gender + I((Speaker_age_at_session - 50.381261) / 10) + scale(speech_rate_syll) + Sentiment_label_float + Party_status + Party_orientation_float + Speaker_gender : scale(speech_rate_syll),syll,Speaker_ID,2026-06-19_15-43-51,,,,,False,False
INT_GENDER_X_RATE,GEE_NB_Indep,INT_GENDER_X_RATE_GEE_NB_Indep,CZ,CZ_int_gender_x_rate,False,gender_x_rate,Party_orientation_float,1.0301,0.9594,1.1061,0.4137,219878,405,1.045014,,fp_count ~ Speaker_gender + I((Speaker_age_at_session - 50.381261) / 10) + scale(speech_rate_syll) + Sentiment_label_float + Party_status + Party_orientation_float + Speaker_gender : scale(speech_rate_syll),syll,Speaker_ID,2026-06-19_15-43-51,,,,,False,False
INT_GENDER_X_RATE,GLM_NB_Cluster,INT_GENDER_X_RATE_GLM_NB_Cluster,CZ,CZ_int_gender_x_rate,False,gender_x_rate,Intercept,0.0432,0.0342,0.0547,0.0,219878,405,1.045014,,fp_count ~ Speaker_gender + I((Speaker_age_at_session - 50.381261) / 10) + scale(speech_rate_syll) + Sentiment_label_float + Party_status + Party_orientation_float + Speaker_gender : scale(speech_rate_syll),syll,Speaker_ID,2026-06-19_15-43-51,,,,,False,False
INT_GENDER_X_RATE,GLM_NB_Cluster,INT_GENDER_X_RATE_GLM_NB_Cluster,CZ,CZ_int_gender_x_rate,False,gender_x_rate,Speaker_gender[T.M],1.2213,0.9406,1.5857,0.1335,219878,405,1.045014,,fp_count ~ Speaker_gender + I((Speaker_age_at_session - 50.381261) / 10) + scale(speech_rate_syll) + Sentiment_label_float + Party_status + Party_orientation_float + Speaker_gender : scale(speech_rate_syll),syll,Speaker_ID,2026-06-19_15-43-51,,,,,False,False
INT_GENDER_X_RATE,GLM_NB_Cluster,INT_GENDER_X_RATE_GLM_NB_Cluster,CZ,CZ_int_gender_x_rate,False,gender_x_rate,I((Speaker_age_at_session - 50.381261) / 10),0.7682,0.6889,0.8568,0.0,219878,405,1.045014,,fp_count ~ Speaker_gender + I((Speaker_age_at_session - 50.381261) / 10) + scale(speech_rate_syll) + Sentiment_label_float + Party_status + Party_orientation_float + Speaker_gender : scale(speech_rate_syll),syll,Speaker_ID,2026-06-19_15-43-51,,,,,False,False
INT_GENDER_X_RATE,GLM_NB_Cluster,INT_GENDER_X_RATE_GLM_NB_Cluster,CZ,CZ_int_gender_x_rate,False,gender_x_rate,scale(speech_rate_syll),0.4995,0.4272,0.5841,0.0,219878,405,1.045014,,fp_count ~ Speaker_gender + I((Speaker_age_at_session - 50.381261) / 10) + scale(speech_rate_syll) + Sentiment_label_float + Party_status + Party_orientation_float + Speaker_gender : scale(speech_rate_syll),syll,Speaker_ID,2026-06-19_15-43-51,,,,,False,False
INT_GENDER_X_RATE,GLM_NB_Cluster,INT_GENDER_X_RATE_GLM_NB_Cluster,CZ,CZ_int_gender_x_rate,False,gender_x_rate,Speaker_gender[T.M]:scale(speech_rate_syll),1.2075,1.0129,1.4396,0.0355,219878,405,1.045014,,fp_count ~ Speaker_gender + I((Speaker_age_at_session - 50.381261) / 10) + scale(speech_rate_syll) + Sentiment_label_float + Party_status + Party_orientation_float + Speaker_gender : scale(speech_rate_syll),syll,Speaker_ID,2026-06-19_15-43-51,,,,,False,False
INT_GENDER_X_RATE,GLM_NB_Cluster,INT_GENDER_X_RATE_GLM_NB_Cluster,CZ,CZ_int_gender_x_rate,False,gender_x_rate,Sentiment_label_float,1.0691,1.0529,1.0856,0.0,219878,405,1.045014,,fp_count ~ Speaker_gender + I((Speaker_age_at_session - 50.381261) / 10) + scale(speech_rate_syll) + Sentiment_label_float + Party_status + Party_orientation_float + Speaker_gender : scale(speech_rate_syll),syll,Speaker_ID,2026-06-19_15-43-51,,,,,False,False
INT_GENDER_X_RATE,GLM_NB_Cluster,INT_GENDER_X_RATE_GLM_NB_Cluster,CZ,CZ_int_gender_x_rate,False,gender_x_rate,Party_status,0.7771,0.656,0.9206,0.0035,219878,405,1.045014,,fp_count ~ Speaker_gender + I((Speaker_age_at_session - 50.381261) / 10) + scale(speech_rate_syll) + Sentiment_label_float + Party_status + Party_orientation_float + Speaker_gender : scale(speech_rate_syll),syll,Speaker_ID,2026-06-19_15-43-51,,,,,False,False
INT_GENDER_X_RATE,GLM_NB_Cluster,INT_GENDER_X_RATE_GLM_NB_Cluster,CZ,CZ_int_gender_x_rate,False,gender_x_rate,Party_orientation_float,1.0301,0.9535,1.1129,0.4516,219878,405,1.045014,,fp_count ~ Speaker_gender + I((Speaker_age_at_session - 50.381261) / 10) + scale(speech_rate_syll) + Sentiment_label_float + Party_status + Party_orientation_float + Speaker_gender : scale(speech_rate_syll),syll,Speaker_ID,2026-06-19_15-43-51,,,,,False,False
INT_GENDER_X_RATE,GLM_NB,INT_GENDER_X_RATE_GLM_NB,CZ,CZ_int_gender_x_rate,False,gender_x_rate,Intercept,0.0432,0.0422,0.0442,0.0,219878,405,1.045014,,fp_count ~ Speaker_gender + I((Speaker_age_at_session - 50.381261) / 10) + scale(speech_rate_syll) + Sentiment_label_float + Party_status + Party_orientation_float + Speaker_gender : scale(speech_rate_syll),syll,Speaker_ID,2026-06-19_15-43-51,,,,,False,False
INT_GENDER_X_RATE,GLM_NB,INT_GENDER_X_RATE_GLM_NB,CZ,CZ_int_gender_x_rate,False,gender_x_rate,Speaker_gender[T.M],1.2213,1.1948,1.2483,0.0,219878,405,1.045014,,fp_count ~ Speaker_gender + I((Speaker_age_at_session - 50.381261) / 10) + scale(speech_rate_syll) + Sentiment_label_float + Party_status + Party_orientation_float + Speaker_gender : scale(speech_rate_syll),syll,Speaker_ID,2026-06-19_15-43-51,,,,,False,False
INT_GENDER_X_RATE,GLM_NB,INT_GENDER_X_RATE_GLM_NB,CZ,CZ_int_gender_x_rate,False,gender_x_rate,I((Speaker_age_at_session - 50.381261) / 10),0.7682,0.7621,0.7744,0.0,219878,405,1.045014,,fp_count ~ Speaker_gender + I((Speaker_age_at_session - 50.381261) / 10) + scale(speech_rate_syll) + Sentiment_label_float + Party_status + Party_orientation_float + Speaker_gender : scale(speech_rate_syll),syll,Speaker_ID,2026-06-19_15-43-51,,,,,False,False
INT_GENDER_X_RATE,GLM_NB,INT_GENDER_X_RATE_GLM_NB,CZ,CZ_int_gender_x_rate,False,gender_x_rate,scale(speech_rate_syll),0.4995,0.4895,0.5098,0.0,219878,405,1.045014,,fp_count ~ Speaker_gender + I((Speaker_age_at_session - 50.381261) / 10) + scale(speech_rate_syll) + Sentiment_label_float + Party_status + Party_orientation_float + Speaker_gender : scale(speech_rate_syll),syll,Speaker_ID,2026-06-19_15-43-51,,,,,False,False
INT_GENDER_X_RATE,GLM_NB,INT_GENDER_X_RATE_GLM_NB,CZ,CZ_int_gender_x_rate,False,gender_x_rate,Speaker_gender[T.M]:scale(speech_rate_syll),1.2075,1.181,1.2347,0.0,219878,405,1.045014,,fp_count ~ Speaker_gender + I((Speaker_age_at_session - 50.381261) / 10) + scale(speech_rate_syll) + Sentiment_label_float + Party_status + Party_orientation_float + Speaker_gender : scale(speech_rate_syll),syll,Speaker_ID,2026-06-19_15-43-51,,,,,False,False
INT_GENDER_X_RATE,GLM_NB,INT_GENDER_X_RATE_GLM_NB,CZ,CZ_int_gender_x_rate,False,gender_x_rate,Sentiment_label_float,1.0691,1.0646,1.0737,0.0,219878,405,1.045014,,fp_count ~ Speaker_gender + I((Speaker_age_at_session - 50.381261) / 10) + scale(speech_rate_syll) + Sentiment_label_float + Party_status + Party_orientation_float + Speaker_gender : scale(speech_rate_syll),syll,Speaker_ID,2026-06-19_15-43-51,,,,,False,False
INT_GENDER_X_RATE,GLM_NB,INT_GENDER_X_RATE_GLM_NB,CZ,CZ_int_gender_x_rate,False,gender_x_rate,Party_status,0.7771,0.764,0.7905,0.0,219878,405,1.045014,,fp_count ~ Speaker_gender + I((Speaker_age_at_session - 50.381261) / 10) + scale(speech_rate_syll) + Sentiment_label_float + Party_status + Party_orientation_float + Speaker_gender : scale(speech_rate_syll),syll,Speaker_ID,2026-06-19_15-43-51,,,,,False,False
INT_GENDER_X_RATE,GLM_NB,INT_GENDER_X_RATE_GLM_NB,CZ,CZ_int_gender_x_rate,False,gender_x_rate,Party_orientation_float,1.0301,1.0237,1.0366,0.0,219878,405,1.045014,,fp_count ~ Speaker_gender + I((Speaker_age_at_session - 50.381261) / 10) + scale(speech_rate_syll) + Sentiment_label_float + Party_status + Party_orientation_float + Speaker_gender : scale(speech_rate_syll),syll,Speaker_ID,2026-06-19_15-43-51,,,,,False,False
INT_GENDER_X_POWER,GEE_NB_Exch,INT_GENDER_X_POWER_GEE_NB_Exch,RS,RS_int_gender_x_power,False,gender_x_power,Intercept,0.0378,0.0328,0.0436,0.0,180361,534,1.854995,0.0879,fp_count ~ Speaker_gender + I((Speaker_age_at_session - 48.047898) / 10) + scale(speech_rate_syll) + Sentiment_label_float + Party_status + Party_orientation_float + Speaker_gender : Party_status,syll,Speaker_ID,2026-06-19_15-43-51,,,,,False,False
INT_GENDER_X_POWER,GEE_NB_Exch,INT_GENDER_X_POWER_GEE_NB_Exch,RS,RS_int_gender_x_power,False,gender_x_power,Speaker_gender[T.M],0.3483,0.2756,0.4402,0.0,180361,534,1.854995,0.0879,fp_count ~ Speaker_gender + I((Speaker_age_at_session - 48.047898) / 10) + scale(speech_rate_syll) + Sentiment_label_float + Party_status + Party_orientation_float + Speaker_gender : Party_status,syll,Speaker_ID,2026-06-19_15-43-51,,,,,False,False
INT_GENDER_X_POWER,GEE_NB_Exch,INT_GENDER_X_POWER_GEE_NB_Exch,RS,RS_int_gender_x_power,False,gender_x_power,I((Speaker_age_at_session - 48.047898) / 10),0.8032,0.7373,0.8749,0.0,180361,534,1.854995,0.0879,fp_count ~ Speaker_gender + I((Speaker_age_at_session - 48.047898) / 10) + scale(speech_rate_syll) + Sentiment_label_float + Party_status + Party_orientation_float + Speaker_gender : Party_status,syll,Speaker_ID,2026-06-19_15-43-51,,,,,False,False
INT_GENDER_X_POWER,GEE_NB_Exch,INT_GENDER_X_POWER_GEE_NB_Exch,RS,RS_int_gender_x_power,False,gender_x_power,scale(speech_rate_syll),0.6156,0.5902,0.6421,0.0,180361,534,1.854995,0.0879,fp_count ~ Speaker_gender + I((Speaker_age_at_session - 48.047898) / 10) + scale(speech_rate_syll) + Sentiment_label_float + Party_status + Party_orientation_float + Speaker_gender : Party_status,syll,Speaker_ID,2026-06-19_15-43-51,,,,,False,False
INT_GENDER_X_POWER,GEE_NB_Exch,INT_GENDER_X_POWER_GEE_NB_Exch,RS,RS_int_gender_x_power,False,gender_x_power,Sentiment_label_float,1.0543,1.0434,1.0654,0.0,180361,534,1.854995,0.0879,fp_count ~ Speaker_gender + I((Speaker_age_at_session - 48.047898) / 10) + scale(speech_rate_syll) + Sentiment_label_float + Party_status + Party_orientation_float + Speaker_gender : Party_status,syll,Speaker_ID,2026-06-19_15-43-51,,,,,False,False
INT_GENDER_X_POWER,GEE_NB_Exch,INT_GENDER_X_POWER_GEE_NB_Exch,RS,RS_int_gender_x_power,False,gender_x_power,Party_status,1.2441,0.7228,2.1411,0.4305,180361,534,1.854995,0.0879,fp_count ~ Speaker_gender + I((Speaker_age_at_session - 48.047898) / 10) + scale(speech_rate_syll) + Sentiment_label_float + Party_status + Party_orientation_float + Speaker_gender : Party_status,syll,Speaker_ID,2026-06-19_15-43-51,,,,,False,False
INT_GENDER_X_POWER,GEE_NB_Exch,INT_GENDER_X_POWER_GEE_NB_Exch,RS,RS_int_gender_x_power,False,gender_x_power,Speaker_gender[T.M]:Party_status,1.3156,0.7555,2.2911,0.3324,180361,534,1.854995,0.0879,fp_count ~ Speaker_gender + I((Speaker_age_at_session - 48.047898) / 10) + scale(speech_rate_syll) + Sentiment_label_float + Party_status + Party_orientation_float + Speaker_gender : Party_status,syll,Speaker_ID,2026-06-19_15-43-51,,,,,False,False
INT_GENDER_X_POWER,GEE_NB_Exch,INT_GENDER_X_POWER_GEE_NB_Exch,RS,RS_int_gender_x_power,False,gender_x_power,Party_orientation_float,0.996,0.8875,1.1178,0.9455,180361,534,1.854995,0.0879,fp_count ~ Speaker_gender + I((Speaker_age_at_session - 48.047898) / 10) + scale(speech_rate_syll) + Sentiment_label_float + Party_status + Party_orientation_float + Speaker_gender : Party_status,syll,Speaker_ID,2026-06-19_15-43-51,,,,,False,False
INT_GENDER_X_POWER,GEE_NB_Indep,INT_GENDER_X_POWER_GEE_NB_Indep,RS,RS_int_gender_x_power,False,gender_x_power,Intercept,0.0356,0.0312,0.0406,0.0,180361,534,1.854995,,fp_count ~ Speaker_gender + I((Speaker_age_at_session - 48.047898) / 10) + scale(speech_rate_syll) + Sentiment_label_float + Party_status + Party_orientation_float + Speaker_gender : Party_status,syll,Speaker_ID,2026-06-19_15-43-51,,,,,False,False
INT_GENDER_X_POWER,GEE_NB_Indep,INT_GENDER_X_POWER_GEE_NB_Indep,RS,RS_int_gender_x_power,False,gender_x_power,Speaker_gender[T.M],0.3801,0.3056,0.4728,0.0,180361,534,1.854995,,fp_count ~ Speaker_gender + I((Speaker_age_at_session - 48.047898) / 10) + scale(speech_rate_syll) + Sentiment_label_float + Party_status + Party_orientation_float + Speaker_gender : Party_status,syll,Speaker_ID,2026-06-19_15-43-51,,,,,False,False
INT_GENDER_X_POWER,GEE_NB_Indep,INT_GENDER_X_POWER_GEE_NB_Indep,RS,RS_int_gender_x_power,False,gender_x_power,I((Speaker_age_at_session - 48.047898) / 10),0.7772,0.7137,0.8464,0.0,180361,534,1.854995,,fp_count ~ Speaker_gender + I((Speaker_age_at_session - 48.047898) / 10) + scale(speech_rate_syll) + Sentiment_label_float + Party_status + Party_orientation_float + Speaker_gender : Party_status,syll,Speaker_ID,2026-06-19_15-43-51,,,,,False,False
INT_GENDER_X_POWER,GEE_NB_Indep,INT_GENDER_X_POWER_GEE_NB_Indep,RS,RS_int_gender_x_power,False,gender_x_power,scale(speech_rate_syll),0.6354,0.5916,0.6823,0.0,180361,534,1.854995,,fp_count ~ Speaker_gender + I((Speaker_age_at_session - 48.047898) / 10) + scale(speech_rate_syll) + Sentiment_label_float + Party_status + Party_orientation_float + Speaker_gender : Party_status,syll,Speaker_ID,2026-06-19_15-43-51,,,,,False,False
INT_GENDER_X_POWER,GEE_NB_Indep,INT_GENDER_X_POWER_GEE_NB_Indep,RS,RS_int_gender_x_power,False,gender_x_power,Sentiment_label_float,1.0813,1.0566,1.1067,0.0,180361,534,1.854995,,fp_count ~ Speaker_gender + I((Speaker_age_at_session - 48.047898) / 10) + scale(speech_rate_syll) + Sentiment_label_float + Party_status + Party_orientation_float + Speaker_gender : Party_status,syll,Speaker_ID,2026-06-19_15-43-51,,,,,False,False
INT_GENDER_X_POWER,GEE_NB_Indep,INT_GENDER_X_POWER_GEE_NB_Indep,RS,RS_int_gender_x_power,False,gender_x_power,Party_status,1.168,0.7817,1.7452,0.4484,180361,534,1.854995,,fp_count ~ Speaker_gender + I((Speaker_age_at_session - 48.047898) / 10) + scale(speech_rate_syll) + Sentiment_label_float + Party_status + Party_orientation_float + Speaker_gender : Party_status,syll,Speaker_ID,2026-06-19_15-43-51,,,,,False,False
INT_GENDER_X_POWER,GEE_NB_Indep,INT_GENDER_X_POWER_GEE_NB_Indep,RS,RS_int_gender_x_power,False,gender_x_power,Speaker_gender[T.M]:Party_status,1.3863,0.8261,2.3266,0.2162,180361,534,1.854995,,fp_count ~ Speaker_gender + I((Speaker_age_at_session - 48.047898) / 10) + scale(speech_rate_syll) + Sentiment_label_float + Party_status + Party_orientation_float + Speaker_gender : Party_status,syll,Speaker_ID,2026-06-19_15-43-51,,,,,False,False
INT_GENDER_X_POWER,GEE_NB_Indep,INT_GENDER_X_POWER_GEE_NB_Indep,RS,RS_int_gender_x_power,False,gender_x_power,Party_orientation_float,1.0542,0.9373,1.1858,0.3787,180361,534,1.854995,,fp_count ~ Speaker_gender + I((Speaker_age_at_session - 48.047898) / 10) + scale(speech_rate_syll) + Sentiment_label_float + Party_status + Party_orientation_float + Speaker_gender : Party_status,syll,Speaker_ID,2026-06-19_15-43-51,,,,,False,False
INT_GENDER_X_POWER,GLM_NB_Cluster,INT_GENDER_X_POWER_GLM_NB_Cluster,RS,RS_int_gender_x_power,False,gender_x_power,Intercept,0.0356,0.0312,0.0406,0.0,180361,534,1.854995,,fp_count ~ Speaker_gender + I((Speaker_age_at_session - 48.047898) / 10) + scale(speech_rate_syll) + Sentiment_label_float + Party_status + Party_orientation_float + Speaker_gender : Party_status,syll,Speaker_ID,2026-06-19_15-43-51,,,,,False,False
INT_GENDER_X_POWER,GLM_NB_Cluster,INT_GENDER_X_POWER_GLM_NB_Cluster,RS,RS_int_gender_x_power,False,gender_x_power,Speaker_gender[T.M],0.3801,0.3044,0.4746,0.0,180361,534,1.854995,,fp_count ~ Speaker_gender + I((Speaker_age_at_session - 48.047898) / 10) + scale(speech_rate_syll) + Sentiment_label_float + Party_status + Party_orientation_float + Speaker_gender : Party_status,syll,Speaker_ID,2026-06-19_15-43-51,,,,,False,False
INT_GENDER_X_POWER,GLM_NB_Cluster,INT_GENDER_X_POWER_GLM_NB_Cluster,RS,RS_int_gender_x_power,False,gender_x_power,I((Speaker_age_at_session - 48.047898) / 10),0.7772,0.7102,0.8505,0.0,180361,534,1.854995,,fp_count ~ Speaker_gender + I((Speaker_age_at_session - 48.047898) / 10) + scale(speech_rate_syll) + Sentiment_label_float + Party_status + Party_orientation_float + Speaker_gender : Party_status,syll,Speaker_ID,2026-06-19_15-43-51,,,,,False,False
INT_GENDER_X_POWER,GLM_NB_Cluster,INT_GENDER_X_POWER_GLM_NB_Cluster,RS,RS_int_gender_x_power,False,gender_x_power,scale(speech_rate_syll),0.6354,0.5896,0.6846,0.0,180361,534,1.854995,,fp_count ~ Speaker_gender + I((Speaker_age_at_session - 48.047898) / 10) + scale(speech_rate_syll) + Sentiment_label_float + Party_status + Party_orientation_float + Speaker_gender : Party_status,syll,Speaker_ID,2026-06-19_15-43-51,,,,,False,False
INT_GENDER_X_POWER,GLM_NB_Cluster,INT_GENDER_X_POWER_GLM_NB_Cluster,RS,RS_int_gender_x_power,False,gender_x_power,Sentiment_label_float,1.0813,1.056,1.1073,0.0,180361,534,1.854995,,fp_count ~ Speaker_gender + I((Speaker_age_at_session - 48.047898) / 10) + scale(speech_rate_syll) + Sentiment_label_float + Party_status + Party_orientation_float + Speaker_gender : Party_status,syll,Speaker_ID,2026-06-19_15-43-51,,,,,False,False
INT_GENDER_X_POWER,GLM_NB_Cluster,INT_GENDER_X_POWER_GLM_NB_Cluster,RS,RS_int_gender_x_power,False,gender_x_power,Party_status,1.168,0.7888,1.7295,0.4381,180361,534,1.854995,,fp_count ~ Speaker_gender + I((Speaker_age_at_session - 48.047898) / 10) + scale(speech_rate_syll) + Sentiment_label_float + Party_status + Party_orientation_float + Speaker_gender : Party_status,syll,Speaker_ID,2026-06-19_15-43-51,,,,,False,False
INT_GENDER_X_POWER,GLM_NB_Cluster,INT_GENDER_X_POWER_GLM_NB_Cluster,RS,RS_int_gender_x_power,False,gender_x_power,Speaker_gender[T.M]:Party_status,1.3863,0.818,2.3494,0.2249,180361,534,1.854995,,fp_count ~ Speaker_gender + I((Speaker_age_at_session - 48.047898) / 10) + scale(speech_rate_syll) + Sentiment_label_float + Party_status + Party_orientation_float + Speaker_gender : Party_status,syll,Speaker_ID,2026-06-19_15-43-51,,,,,False,False
INT_GENDER_X_POWER,GLM_NB_Cluster,INT_GENDER_X_POWER_GLM_NB_Cluster,RS,RS_int_gender_x_power,False,gender_x_power,Party_orientation_float,1.0542,0.9408,1.1814,0.3632,180361,534,1.854995,,fp_count ~ Speaker_gender + I((Speaker_age_at_session - 48.047898) / 10) + scale(speech_rate_syll) + Sentiment_label_float + Party_status + Party_orientation_float + Speaker_gender : Party_status,syll,Speaker_ID,2026-06-19_15-43-51,,,,,False,False
INT_GENDER_X_POWER,GLM_NB,INT_GENDER_X_POWER_GLM_NB,RS,RS_int_gender_x_power,False,gender_x_power,Intercept,0.0356,0.0349,0.0363,0.0,180361,534,1.854995,,fp_count ~ Speaker_gender + I((Speaker_age_at_session - 48.047898) / 10) + scale(speech_rate_syll) + Sentiment_label_float + Party_status + Party_orientation_float + Speaker_gender : Party_status,syll,Speaker_ID,2026-06-19_15-43-51,,,,,False,False
INT_GENDER_X_POWER,GLM_NB,INT_GENDER_X_POWER_GLM_NB,RS,RS_int_gender_x_power,False,gender_x_power,Speaker_gender[T.M],0.3801,0.3707,0.3898,0.0,180361,534,1.854995,,fp_count ~ Speaker_gender + I((Speaker_age_at_session - 48.047898) / 10) + scale(speech_rate_syll) + Sentiment_label_float + Party_status + Party_orientation_float + Speaker_gender : Party_status,syll,Speaker_ID,2026-06-19_15-43-51,,,,,False,False
INT_GENDER_X_POWER,GLM_NB,INT_GENDER_X_POWER_GLM_NB,RS,RS_int_gender_x_power,False,gender_x_power,I((Speaker_age_at_session - 48.047898) / 10),0.7772,0.7688,0.7857,0.0,180361,534,1.854995,,fp_count ~ Speaker_gender + I((Speaker_age_at_session - 48.047898) / 10) + scale(speech_rate_syll) + Sentiment_label_float + Party_status + Party_orientation_float + Speaker_gender : Party_status,syll,Speaker_ID,2026-06-19_15-43-51,,,,,False,False
INT_GENDER_X_POWER,GLM_NB,INT_GENDER_X_POWER_GLM_NB,RS,RS_int_gender_x_power,False,gender_x_power,scale(speech_rate_syll),0.6354,0.6271,0.6437,0.0,180361,534,1.854995,,fp_count ~ Speaker_gender + I((Speaker_age_at_session - 48.047898) / 10) + scale(speech_rate_syll) + Sentiment_label_float + Party_status + Party_orientation_float + Speaker_gender : Party_status,syll,Speaker_ID,2026-06-19_15-43-51,,,,,False,False
INT_GENDER_X_POWER,GLM_NB,INT_GENDER_X_POWER_GLM_NB,RS,RS_int_gender_x_power,False,gender_x_power,Sentiment_label_float,1.0813,1.0751,1.0875,0.0,180361,534,1.854995,,fp_count ~ Speaker_gender + I((Speaker_age_at_session - 48.047898) / 10) + scale(speech_rate_syll) + Sentiment_label_float + Party_status + Party_orientation_float + Speaker_gender : Party_status,syll,Speaker_ID,2026-06-19_15-43-51,,,,,False,False
INT_GENDER_X_POWER,GLM_NB,INT_GENDER_X_POWER_GLM_NB,RS,RS_int_gender_x_power,False,gender_x_power,Party_status,1.168,1.1055,1.234,0.0,180361,534,1.854995,,fp_count ~ Speaker_gender + I((Speaker_age_at_session - 48.047898) / 10) + scale(speech_rate_syll) + Sentiment_label_float + Party_status + Party_orientation_float + Speaker_gender : Party_status,syll,Speaker_ID,2026-06-19_15-43-51,,,,,False,False
INT_GENDER_X_POWER,GLM_NB,INT_GENDER_X_POWER_GLM_NB,RS,RS_int_gender_x_power,False,gender_x_power,Speaker_gender[T.M]:Party_status,1.3863,1.3045,1.4733,0.0,180361,534,1.854995,,fp_count ~ Speaker_gender + I((Speaker_age_at_session - 48.047898) / 10) + scale(speech_rate_syll) + Sentiment_label_float + Party_status + Party_orientation_float + Speaker_gender : Party_status,syll,Speaker_ID,2026-06-19_15-43-51,,,,,False,False
INT_GENDER_X_POWER,GLM_NB,INT_GENDER_X_POWER_GLM_NB,RS,RS_int_gender_x_power,False,gender_x_power,Party_orientation_float,1.0542,1.0417,1.0669,0.0,180361,534,1.854995,,fp_count ~ Speaker_gender + I((Speaker_age_at_session - 48.047898) / 10) + scale(speech_rate_syll) + Sentiment_label_float + Party_status + Party_orientation_float + Speaker_gender : Party_status,syll,Speaker_ID,2026-06-19_15-43-51,,,,,False,False
INT_SENTIMENT_X_POWER,GEE_NB_Exch,INT_SENTIMENT_X_POWER_GEE_NB_Exch,global,global_int_sentiment_x_power,False,sentiment_x_power,Intercept,0.0885,0.0758,0.1033,0.0,1001787,1561,1.566200,0.0699,fp_count ~ Speaker_gender + I((Speaker_age_at_session - 49.656757) / 10) + scale(speech_rate_syll) + Sentiment_label_float + Party_status + Party_orientation_float + C(Lang) + Sentiment_label_float : Party_status,syll,Speaker_ID,2026-06-19_15-43-51,,,,,False,False
INT_SENTIMENT_X_POWER,GEE_NB_Exch,INT_SENTIMENT_X_POWER_GEE_NB_Exch,global,global_int_sentiment_x_power,False,sentiment_x_power,Speaker_gender[T.M],0.5553,0.4749,0.6493,0.0,1001787,1561,1.566200,0.0699,fp_count ~ Speaker_gender + I((Speaker_age_at_session - 49.656757) / 10) + scale(speech_rate_syll) + Sentiment_label_float + Party_status + Party_orientation_float + C(Lang) + Sentiment_label_float : Party_status,syll,Speaker_ID,2026-06-19_15-43-51,,,,,False,False
INT_SENTIMENT_X_POWER,GEE_NB_Exch,INT_SENTIMENT_X_POWER_GEE_NB_Exch,global,global_int_sentiment_x_power,False,sentiment_x_power,C(Lang)[T.HR],0.3699,0.3103,0.441,0.0,1001787,1561,1.566200,0.0699,fp_count ~ Speaker_gender + I((Speaker_age_at_session - 49.656757) / 10) + scale(speech_rate_syll) + Sentiment_label_float + Party_status + Party_orientation_float + C(Lang) + Sentiment_label_float : Party_status,syll,Speaker_ID,2026-06-19_15-43-51,,,,,False,False
INT_SENTIMENT_X_POWER,GEE_NB_Exch,INT_SENTIMENT_X_POWER_GEE_NB_Exch,global,global_int_sentiment_x_power,False,sentiment_x_power,C(Lang)[T.PL],1.2625,1.0908,1.4612,0.0018,1001787,1561,1.566200,0.0699,fp_count ~ Speaker_gender + I((Speaker_age_at_session - 49.656757) / 10) + scale(speech_rate_syll) + Sentiment_label_float + Party_status + Party_orientation_float + C(Lang) + Sentiment_label_float : Party_status,syll,Speaker_ID,2026-06-19_15-43-51,,,,,False,False
INT_SENTIMENT_X_POWER,GEE_NB_Exch,INT_SENTIMENT_X_POWER_GEE_NB_Exch,global,global_int_sentiment_x_power,False,sentiment_x_power,C(Lang)[T.RS],0.3234,0.2759,0.379,0.0,1001787,1561,1.566200,0.0699,fp_count ~ Speaker_gender + I((Speaker_age_at_session - 49.656757) / 10) + scale(speech_rate_syll) + Sentiment_label_float + Party_status + Party_orientation_float + C(Lang) + Sentiment_label_float : Party_status,syll,Speaker_ID,2026-06-19_15-43-51,,,,,False,False
INT_SENTIMENT_X_POWER,GEE_NB_Exch,INT_SENTIMENT_X_POWER_GEE_NB_Exch,global,global_int_sentiment_x_power,False,sentiment_x_power,I((Speaker_age_at_session - 49.656757) / 10),0.8109,0.766,0.8584,0.0,1001787,1561,1.566200,0.0699,fp_count ~ Speaker_gender + I((Speaker_age_at_session - 49.656757) / 10) + scale(speech_rate_syll) + Sentiment_label_float + Party_status + Party_orientation_float + C(Lang) + Sentiment_label_float : Party_status,syll,Speaker_ID,2026-06-19_15-43-51,,,,,False,False
INT_SENTIMENT_X_POWER,GEE_NB_Exch,INT_SENTIMENT_X_POWER_GEE_NB_Exch,global,global_int_sentiment_x_power,False,sentiment_x_power,scale(speech_rate_syll),0.629,0.6169,0.6413,0.0,1001787,1561,1.566200,0.0699,fp_count ~ Speaker_gender + I((Speaker_age_at_session - 49.656757) / 10) + scale(speech_rate_syll) + Sentiment_label_float + Party_status + Party_orientation_float + C(Lang) + Sentiment_label_float : Party_status,syll,Speaker_ID,2026-06-19_15-43-51,,,,,False,False
INT_SENTIMENT_X_POWER,GEE_NB_Exch,INT_SENTIMENT_X_POWER_GEE_NB_Exch,global,global_int_sentiment_x_power,False,sentiment_x_power,Sentiment_label_float,1.0455,1.0374,1.0536,0.0,1001787,1561,1.566200,0.0699,fp_count ~ Speaker_gender + I((Speaker_age_at_session - 49.656757) / 10) + scale(speech_rate_syll) + Sentiment_label_float + Party_status + Party_orientation_float + C(Lang) + Sentiment_label_float : Party_status,syll,Speaker_ID,2026-06-19_15-43-51,,,,,False,False
INT_SENTIMENT_X_POWER,GEE_NB_Exch,INT_SENTIMENT_X_POWER_GEE_NB_Exch,global,global_int_sentiment_x_power,False,sentiment_x_power,Party_status,0.958,0.8826,1.0398,0.305,1001787,1561,1.566200,0.0699,fp_count ~ Speaker_gender + I((Speaker_age_at_session - 49.656757) / 10) + scale(speech_rate_syll) + Sentiment_label_float + Party_status + Party_orientation_float + C(Lang) + Sentiment_label_float : Party_status,syll,Speaker_ID,2026-06-19_15-43-51,,,,,False,False
INT_SENTIMENT_X_POWER,GEE_NB_Exch,INT_SENTIMENT_X_POWER_GEE_NB_Exch,global,global_int_sentiment_x_power,False,sentiment_x_power,Party_orientation_float,0.9832,0.9345,1.0345,0.5143,1001787,1561,1.566200,0.0699,fp_count ~ Speaker_gender + I((Speaker_age_at_session - 49.656757) / 10) + scale(speech_rate_syll) + Sentiment_label_float + Party_status + Party_orientation_float + C(Lang) + Sentiment_label_float : Party_status,syll,Speaker_ID,2026-06-19_15-43-51,,,,,False,False
INT_SENTIMENT_X_POWER,GEE_NB_Exch,INT_SENTIMENT_X_POWER_GEE_NB_Exch,global,global_int_sentiment_x_power,False,sentiment_x_power,Sentiment_label_float:Party_status,1.0122,1.0026,1.0219,0.0126,1001787,1561,1.566200,0.0699,fp_count ~ Speaker_gender + I((Speaker_age_at_session - 49.656757) / 10) + scale(speech_rate_syll) + Sentiment_label_float + Party_status + Party_orientation_float + C(Lang) + Sentiment_label_float : Party_status,syll,Speaker_ID,2026-06-19_15-43-51,,,,,False,False
INT_SENTIMENT_X_POWER,GEE_NB_Indep,INT_SENTIMENT_X_POWER_GEE_NB_Indep,global,global_int_sentiment_x_power,False,sentiment_x_power,Intercept,0.0729,0.0614,0.0864,0.0,1001787,1561,1.566200,,fp_count ~ Speaker_gender + I((Speaker_age_at_session - 49.656757) / 10) + scale(speech_rate_syll) + Sentiment_label_float + Party_status + Party_orientation_float + C(Lang) + Sentiment_label_float : Party_status,syll,Speaker_ID,2026-06-19_15-43-51,,,,,False,False
INT_SENTIMENT_X_POWER,GEE_NB_Indep,INT_SENTIMENT_X_POWER_GEE_NB_Indep,global,global_int_sentiment_x_power,False,sentiment_x_power,Speaker_gender[T.M],0.6365,0.5626,0.72,0.0,1001787,1561,1.566200,,fp_count ~ Speaker_gender + I((Speaker_age_at_session - 49.656757) / 10) + scale(speech_rate_syll) + Sentiment_label_float + Party_status + Party_orientation_float + C(Lang) + Sentiment_label_float : Party_status,syll,Speaker_ID,2026-06-19_15-43-51,,,,,False,False
INT_SENTIMENT_X_POWER,GEE_NB_Indep,INT_SENTIMENT_X_POWER_GEE_NB_Indep,global,global_int_sentiment_x_power,False,sentiment_x_power,C(Lang)[T.HR],0.5482,0.4634,0.6486,0.0,1001787,1561,1.566200,,fp_count ~ Speaker_gender + I((Speaker_age_at_session - 49.656757) / 10) + scale(speech_rate_syll) + Sentiment_label_float + Party_status + Party_orientation_float + C(Lang) + Sentiment_label_float : Party_status,syll,Speaker_ID,2026-06-19_15-43-51,,,,,False,False
INT_SENTIMENT_X_POWER,GEE_NB_Indep,INT_SENTIMENT_X_POWER_GEE_NB_Indep,global,global_int_sentiment_x_power,False,sentiment_x_power,C(Lang)[T.PL],1.2073,0.9977,1.4609,0.0528,1001787,1561,1.566200,,fp_count ~ Speaker_gender + I((Speaker_age_at_session - 49.656757) / 10) + scale(speech_rate_syll) + Sentiment_label_float + Party_status + Party_orientation_float + C(Lang) + Sentiment_label_float : Party_status,syll,Speaker_ID,2026-06-19_15-43-51,,,,,False,False
INT_SENTIMENT_X_POWER,GEE_NB_Indep,INT_SENTIMENT_X_POWER_GEE_NB_Indep,global,global_int_sentiment_x_power,False,sentiment_x_power,C(Lang)[T.RS],0.3735,0.3086,0.452,0.0,1001787,1561,1.566200,,fp_count ~ Speaker_gender + I((Speaker_age_at_session - 49.656757) / 10) + scale(speech_rate_syll) + Sentiment_label_float + Party_status + Party_orientation_float + C(Lang) + Sentiment_label_float : Party_status,syll,Speaker_ID,2026-06-19_15-43-51,,,,,False,False
INT_SENTIMENT_X_POWER,GEE_NB_Indep,INT_SENTIMENT_X_POWER_GEE_NB_Indep,global,global_int_sentiment_x_power,False,sentiment_x_power,I((Speaker_age_at_session - 49.656757) / 10),0.8365,0.7894,0.8863,0.0,1001787,1561,1.566200,,fp_count ~ Speaker_gender + I((Speaker_age_at_session - 49.656757) / 10) + scale(speech_rate_syll) + Sentiment_label_float + Party_status + Party_orientation_float + C(Lang) + Sentiment_label_float : Party_status,syll,Speaker_ID,2026-06-19_15-43-51,,,,,False,False
INT_SENTIMENT_X_POWER,GEE_NB_Indep,INT_SENTIMENT_X_POWER_GEE_NB_Indep,global,global_int_sentiment_x_power,False,sentiment_x_power,scale(speech_rate_syll),0.6435,0.6247,0.6628,0.0,1001787,1561,1.566200,,fp_count ~ Speaker_gender + I((Speaker_age_at_session - 49.656757) / 10) + scale(speech_rate_syll) + Sentiment_label_float + Party_status + Party_orientation_float + C(Lang) + Sentiment_label_float : Party_status,syll,Speaker_ID,2026-06-19_15-43-51,,,,,False,False
INT_SENTIMENT_X_POWER,GEE_NB_Indep,INT_SENTIMENT_X_POWER_GEE_NB_Indep,global,global_int_sentiment_x_power,False,sentiment_x_power,Sentiment_label_float,1.0531,1.0391,1.0672,0.0,1001787,1561,1.566200,,fp_count ~ Speaker_gender + I((Speaker_age_at_session - 49.656757) / 10) + scale(speech_rate_syll) + Sentiment_label_float + Party_status + Party_orientation_float + C(Lang) + Sentiment_label_float : Party_status,syll,Speaker_ID,2026-06-19_15-43-51,,,,,False,False
INT_SENTIMENT_X_POWER,GEE_NB_Indep,INT_SENTIMENT_X_POWER_GEE_NB_Indep,global,global_int_sentiment_x_power,False,sentiment_x_power,Party_status,0.8001,0.7038,0.9096,0.0007,1001787,1561,1.566200,,fp_count ~ Speaker_gender + I((Speaker_age_at_session - 49.656757) / 10) + scale(speech_rate_syll) + Sentiment_label_float + Party_status + Party_orientation_float + C(Lang) + Sentiment_label_float : Party_status,syll,Speaker_ID,2026-06-19_15-43-51,,,,,False,False
INT_SENTIMENT_X_POWER,GEE_NB_Indep,INT_SENTIMENT_X_POWER_GEE_NB_Indep,global,global_int_sentiment_x_power,False,sentiment_x_power,Party_orientation_float,1.0307,0.9845,1.0791,0.1958,1001787,1561,1.566200,,fp_count ~ Speaker_gender + I((Speaker_age_at_session - 49.656757) / 10) + scale(speech_rate_syll) + Sentiment_label_float + Party_status + Party_orientation_float + C(Lang) + Sentiment_label_float : Party_status,syll,Speaker_ID,2026-06-19_15-43-51,,,,,False,False
INT_SENTIMENT_X_POWER,GEE_NB_Indep,INT_SENTIMENT_X_POWER_GEE_NB_Indep,global,global_int_sentiment_x_power,False,sentiment_x_power,Sentiment_label_float:Party_status,1.0224,1.0021,1.0431,0.0308,1001787,1561,1.566200,,fp_count ~ Speaker_gender + I((Speaker_age_at_session - 49.656757) / 10) + scale(speech_rate_syll) + Sentiment_label_float + Party_status + Party_orientation_float + C(Lang) + Sentiment_label_float : Party_status,syll,Speaker_ID,2026-06-19_15-43-51,,,,,False,False
INT_SENTIMENT_X_POWER,GLM_NB_Cluster,INT_SENTIMENT_X_POWER_GLM_NB_Cluster,global,global_int_sentiment_x_power,False,sentiment_x_power,Intercept,0.0729,0.0609,0.0872,0.0,1001787,1561,1.566200,,fp_count ~ Speaker_gender + I((Speaker_age_at_session - 49.656757) / 10) + scale(speech_rate_syll) + Sentiment_label_float + Party_status + Party_orientation_float + C(Lang) + Sentiment_label_float : Party_status,syll,Speaker_ID,2026-06-19_15-43-51,,,,,False,False
INT_SENTIMENT_X_POWER,GLM_NB_Cluster,INT_SENTIMENT_X_POWER_GLM_NB_Cluster,global,global_int_sentiment_x_power,False,sentiment_x_power,Speaker_gender[T.M],0.6365,0.5608,0.7223,0.0,1001787,1561,1.566200,,fp_count ~ Speaker_gender + I((Speaker_age_at_session - 49.656757) / 10) + scale(speech_rate_syll) + Sentiment_label_float + Party_status + Party_orientation_float + C(Lang) + Sentiment_label_float : Party_status,syll,Speaker_ID,2026-06-19_15-43-51,,,,,False,False
INT_SENTIMENT_X_POWER,GLM_NB_Cluster,INT_SENTIMENT_X_POWER_GLM_NB_Cluster,global,global_int_sentiment_x_power,False,sentiment_x_power,C(Lang)[T.HR],0.5482,0.4616,0.651,0.0,1001787,1561,1.566200,,fp_count ~ Speaker_gender + I((Speaker_age_at_session - 49.656757) / 10) + scale(speech_rate_syll) + Sentiment_label_float + Party_status + Party_orientation_float + C(Lang) + Sentiment_label_float : Party_status,syll,Speaker_ID,2026-06-19_15-43-51,,,,,False,False
INT_SENTIMENT_X_POWER,GLM_NB_Cluster,INT_SENTIMENT_X_POWER_GLM_NB_Cluster,global,global_int_sentiment_x_power,False,sentiment_x_power,C(Lang)[T.PL],1.2073,0.9971,1.4619,0.0536,1001787,1561,1.566200,,fp_count ~ Speaker_gender + I((Speaker_age_at_session - 49.656757) / 10) + scale(speech_rate_syll) + Sentiment_label_float + Party_status + Party_orientation_float + C(Lang) + Sentiment_label_float : Party_status,syll,Speaker_ID,2026-06-19_15-43-51,,,,,False,False
INT_SENTIMENT_X_POWER,GLM_NB_Cluster,INT_SENTIMENT_X_POWER_GLM_NB_Cluster,global,global_int_sentiment_x_power,False,sentiment_x_power,C(Lang)[T.RS],0.3735,0.3086,0.4521,0.0,1001787,1561,1.566200,,fp_count ~ Speaker_gender + I((Speaker_age_at_session - 49.656757) / 10) + scale(speech_rate_syll) + Sentiment_label_float + Party_status + Party_orientation_float + C(Lang) + Sentiment_label_float : Party_status,syll,Speaker_ID,2026-06-19_15-43-51,,,,,False,False
INT_SENTIMENT_X_POWER,GLM_NB_Cluster,INT_SENTIMENT_X_POWER_GLM_NB_Cluster,global,global_int_sentiment_x_power,False,sentiment_x_power,I((Speaker_age_at_session - 49.656757) / 10),0.8365,0.7895,0.8862,0.0,1001787,1561,1.566200,,fp_count ~ Speaker_gender + I((Speaker_age_at_session - 49.656757) / 10) + scale(speech_rate_syll) + Sentiment_label_float + Party_status + Party_orientation_float + C(Lang) + Sentiment_label_float : Party_status,syll,Speaker_ID,2026-06-19_15-43-51,,,,,False,False
INT_SENTIMENT_X_POWER,GLM_NB_Cluster,INT_SENTIMENT_X_POWER_GLM_NB_Cluster,global,global_int_sentiment_x_power,False,sentiment_x_power,scale(speech_rate_syll),0.6435,0.6235,0.6641,0.0,1001787,1561,1.566200,,fp_count ~ Speaker_gender + I((Speaker_age_at_session - 49.656757) / 10) + scale(speech_rate_syll) + Sentiment_label_float + Party_status + Party_orientation_float + C(Lang) + Sentiment_label_float : Party_status,syll,Speaker_ID,2026-06-19_15-43-51,,,,,False,False
INT_SENTIMENT_X_POWER,GLM_NB_Cluster,INT_SENTIMENT_X_POWER_GLM_NB_Cluster,global,global_int_sentiment_x_power,False,sentiment_x_power,Sentiment_label_float,1.0531,1.0388,1.0675,0.0,1001787,1561,1.566200,,fp_count ~ Speaker_gender + I((Speaker_age_at_session - 49.656757) / 10) + scale(speech_rate_syll) + Sentiment_label_float + Party_status + Party_orientation_float + C(Lang) + Sentiment_label_float : Party_status,syll,Speaker_ID,2026-06-19_15-43-51,,,,,False,False
INT_SENTIMENT_X_POWER,GLM_NB_Cluster,INT_SENTIMENT_X_POWER_GLM_NB_Cluster,global,global_int_sentiment_x_power,False,sentiment_x_power,Party_status,0.8001,0.7032,0.9103,0.0007,1001787,1561,1.566200,,fp_count ~ Speaker_gender + I((Speaker_age_at_session - 49.656757) / 10) + scale(speech_rate_syll) + Sentiment_label_float + Party_status + Party_orientation_float + C(Lang) + Sentiment_label_float : Party_status,syll,Speaker_ID,2026-06-19_15-43-51,,,,,False,False
INT_SENTIMENT_X_POWER,GLM_NB_Cluster,INT_SENTIMENT_X_POWER_GLM_NB_Cluster,global,global_int_sentiment_x_power,False,sentiment_x_power,Party_orientation_float,1.0307,0.9828,1.081,0.213,1001787,1561,1.566200,,fp_count ~ Speaker_gender + I((Speaker_age_at_session - 49.656757) / 10) + scale(speech_rate_syll) + Sentiment_label_float + Party_status + Party_orientation_float + C(Lang) + Sentiment_label_float : Party_status,syll,Speaker_ID,2026-06-19_15-43-51,,,,,False,False
INT_SENTIMENT_X_POWER,GLM_NB_Cluster,INT_SENTIMENT_X_POWER_GLM_NB_Cluster,global,global_int_sentiment_x_power,False,sentiment_x_power,Sentiment_label_float:Party_status,1.0224,1.0016,1.0435,0.0344,1001787,1561,1.566200,,fp_count ~ Speaker_gender + I((Speaker_age_at_session - 49.656757) / 10) + scale(speech_rate_syll) + Sentiment_label_float + Party_status + Party_orientation_float + C(Lang) + Sentiment_label_float : Party_status,syll,Speaker_ID,2026-06-19_15-43-51,,,,,False,False
INT_SENTIMENT_X_POWER,GLM_NB,INT_SENTIMENT_X_POWER_GLM_NB,global,global_int_sentiment_x_power,False,sentiment_x_power,Intercept,0.0729,0.072,0.0738,0.0,1001787,1561,1.566200,,fp_count ~ Speaker_gender + I((Speaker_age_at_session - 49.656757) / 10) + scale(speech_rate_syll) + Sentiment_label_float + Party_status + Party_orientation_float + C(Lang) + Sentiment_label_float : Party_status,syll,Speaker_ID,2026-06-19_15-43-51,,,,,False,False
INT_SENTIMENT_X_POWER,GLM_NB,INT_SENTIMENT_X_POWER_GLM_NB,global,global_int_sentiment_x_power,False,sentiment_x_power,Speaker_gender[T.M],0.6365,0.6308,0.6421,0.0,1001787,1561,1.566200,,fp_count ~ Speaker_gender + I((Speaker_age_at_session - 49.656757) / 10) + scale(speech_rate_syll) + Sentiment_label_float + Party_status + Party_orientation_float + C(Lang) + Sentiment_label_float : Party_status,syll,Speaker_ID,2026-06-19_15-43-51,,,,,False,False
INT_SENTIMENT_X_POWER,GLM_NB,INT_SENTIMENT_X_POWER_GLM_NB,global,global_int_sentiment_x_power,False,sentiment_x_power,C(Lang)[T.HR],0.5482,0.5422,0.5543,0.0,1001787,1561,1.566200,,fp_count ~ Speaker_gender + I((Speaker_age_at_session - 49.656757) / 10) + scale(speech_rate_syll) + Sentiment_label_float + Party_status + Party_orientation_float + C(Lang) + Sentiment_label_float : Party_status,syll,Speaker_ID,2026-06-19_15-43-51,,,,,False,False
INT_SENTIMENT_X_POWER,GLM_NB,INT_SENTIMENT_X_POWER_GLM_NB,global,global_int_sentiment_x_power,False,sentiment_x_power,C(Lang)[T.PL],1.2073,1.1907,1.2242,0.0,1001787,1561,1.566200,,fp_count ~ Speaker_gender + I((Speaker_age_at_session - 49.656757) / 10) + scale(speech_rate_syll) + Sentiment_label_float + Party_status + Party_orientation_float + C(Lang) + Sentiment_label_float : Party_status,syll,Speaker_ID,2026-06-19_15-43-51,,,,,False,False
INT_SENTIMENT_X_POWER,GLM_NB,INT_SENTIMENT_X_POWER_GLM_NB,global,global_int_sentiment_x_power,False,sentiment_x_power,C(Lang)[T.RS],0.3735,0.3681,0.3789,0.0,1001787,1561,1.566200,,fp_count ~ Speaker_gender + I((Speaker_age_at_session - 49.656757) / 10) + scale(speech_rate_syll) + Sentiment_label_float + Party_status + Party_orientation_float + C(Lang) + Sentiment_label_float : Party_status,syll,Speaker_ID,2026-06-19_15-43-51,,,,,False,False
INT_SENTIMENT_X_POWER,GLM_NB,INT_SENTIMENT_X_POWER_GLM_NB,global,global_int_sentiment_x_power,False,sentiment_x_power,I((Speaker_age_at_session - 49.656757) / 10),0.8365,0.8329,0.8401,0.0,1001787,1561,1.566200,,fp_count ~ Speaker_gender + I((Speaker_age_at_session - 49.656757) / 10) + scale(speech_rate_syll) + Sentiment_label_float + Party_status + Party_orientation_float + C(Lang) + Sentiment_label_float : Party_status,syll,Speaker_ID,2026-06-19_15-43-51,,,,,False,False
INT_SENTIMENT_X_POWER,GLM_NB,INT_SENTIMENT_X_POWER_GLM_NB,global,global_int_sentiment_x_power,False,sentiment_x_power,scale(speech_rate_syll),0.6435,0.6406,0.6464,0.0,1001787,1561,1.566200,,fp_count ~ Speaker_gender + I((Speaker_age_at_session - 49.656757) / 10) + scale(speech_rate_syll) + Sentiment_label_float + Party_status + Party_orientation_float + C(Lang) + Sentiment_label_float : Party_status,syll,Speaker_ID,2026-06-19_15-43-51,,,,,False,False
INT_SENTIMENT_X_POWER,GLM_NB,INT_SENTIMENT_X_POWER_GLM_NB,global,global_int_sentiment_x_power,False,sentiment_x_power,Sentiment_label_float,1.0531,1.0503,1.0558,0.0,1001787,1561,1.566200,,fp_count ~ Speaker_gender + I((Speaker_age_at_session - 49.656757) / 10) + scale(speech_rate_syll) + Sentiment_label_float + Party_status + Party_orientation_float + C(Lang) + Sentiment_label_float : Party_status,syll,Speaker_ID,2026-06-19_15-43-51,,,,,False,False
INT_SENTIMENT_X_POWER,GLM_NB,INT_SENTIMENT_X_POWER_GLM_NB,global,global_int_sentiment_x_power,False,sentiment_x_power,Party_status,0.8001,0.7922,0.8081,0.0,1001787,1561,1.566200,,fp_count ~ Speaker_gender + I((Speaker_age_at_session - 49.656757) / 10) + scale(speech_rate_syll) + Sentiment_label_float + Party_status + Party_orientation_float + C(Lang) + Sentiment_label_float : Party_status,syll,Speaker_ID,2026-06-19_15-43-51,,,,,False,False
INT_SENTIMENT_X_POWER,GLM_NB,INT_SENTIMENT_X_POWER_GLM_NB,global,global_int_sentiment_x_power,False,sentiment_x_power,Party_orientation_float,1.0307,1.0273,1.0342,0.0,1001787,1561,1.566200,,fp_count ~ Speaker_gender + I((Speaker_age_at_session - 49.656757) / 10) + scale(speech_rate_syll) + Sentiment_label_float + Party_status + Party_orientation_float + C(Lang) + Sentiment_label_float : Party_status,syll,Speaker_ID,2026-06-19_15-43-51,,,,,False,False
INT_SENTIMENT_X_POWER,GLM_NB,INT_SENTIMENT_X_POWER_GLM_NB,global,global_int_sentiment_x_power,False,sentiment_x_power,Sentiment_label_float:Party_status,1.0224,1.0176,1.0272,0.0,1001787,1561,1.566200,,fp_count ~ Speaker_gender + I((Speaker_age_at_session - 49.656757) / 10) + scale(speech_rate_syll) + Sentiment_label_float + Party_status + Party_orientation_float + C(Lang) + Sentiment_label_float : Party_status,syll,Speaker_ID,2026-06-19_15-43-51,,,,,False,False
INT_GENDER_X_ORIENTATION,GEE_NB_Exch,INT_GENDER_X_ORIENTATION_GEE_NB_Exch,CZ,CZ_int_gender_x_orientation,False,gender_x_orientation,Intercept,0.0544,0.0396,0.0747,0.0,219878,405,1.049150,0.1693,fp_count ~ Speaker_gender + I((Speaker_age_at_session - 50.381261) / 10) + scale(speech_rate_syll) + Sentiment_label_float + Party_status + Party_orientation_float + Speaker_gender : Party_orientation_float,syll,Speaker_ID,2026-06-19_15-43-51,,,,,False,False
INT_GENDER_X_ORIENTATION,GEE_NB_Exch,INT_GENDER_X_ORIENTATION_GEE_NB_Exch,CZ,CZ_int_gender_x_orientation,False,gender_x_orientation,Speaker_gender[T.M],0.8779,0.6151,1.2529,0.473,219878,405,1.049150,0.1693,fp_count ~ Speaker_gender + I((Speaker_age_at_session - 50.381261) / 10) + scale(speech_rate_syll) + Sentiment_label_float + Party_status + Party_orientation_float + Speaker_gender : Party_orientation_float,syll,Speaker_ID,2026-06-19_15-43-51,,,,,False,False
INT_GENDER_X_ORIENTATION,GEE_NB_Exch,INT_GENDER_X_ORIENTATION_GEE_NB_Exch,CZ,CZ_int_gender_x_orientation,False,gender_x_orientation,I((Speaker_age_at_session - 50.381261) / 10),0.8646,0.7854,0.9518,0.003,219878,405,1.049150,0.1693,fp_count ~ Speaker_gender + I((Speaker_age_at_session - 50.381261) / 10) + scale(speech_rate_syll) + Sentiment_label_float + Party_status + Party_orientation_float + Speaker_gender : Party_orientation_float,syll,Speaker_ID,2026-06-19_15-43-51,,,,,False,False
INT_GENDER_X_ORIENTATION,GEE_NB_Exch,INT_GENDER_X_ORIENTATION_GEE_NB_Exch,CZ,CZ_int_gender_x_orientation,False,gender_x_orientation,scale(speech_rate_syll),0.5996,0.5772,0.6229,0.0,219878,405,1.049150,0.1693,fp_count ~ Speaker_gender + I((Speaker_age_at_session - 50.381261) / 10) + scale(speech_rate_syll) + Sentiment_label_float + Party_status + Party_orientation_float + Speaker_gender : Party_orientation_float,syll,Speaker_ID,2026-06-19_15-43-51,,,,,False,False
INT_GENDER_X_ORIENTATION,GEE_NB_Exch,INT_GENDER_X_ORIENTATION_GEE_NB_Exch,CZ,CZ_int_gender_x_orientation,False,gender_x_orientation,Sentiment_label_float,1.0552,1.0483,1.0622,0.0,219878,405,1.049150,0.1693,fp_count ~ Speaker_gender + I((Speaker_age_at_session - 50.381261) / 10) + scale(speech_rate_syll) + Sentiment_label_float + Party_status + Party_orientation_float + Speaker_gender : Party_orientation_float,syll,Speaker_ID,2026-06-19_15-43-51,,,,,False,False
INT_GENDER_X_ORIENTATION,GEE_NB_Exch,INT_GENDER_X_ORIENTATION_GEE_NB_Exch,CZ,CZ_int_gender_x_orientation,False,gender_x_orientation,Party_status,0.9089,0.8286,0.9968,0.0427,219878,405,1.049150,0.1693,fp_count ~ Speaker_gender + I((Speaker_age_at_session - 50.381261) / 10) + scale(speech_rate_syll) + Sentiment_label_float + Party_status + Party_orientation_float + Speaker_gender : Party_orientation_float,syll,Speaker_ID,2026-06-19_15-43-51,,,,,False,False
INT_GENDER_X_ORIENTATION,GEE_NB_Exch,INT_GENDER_X_ORIENTATION_GEE_NB_Exch,CZ,CZ_int_gender_x_orientation,False,gender_x_orientation,Party_orientation_float,0.8233,0.6522,1.0393,0.1019,219878,405,1.049150,0.1693,fp_count ~ Speaker_gender + I((Speaker_age_at_session - 50.381261) / 10) + scale(speech_rate_syll) + Sentiment_label_float + Party_status + Party_orientation_float + Speaker_gender : Party_orientation_float,syll,Speaker_ID,2026-06-19_15-43-51,,,,,False,False
INT_GENDER_X_ORIENTATION,GEE_NB_Exch,INT_GENDER_X_ORIENTATION_GEE_NB_Exch,CZ,CZ_int_gender_x_orientation,False,gender_x_orientation,Speaker_gender[T.M]:Party_orientation_float,1.2604,0.9892,1.6059,0.0612,219878,405,1.049150,0.1693,fp_count ~ Speaker_gender + I((Speaker_age_at_session - 50.381261) / 10) + scale(speech_rate_syll) + Sentiment_label_float + Party_status + Party_orientation_float + Speaker_gender : Party_orientation_float,syll,Speaker_ID,2026-06-19_15-43-51,,,,,False,False
INT_GENDER_X_ORIENTATION,GEE_NB_Indep,INT_GENDER_X_ORIENTATION_GEE_NB_Indep,CZ,CZ_int_gender_x_orientation,False,gender_x_orientation,Intercept,0.0488,0.0386,0.0618,0.0,219878,405,1.049150,,fp_count ~ Speaker_gender + I((Speaker_age_at_session - 50.381261) / 10) + scale(speech_rate_syll) + Sentiment_label_float + Party_status + Party_orientation_float + Speaker_gender : Party_orientation_float,syll,Speaker_ID,2026-06-19_15-43-51,,,,,False,False
INT_GENDER_X_ORIENTATION,GEE_NB_Indep,INT_GENDER_X_ORIENTATION_GEE_NB_Indep,CZ,CZ_int_gender_x_orientation,False,gender_x_orientation,Speaker_gender[T.M],1.0601,0.8099,1.3876,0.6708,219878,405,1.049150,,fp_count ~ Speaker_gender + I((Speaker_age_at_session - 50.381261) / 10) + scale(speech_rate_syll) + Sentiment_label_float + Party_status + Party_orientation_float + Speaker_gender : Party_orientation_float,syll,Speaker_ID,2026-06-19_15-43-51,,,,,False,False
INT_GENDER_X_ORIENTATION,GEE_NB_Indep,INT_GENDER_X_ORIENTATION_GEE_NB_Indep,CZ,CZ_int_gender_x_orientation,False,gender_x_orientation,I((Speaker_age_at_session - 50.381261) / 10),0.767,0.6859,0.8576,0.0,219878,405,1.049150,,fp_count ~ Speaker_gender + I((Speaker_age_at_session - 50.381261) / 10) + scale(speech_rate_syll) + Sentiment_label_float + Party_status + Party_orientation_float + Speaker_gender : Party_orientation_float,syll,Speaker_ID,2026-06-19_15-43-51,,,,,False,False
INT_GENDER_X_ORIENTATION,GEE_NB_Indep,INT_GENDER_X_ORIENTATION_GEE_NB_Indep,CZ,CZ_int_gender_x_orientation,False,gender_x_orientation,scale(speech_rate_syll),0.5827,0.5522,0.6148,0.0,219878,405,1.049150,,fp_count ~ Speaker_gender + I((Speaker_age_at_session - 50.381261) / 10) + scale(speech_rate_syll) + Sentiment_label_float + Party_status + Party_orientation_float + Speaker_gender : Party_orientation_float,syll,Speaker_ID,2026-06-19_15-43-51,,,,,False,False
INT_GENDER_X_ORIENTATION,GEE_NB_Indep,INT_GENDER_X_ORIENTATION_GEE_NB_Indep,CZ,CZ_int_gender_x_orientation,False,gender_x_orientation,Sentiment_label_float,1.0696,1.0535,1.0859,0.0,219878,405,1.049150,,fp_count ~ Speaker_gender + I((Speaker_age_at_session - 50.381261) / 10) + scale(speech_rate_syll) + Sentiment_label_float + Party_status + Party_orientation_float + Speaker_gender : Party_orientation_float,syll,Speaker_ID,2026-06-19_15-43-51,,,,,False,False
INT_GENDER_X_ORIENTATION,GEE_NB_Indep,INT_GENDER_X_ORIENTATION_GEE_NB_Indep,CZ,CZ_int_gender_x_orientation,False,gender_x_orientation,Party_status,0.7739,0.6531,0.9169,0.0031,219878,405,1.049150,,fp_count ~ Speaker_gender + I((Speaker_age_at_session - 50.381261) / 10) + scale(speech_rate_syll) + Sentiment_label_float + Party_status + Party_orientation_float + Speaker_gender : Party_orientation_float,syll,Speaker_ID,2026-06-19_15-43-51,,,,,False,False
INT_GENDER_X_ORIENTATION,GEE_NB_Indep,INT_GENDER_X_ORIENTATION_GEE_NB_Indep,CZ,CZ_int_gender_x_orientation,False,gender_x_orientation,Party_orientation_float,0.9589,0.8858,1.0381,0.2996,219878,405,1.049150,,fp_count ~ Speaker_gender + I((Speaker_age_at_session - 50.381261) / 10) + scale(speech_rate_syll) + Sentiment_label_float + Party_status + Party_orientation_float + Speaker_gender : Party_orientation_float,syll,Speaker_ID,2026-06-19_15-43-51,,,,,False,False
INT_GENDER_X_ORIENTATION,GEE_NB_Indep,INT_GENDER_X_ORIENTATION_GEE_NB_Indep,CZ,CZ_int_gender_x_orientation,False,gender_x_orientation,Speaker_gender[T.M]:Party_orientation_float,1.0943,0.9676,1.2376,0.1512,219878,405,1.049150,,fp_count ~ Speaker_gender + I((Speaker_age_at_session - 50.381261) / 10) + scale(speech_rate_syll) + Sentiment_label_float + Party_status + Party_orientation_float + Speaker_gender : Party_orientation_float,syll,Speaker_ID,2026-06-19_15-43-51,,,,,False,False
INT_GENDER_X_ORIENTATION,GLM_NB_Cluster,INT_GENDER_X_ORIENTATION_GLM_NB_Cluster,CZ,CZ_int_gender_x_orientation,False,gender_x_orientation,Intercept,0.0488,0.0385,0.0619,0.0,219878,405,1.049150,,fp_count ~ Speaker_gender + I((Speaker_age_at_session - 50.381261) / 10) + scale(speech_rate_syll) + Sentiment_label_float + Party_status + Party_orientation_float + Speaker_gender : Party_orientation_float,syll,Speaker_ID,2026-06-19_15-43-51,,,,,False,False
INT_GENDER_X_ORIENTATION,GLM_NB_Cluster,INT_GENDER_X_ORIENTATION_GLM_NB_Cluster,CZ,CZ_int_gender_x_orientation,False,gender_x_orientation,Speaker_gender[T.M],1.0601,0.8106,1.3864,0.6698,219878,405,1.049150,,fp_count ~ Speaker_gender + I((Speaker_age_at_session - 50.381261) / 10) + scale(speech_rate_syll) + Sentiment_label_float + Party_status + Party_orientation_float + Speaker_gender : Party_orientation_float,syll,Speaker_ID,2026-06-19_15-43-51,,,,,False,False
INT_GENDER_X_ORIENTATION,GLM_NB_Cluster,INT_GENDER_X_ORIENTATION_GLM_NB_Cluster,CZ,CZ_int_gender_x_orientation,False,gender_x_orientation,I((Speaker_age_at_session - 50.381261) / 10),0.767,0.6881,0.8549,0.0,219878,405,1.049150,,fp_count ~ Speaker_gender + I((Speaker_age_at_session - 50.381261) / 10) + scale(speech_rate_syll) + Sentiment_label_float + Party_status + Party_orientation_float + Speaker_gender : Party_orientation_float,syll,Speaker_ID,2026-06-19_15-43-51,,,,,False,False
INT_GENDER_X_ORIENTATION,GLM_NB_Cluster,INT_GENDER_X_ORIENTATION_GLM_NB_Cluster,CZ,CZ_int_gender_x_orientation,False,gender_x_orientation,scale(speech_rate_syll),0.5827,0.5519,0.6152,0.0,219878,405,1.049150,,fp_count ~ Speaker_gender + I((Speaker_age_at_session - 50.381261) / 10) + scale(speech_rate_syll) + Sentiment_label_float + Party_status + Party_orientation_float + Speaker_gender : Party_orientation_float,syll,Speaker_ID,2026-06-19_15-43-51,,,,,False,False
INT_GENDER_X_ORIENTATION,GLM_NB_Cluster,INT_GENDER_X_ORIENTATION_GLM_NB_Cluster,CZ,CZ_int_gender_x_orientation,False,gender_x_orientation,Sentiment_label_float,1.0696,1.0533,1.0861,0.0,219878,405,1.049150,,fp_count ~ Speaker_gender + I((Speaker_age_at_session - 50.381261) / 10) + scale(speech_rate_syll) + Sentiment_label_float + Party_status + Party_orientation_float + Speaker_gender : Party_orientation_float,syll,Speaker_ID,2026-06-19_15-43-51,,,,,False,False
INT_GENDER_X_ORIENTATION,GLM_NB_Cluster,INT_GENDER_X_ORIENTATION_GLM_NB_Cluster,CZ,CZ_int_gender_x_orientation,False,gender_x_orientation,Party_status,0.7739,0.6532,0.9168,0.003,219878,405,1.049150,,fp_count ~ Speaker_gender + I((Speaker_age_at_session - 50.381261) / 10) + scale(speech_rate_syll) + Sentiment_label_float + Party_status + Party_orientation_float + Speaker_gender : Party_orientation_float,syll,Speaker_ID,2026-06-19_15-43-51,,,,,False,False
INT_GENDER_X_ORIENTATION,GLM_NB_Cluster,INT_GENDER_X_ORIENTATION_GLM_NB_Cluster,CZ,CZ_int_gender_x_orientation,False,gender_x_orientation,Party_orientation_float,0.9589,0.8765,1.049,0.3597,219878,405,1.049150,,fp_count ~ Speaker_gender + I((Speaker_age_at_session - 50.381261) / 10) + scale(speech_rate_syll) + Sentiment_label_float + Party_status + Party_orientation_float + Speaker_gender : Party_orientation_float,syll,Speaker_ID,2026-06-19_15-43-51,,,,,False,False
INT_GENDER_X_ORIENTATION,GLM_NB_Cluster,INT_GENDER_X_ORIENTATION_GLM_NB_Cluster,CZ,CZ_int_gender_x_orientation,False,gender_x_orientation,Speaker_gender[T.M]:Party_orientation_float,1.0943,0.9566,1.2518,0.1889,219878,405,1.049150,,fp_count ~ Speaker_gender + I((Speaker_age_at_session - 50.381261) / 10) + scale(speech_rate_syll) + Sentiment_label_float + Party_status + Party_orientation_float + Speaker_gender : Party_orientation_float,syll,Speaker_ID,2026-06-19_15-43-51,,,,,False,False
INT_GENDER_X_ORIENTATION,GLM_NB,INT_GENDER_X_ORIENTATION_GLM_NB,CZ,CZ_int_gender_x_orientation,False,gender_x_orientation,Intercept,0.0488,0.0478,0.0499,0.0,219878,405,1.049150,,fp_count ~ Speaker_gender + I((Speaker_age_at_session - 50.381261) / 10) + scale(speech_rate_syll) + Sentiment_label_float + Party_status + Party_orientation_float + Speaker_gender : Party_orientation_float,syll,Speaker_ID,2026-06-19_15-43-51,,,,,False,False
INT_GENDER_X_ORIENTATION,GLM_NB,INT_GENDER_X_ORIENTATION_GLM_NB,CZ,CZ_int_gender_x_orientation,False,gender_x_orientation,Speaker_gender[T.M],1.0601,1.0392,1.0814,0.0,219878,405,1.049150,,fp_count ~ Speaker_gender + I((Speaker_age_at_session - 50.381261) / 10) + scale(speech_rate_syll) + Sentiment_label_float + Party_status + Party_orientation_float + Speaker_gender : Party_orientation_float,syll,Speaker_ID,2026-06-19_15-43-51,,,,,False,False
INT_GENDER_X_ORIENTATION,GLM_NB,INT_GENDER_X_ORIENTATION_GLM_NB,CZ,CZ_int_gender_x_orientation,False,gender_x_orientation,I((Speaker_age_at_session - 50.381261) / 10),0.767,0.7608,0.7732,0.0,219878,405,1.049150,,fp_count ~ Speaker_gender + I((Speaker_age_at_session - 50.381261) / 10) + scale(speech_rate_syll) + Sentiment_label_float + Party_status + Party_orientation_float + Speaker_gender : Party_orientation_float,syll,Speaker_ID,2026-06-19_15-43-51,,,,,False,False
INT_GENDER_X_ORIENTATION,GLM_NB,INT_GENDER_X_ORIENTATION_GLM_NB,CZ,CZ_int_gender_x_orientation,False,gender_x_orientation,scale(speech_rate_syll),0.5827,0.5777,0.5877,0.0,219878,405,1.049150,,fp_count ~ Speaker_gender + I((Speaker_age_at_session - 50.381261) / 10) + scale(speech_rate_syll) + Sentiment_label_float + Party_status + Party_orientation_float + Speaker_gender : Party_orientation_float,syll,Speaker_ID,2026-06-19_15-43-51,,,,,False,False
INT_GENDER_X_ORIENTATION,GLM_NB,INT_GENDER_X_ORIENTATION_GLM_NB,CZ,CZ_int_gender_x_orientation,False,gender_x_orientation,Sentiment_label_float,1.0696,1.065,1.0742,0.0,219878,405,1.049150,,fp_count ~ Speaker_gender + I((Speaker_age_at_session - 50.381261) / 10) + scale(speech_rate_syll) + Sentiment_label_float + Party_status + Party_orientation_float + Speaker_gender : Party_orientation_float,syll,Speaker_ID,2026-06-19_15-43-51,,,,,False,False
INT_GENDER_X_ORIENTATION,GLM_NB,INT_GENDER_X_ORIENTATION_GLM_NB,CZ,CZ_int_gender_x_orientation,False,gender_x_orientation,Party_status,0.7739,0.7607,0.7872,0.0,219878,405,1.049150,,fp_count ~ Speaker_gender + I((Speaker_age_at_session - 50.381261) / 10) + scale(speech_rate_syll) + Sentiment_label_float + Party_status + Party_orientation_float + Speaker_gender : Party_orientation_float,syll,Speaker_ID,2026-06-19_15-43-51,,,,,False,False
INT_GENDER_X_ORIENTATION,GLM_NB,INT_GENDER_X_ORIENTATION_GLM_NB,CZ,CZ_int_gender_x_orientation,False,gender_x_orientation,Party_orientation_float,0.9589,0.9466,0.9713,0.0,219878,405,1.049150,,fp_count ~ Speaker_gender + I((Speaker_age_at_session - 50.381261) / 10) + scale(speech_rate_syll) + Sentiment_label_float + Party_status + Party_orientation_float + Speaker_gender : Party_orientation_float,syll,Speaker_ID,2026-06-19_15-43-51,,,,,False,False
INT_GENDER_X_ORIENTATION,GLM_NB,INT_GENDER_X_ORIENTATION_GLM_NB,CZ,CZ_int_gender_x_orientation,False,gender_x_orientation,Speaker_gender[T.M]:Party_orientation_float,1.0943,1.0785,1.1103,0.0,219878,405,1.049150,,fp_count ~ Speaker_gender + I((Speaker_age_at_session - 50.381261) / 10) + scale(speech_rate_syll) + Sentiment_label_float + Party_status + Party_orientation_float + Speaker_gender : Party_orientation_float,syll,Speaker_ID,2026-06-19_15-43-51,,,,,False,False
INT_GENDER_X_ORIENTATION,GEE_NB_Exch,INT_GENDER_X_ORIENTATION_GEE_NB_Exch,PL,PL_int_gender_x_orientation,False,gender_x_orientation,Intercept,0.0575,0.0453,0.073,0.0,117305,342,1.220002,0.2640,fp_count ~ Speaker_gender + I((Speaker_age_at_session - 51.186846) / 10) + scale(speech_rate_syll) + Sentiment_label_float + Party_status + Party_orientation_float + Speaker_gender : Party_orientation_float,syll,Speaker_ID,2026-06-19_15-43-51,,,,,False,False
INT_GENDER_X_ORIENTATION,GEE_NB_Exch,INT_GENDER_X_ORIENTATION_GEE_NB_Exch,PL,PL_int_gender_x_orientation,False,gender_x_orientation,Speaker_gender[T.M],1.0276,0.7783,1.357,0.8475,117305,342,1.220002,0.2640,fp_count ~ Speaker_gender + I((Speaker_age_at_session - 51.186846) / 10) + scale(speech_rate_syll) + Sentiment_label_float + Party_status + Party_orientation_float + Speaker_gender : Party_orientation_float,syll,Speaker_ID,2026-06-19_15-43-51,,,,,False,False
INT_GENDER_X_ORIENTATION,GEE_NB_Exch,INT_GENDER_X_ORIENTATION_GEE_NB_Exch,PL,PL_int_gender_x_orientation,False,gender_x_orientation,I((Speaker_age_at_session - 51.186846) / 10),1.0275,0.952,1.109,0.486,117305,342,1.220002,0.2640,fp_count ~ Speaker_gender + I((Speaker_age_at_session - 51.186846) / 10) + scale(speech_rate_syll) + Sentiment_label_float + Party_status + Party_orientation_float + Speaker_gender : Party_orientation_float,syll,Speaker_ID,2026-06-19_15-43-51,,,,,False,False
INT_GENDER_X_ORIENTATION,GEE_NB_Exch,INT_GENDER_X_ORIENTATION_GEE_NB_Exch,PL,PL_int_gender_x_orientation,False,gender_x_orientation,scale(speech_rate_syll),0.6248,0.6103,0.6396,0.0,117305,342,1.220002,0.2640,fp_count ~ Speaker_gender + I((Speaker_age_at_session - 51.186846) / 10) + scale(speech_rate_syll) + Sentiment_label_float + Party_status + Party_orientation_float + Speaker_gender : Party_orientation_float,syll,Speaker_ID,2026-06-19_15-43-51,,,,,False,False
INT_GENDER_X_ORIENTATION,GEE_NB_Exch,INT_GENDER_X_ORIENTATION_GEE_NB_Exch,PL,PL_int_gender_x_orientation,False,gender_x_orientation,Sentiment_label_float,1.0249,1.0187,1.0313,0.0,117305,342,1.220002,0.2640,fp_count ~ Speaker_gender + I((Speaker_age_at_session - 51.186846) / 10) + scale(speech_rate_syll) + Sentiment_label_float + Party_status + Party_orientation_float + Speaker_gender : Party_orientation_float,syll,Speaker_ID,2026-06-19_15-43-51,,,,,False,False
INT_GENDER_X_ORIENTATION,GEE_NB_Exch,INT_GENDER_X_ORIENTATION_GEE_NB_Exch,PL,PL_int_gender_x_orientation,False,gender_x_orientation,Party_status,1.2998,1.0287,1.6422,0.028,117305,342,1.220002,0.2640,fp_count ~ Speaker_gender + I((Speaker_age_at_session - 51.186846) / 10) + scale(speech_rate_syll) + Sentiment_label_float + Party_status + Party_orientation_float + Speaker_gender : Party_orientation_float,syll,Speaker_ID,2026-06-19_15-43-51,,,,,False,False
INT_GENDER_X_ORIENTATION,GEE_NB_Exch,INT_GENDER_X_ORIENTATION_GEE_NB_Exch,PL,PL_int_gender_x_orientation,False,gender_x_orientation,Party_orientation_float,1.0645,0.9468,1.1969,0.2959,117305,342,1.220002,0.2640,fp_count ~ Speaker_gender + I((Speaker_age_at_session - 51.186846) / 10) + scale(speech_rate_syll) + Sentiment_label_float + Party_status + Party_orientation_float + Speaker_gender : Party_orientation_float,syll,Speaker_ID,2026-06-19_15-43-51,,,,,False,False
INT_GENDER_X_ORIENTATION,GEE_NB_Exch,INT_GENDER_X_ORIENTATION_GEE_NB_Exch,PL,PL_int_gender_x_orientation,False,gender_x_orientation,Speaker_gender[T.M]:Party_orientation_float,1.0573,0.9131,1.2243,0.4563,117305,342,1.220002,0.2640,fp_count ~ Speaker_gender + I((Speaker_age_at_session - 51.186846) / 10) + scale(speech_rate_syll) + Sentiment_label_float + Party_status + Party_orientation_float + Speaker_gender : Party_orientation_float,syll,Speaker_ID,2026-06-19_15-43-51,,,,,False,False
INT_GENDER_X_ORIENTATION,GEE_NB_Indep,INT_GENDER_X_ORIENTATION_GEE_NB_Indep,PL,PL_int_gender_x_orientation,False,gender_x_orientation,Intercept,0.0456,0.0344,0.0604,0.0,117305,342,1.220002,,fp_count ~ Speaker_gender + I((Speaker_age_at_session - 51.186846) / 10) + scale(speech_rate_syll) + Sentiment_label_float + Party_status + Party_orientation_float + Speaker_gender : Party_orientation_float,syll,Speaker_ID,2026-06-19_15-43-51,,,,,False,False
INT_GENDER_X_ORIENTATION,GEE_NB_Indep,INT_GENDER_X_ORIENTATION_GEE_NB_Indep,PL,PL_int_gender_x_orientation,False,gender_x_orientation,Speaker_gender[T.M],1.1699,0.8315,1.6461,0.3678,117305,342,1.220002,,fp_count ~ Speaker_gender + I((Speaker_age_at_session - 51.186846) / 10) + scale(speech_rate_syll) + Sentiment_label_float + Party_status + Party_orientation_float + Speaker_gender : Party_orientation_float,syll,Speaker_ID,2026-06-19_15-43-51,,,,,False,False
INT_GENDER_X_ORIENTATION,GEE_NB_Indep,INT_GENDER_X_ORIENTATION_GEE_NB_Indep,PL,PL_int_gender_x_orientation,False,gender_x_orientation,I((Speaker_age_at_session - 51.186846) / 10),0.9175,0.8435,0.998,0.0447,117305,342,1.220002,,fp_count ~ Speaker_gender + I((Speaker_age_at_session - 51.186846) / 10) + scale(speech_rate_syll) + Sentiment_label_float + Party_status + Party_orientation_float + Speaker_gender : Party_orientation_float,syll,Speaker_ID,2026-06-19_15-43-51,,,,,False,False
INT_GENDER_X_ORIENTATION,GEE_NB_Indep,INT_GENDER_X_ORIENTATION_GEE_NB_Indep,PL,PL_int_gender_x_orientation,False,gender_x_orientation,scale(speech_rate_syll),0.5975,0.5684,0.6281,0.0,117305,342,1.220002,,fp_count ~ Speaker_gender + I((Speaker_age_at_session - 51.186846) / 10) + scale(speech_rate_syll) + Sentiment_label_float + Party_status + Party_orientation_float + Speaker_gender : Party_orientation_float,syll,Speaker_ID,2026-06-19_15-43-51,,,,,False,False
INT_GENDER_X_ORIENTATION,GEE_NB_Indep,INT_GENDER_X_ORIENTATION_GEE_NB_Indep,PL,PL_int_gender_x_orientation,False,gender_x_orientation,Sentiment_label_float,1.029,1.0146,1.0437,0.0001,117305,342,1.220002,,fp_count ~ Speaker_gender + I((Speaker_age_at_session - 51.186846) / 10) + scale(speech_rate_syll) + Sentiment_label_float + Party_status + Party_orientation_float + Speaker_gender : Party_orientation_float,syll,Speaker_ID,2026-06-19_15-43-51,,,,,False,False
INT_GENDER_X_ORIENTATION,GEE_NB_Indep,INT_GENDER_X_ORIENTATION_GEE_NB_Indep,PL,PL_int_gender_x_orientation,False,gender_x_orientation,Party_status,0.8973,0.6853,1.175,0.4309,117305,342,1.220002,,fp_count ~ Speaker_gender + I((Speaker_age_at_session - 51.186846) / 10) + scale(speech_rate_syll) + Sentiment_label_float + Party_status + Party_orientation_float + Speaker_gender : Party_orientation_float,syll,Speaker_ID,2026-06-19_15-43-51,,,,,False,False
INT_GENDER_X_ORIENTATION,GEE_NB_Indep,INT_GENDER_X_ORIENTATION_GEE_NB_Indep,PL,PL_int_gender_x_orientation,False,gender_x_orientation,Party_orientation_float,1.0796,0.9265,1.2579,0.3264,117305,342,1.220002,,fp_count ~ Speaker_gender + I((Speaker_age_at_session - 51.186846) / 10) + scale(speech_rate_syll) + Sentiment_label_float + Party_status + Party_orientation_float + Speaker_gender : Party_orientation_float,syll,Speaker_ID,2026-06-19_15-43-51,,,,,False,False
INT_GENDER_X_ORIENTATION,GEE_NB_Indep,INT_GENDER_X_ORIENTATION_GEE_NB_Indep,PL,PL_int_gender_x_orientation,False,gender_x_orientation,Speaker_gender[T.M]:Party_orientation_float,0.9711,0.806,1.1701,0.758,117305,342,1.220002,,fp_count ~ Speaker_gender + I((Speaker_age_at_session - 51.186846) / 10) + scale(speech_rate_syll) + Sentiment_label_float + Party_status + Party_orientation_float + Speaker_gender : Party_orientation_float,syll,Speaker_ID,2026-06-19_15-43-51,,,,,False,False
INT_GENDER_X_ORIENTATION,GLM_NB_Cluster,INT_GENDER_X_ORIENTATION_GLM_NB_Cluster,PL,PL_int_gender_x_orientation,False,gender_x_orientation,Intercept,0.0456,0.0343,0.0605,0.0,117305,342,1.220002,,fp_count ~ Speaker_gender + I((Speaker_age_at_session - 51.186846) / 10) + scale(speech_rate_syll) + Sentiment_label_float + Party_status + Party_orientation_float + Speaker_gender : Party_orientation_float,syll,Speaker_ID,2026-06-19_15-43-51,,,,,False,False
INT_GENDER_X_ORIENTATION,GLM_NB_Cluster,INT_GENDER_X_ORIENTATION_GLM_NB_Cluster,PL,PL_int_gender_x_orientation,False,gender_x_orientation,Speaker_gender[T.M],1.1699,0.8345,1.6402,0.3627,117305,342,1.220002,,fp_count ~ Speaker_gender + I((Speaker_age_at_session - 51.186846) / 10) + scale(speech_rate_syll) + Sentiment_label_float + Party_status + Party_orientation_float + Speaker_gender : Party_orientation_float,syll,Speaker_ID,2026-06-19_15-43-51,,,,,False,False
INT_GENDER_X_ORIENTATION,GLM_NB_Cluster,INT_GENDER_X_ORIENTATION_GLM_NB_Cluster,PL,PL_int_gender_x_orientation,False,gender_x_orientation,I((Speaker_age_at_session - 51.186846) / 10),0.9175,0.8439,0.9975,0.0435,117305,342,1.220002,,fp_count ~ Speaker_gender + I((Speaker_age_at_session - 51.186846) / 10) + scale(speech_rate_syll) + Sentiment_label_float + Party_status + Party_orientation_float + Speaker_gender : Party_orientation_float,syll,Speaker_ID,2026-06-19_15-43-51,,,,,False,False
INT_GENDER_X_ORIENTATION,GLM_NB_Cluster,INT_GENDER_X_ORIENTATION_GLM_NB_Cluster,PL,PL_int_gender_x_orientation,False,gender_x_orientation,scale(speech_rate_syll),0.5975,0.5667,0.63,0.0,117305,342,1.220002,,fp_count ~ Speaker_gender + I((Speaker_age_at_session - 51.186846) / 10) + scale(speech_rate_syll) + Sentiment_label_float + Party_status + Party_orientation_float + Speaker_gender : Party_orientation_float,syll,Speaker_ID,2026-06-19_15-43-51,,,,,False,False
INT_GENDER_X_ORIENTATION,GLM_NB_Cluster,INT_GENDER_X_ORIENTATION_GLM_NB_Cluster,PL,PL_int_gender_x_orientation,False,gender_x_orientation,Sentiment_label_float,1.029,1.0146,1.0437,0.0001,117305,342,1.220002,,fp_count ~ Speaker_gender + I((Speaker_age_at_session - 51.186846) / 10) + scale(speech_rate_syll) + Sentiment_label_float + Party_status + Party_orientation_float + Speaker_gender : Party_orientation_float,syll,Speaker_ID,2026-06-19_15-43-51,,,,,False,False
INT_GENDER_X_ORIENTATION,GLM_NB_Cluster,INT_GENDER_X_ORIENTATION_GLM_NB_Cluster,PL,PL_int_gender_x_orientation,False,gender_x_orientation,Party_status,0.8973,0.6832,1.1786,0.4362,117305,342,1.220002,,fp_count ~ Speaker_gender + I((Speaker_age_at_session - 51.186846) / 10) + scale(speech_rate_syll) + Sentiment_label_float + Party_status + Party_orientation_float + Speaker_gender : Party_orientation_float,syll,Speaker_ID,2026-06-19_15-43-51,,,,,False,False
INT_GENDER_X_ORIENTATION,GLM_NB_Cluster,INT_GENDER_X_ORIENTATION_GLM_NB_Cluster,PL,PL_int_gender_x_orientation,False,gender_x_orientation,Party_orientation_float,1.0796,0.9264,1.2581,0.3269,117305,342,1.220002,,fp_count ~ Speaker_gender + I((Speaker_age_at_session - 51.186846) / 10) + scale(speech_rate_syll) + Sentiment_label_float + Party_status + Party_orientation_float + Speaker_gender : Party_orientation_float,syll,Speaker_ID,2026-06-19_15-43-51,,,,,False,False
INT_GENDER_X_ORIENTATION,GLM_NB_Cluster,INT_GENDER_X_ORIENTATION_GLM_NB_Cluster,PL,PL_int_gender_x_orientation,False,gender_x_orientation,Speaker_gender[T.M]:Party_orientation_float,0.9711,0.8062,1.1698,0.7577,117305,342,1.220002,,fp_count ~ Speaker_gender + I((Speaker_age_at_session - 51.186846) / 10) + scale(speech_rate_syll) + Sentiment_label_float + Party_status + Party_orientation_float + Speaker_gender : Party_orientation_float,syll,Speaker_ID,2026-06-19_15-43-51,,,,,False,False
INT_GENDER_X_ORIENTATION,GLM_NB,INT_GENDER_X_ORIENTATION_GLM_NB,PL,PL_int_gender_x_orientation,False,gender_x_orientation,Intercept,0.0456,0.0442,0.047,0.0,117305,342,1.220002,,fp_count ~ Speaker_gender + I((Speaker_age_at_session - 51.186846) / 10) + scale(speech_rate_syll) + Sentiment_label_float + Party_status + Party_orientation_float + Speaker_gender : Party_orientation_float,syll,Speaker_ID,2026-06-19_15-43-51,,,,,False,False
INT_GENDER_X_ORIENTATION,GLM_NB,INT_GENDER_X_ORIENTATION_GLM_NB,PL,PL_int_gender_x_orientation,False,gender_x_orientation,Speaker_gender[T.M],1.1699,1.1357,1.2051,0.0,117305,342,1.220002,,fp_count ~ Speaker_gender + I((Speaker_age_at_session - 51.186846) / 10) + scale(speech_rate_syll) + Sentiment_label_float + Party_status + Party_orientation_float + Speaker_gender : Party_orientation_float,syll,Speaker_ID,2026-06-19_15-43-51,,,,,False,False
INT_GENDER_X_ORIENTATION,GLM_NB,INT_GENDER_X_ORIENTATION_GLM_NB,PL,PL_int_gender_x_orientation,False,gender_x_orientation,I((Speaker_age_at_session - 51.186846) / 10),0.9175,0.9086,0.9264,0.0,117305,342,1.220002,,fp_count ~ Speaker_gender + I((Speaker_age_at_session - 51.186846) / 10) + scale(speech_rate_syll) + Sentiment_label_float + Party_status + Party_orientation_float + Speaker_gender : Party_orientation_float,syll,Speaker_ID,2026-06-19_15-43-51,,,,,False,False
INT_GENDER_X_ORIENTATION,GLM_NB,INT_GENDER_X_ORIENTATION_GLM_NB,PL,PL_int_gender_x_orientation,False,gender_x_orientation,scale(speech_rate_syll),0.5975,0.5908,0.6042,0.0,117305,342,1.220002,,fp_count ~ Speaker_gender + I((Speaker_age_at_session - 51.186846) / 10) + scale(speech_rate_syll) + Sentiment_label_float + Party_status + Party_orientation_float + Speaker_gender : Party_orientation_float,syll,Speaker_ID,2026-06-19_15-43-51,,,,,False,False
INT_GENDER_X_ORIENTATION,GLM_NB,INT_GENDER_X_ORIENTATION_GLM_NB,PL,PL_int_gender_x_orientation,False,gender_x_orientation,Sentiment_label_float,1.029,1.0231,1.035,0.0,117305,342,1.220002,,fp_count ~ Speaker_gender + I((Speaker_age_at_session - 51.186846) / 10) + scale(speech_rate_syll) + Sentiment_label_float + Party_status + Party_orientation_float + Speaker_gender : Party_orientation_float,syll,Speaker_ID,2026-06-19_15-43-51,,,,,False,False
INT_GENDER_X_ORIENTATION,GLM_NB,INT_GENDER_X_ORIENTATION_GLM_NB,PL,PL_int_gender_x_orientation,False,gender_x_orientation,Party_status,0.8973,0.8721,0.9232,0.0,117305,342,1.220002,,fp_count ~ Speaker_gender + I((Speaker_age_at_session - 51.186846) / 10) + scale(speech_rate_syll) + Sentiment_label_float + Party_status + Party_orientation_float + Speaker_gender : Party_orientation_float,syll,Speaker_ID,2026-06-19_15-43-51,,,,,False,False
INT_GENDER_X_ORIENTATION,GLM_NB,INT_GENDER_X_ORIENTATION_GLM_NB,PL,PL_int_gender_x_orientation,False,gender_x_orientation,Party_orientation_float,1.0796,1.0626,1.0968,0.0,117305,342,1.220002,,fp_count ~ Speaker_gender + I((Speaker_age_at_session - 51.186846) / 10) + scale(speech_rate_syll) + Sentiment_label_float + Party_status + Party_orientation_float + Speaker_gender : Party_orientation_float,syll,Speaker_ID,2026-06-19_15-43-51,,,,,False,False
INT_GENDER_X_ORIENTATION,GLM_NB,INT_GENDER_X_ORIENTATION_GLM_NB,PL,PL_int_gender_x_orientation,False,gender_x_orientation,Speaker_gender[T.M]:Party_orientation_float,0.9711,0.9552,0.9873,0.0005,117305,342,1.220002,,fp_count ~ Speaker_gender + I((Speaker_age_at_session - 51.186846) / 10) + scale(speech_rate_syll) + Sentiment_label_float + Party_status + Party_orientation_float + Speaker_gender : Party_orientation_float,syll,Speaker_ID,2026-06-19_15-43-51,,,,,False,False
INT_SENTIMENT_X_ORIENTATION,GEE_NB_Exch,INT_SENTIMENT_X_ORIENTATION_GEE_NB_Exch,HR,HR_int_sentiment_x_orientation,False,sentiment_x_orientation,Intercept,0.0454,0.0367,0.0561,0.0,484243,280,1.750915,0.0499,fp_count ~ Speaker_gender + I((Speaker_age_at_session - 49.556365) / 10) + scale(speech_rate_syll) + Sentiment_label_float + Party_status + Party_orientation_float + Sentiment_label_float : Party_orientation_float,syll,Speaker_ID,2026-06-19_15-43-51,,,,,False,False
INT_SENTIMENT_X_ORIENTATION,GEE_NB_Exch,INT_SENTIMENT_X_ORIENTATION_GEE_NB_Exch,HR,HR_int_sentiment_x_orientation,False,sentiment_x_orientation,Speaker_gender[T.M],0.4475,0.3414,0.5866,0.0,484243,280,1.750915,0.0499,fp_count ~ Speaker_gender + I((Speaker_age_at_session - 49.556365) / 10) + scale(speech_rate_syll) + Sentiment_label_float + Party_status + Party_orientation_float + Sentiment_label_float : Party_orientation_float,syll,Speaker_ID,2026-06-19_15-43-51,,,,,False,False
INT_SENTIMENT_X_ORIENTATION,GEE_NB_Exch,INT_SENTIMENT_X_ORIENTATION_GEE_NB_Exch,HR,HR_int_sentiment_x_orientation,False,sentiment_x_orientation,I((Speaker_age_at_session - 49.556365) / 10),0.7494,0.6599,0.851,0.0,484243,280,1.750915,0.0499,fp_count ~ Speaker_gender + I((Speaker_age_at_session - 49.556365) / 10) + scale(speech_rate_syll) + Sentiment_label_float + Party_status + Party_orientation_float + Sentiment_label_float : Party_orientation_float,syll,Speaker_ID,2026-06-19_15-43-51,,,,,False,False
INT_SENTIMENT_X_ORIENTATION,GEE_NB_Exch,INT_SENTIMENT_X_ORIENTATION_GEE_NB_Exch,HR,HR_int_sentiment_x_orientation,False,sentiment_x_orientation,scale(speech_rate_syll),0.6645,0.6426,0.6872,0.0,484243,280,1.750915,0.0499,fp_count ~ Speaker_gender + I((Speaker_age_at_session - 49.556365) / 10) + scale(speech_rate_syll) + Sentiment_label_float + Party_status + Party_orientation_float + Sentiment_label_float : Party_orientation_float,syll,Speaker_ID,2026-06-19_15-43-51,,,,,False,False
INT_SENTIMENT_X_ORIENTATION,GEE_NB_Exch,INT_SENTIMENT_X_ORIENTATION_GEE_NB_Exch,HR,HR_int_sentiment_x_orientation,False,sentiment_x_orientation,Sentiment_label_float,1.0546,1.0464,1.0628,0.0,484243,280,1.750915,0.0499,fp_count ~ Speaker_gender + I((Speaker_age_at_session - 49.556365) / 10) + scale(speech_rate_syll) + Sentiment_label_float + Party_status + Party_orientation_float + Sentiment_label_float : Party_orientation_float,syll,Speaker_ID,2026-06-19_15-43-51,,,,,False,False
INT_SENTIMENT_X_ORIENTATION,GEE_NB_Exch,INT_SENTIMENT_X_ORIENTATION_GEE_NB_Exch,HR,HR_int_sentiment_x_orientation,False,sentiment_x_orientation,Party_status,0.8906,0.759,1.045,0.1555,484243,280,1.750915,0.0499,fp_count ~ Speaker_gender + I((Speaker_age_at_session - 49.556365) / 10) + scale(speech_rate_syll) + Sentiment_label_float + Party_status + Party_orientation_float + Sentiment_label_float : Party_orientation_float,syll,Speaker_ID,2026-06-19_15-43-51,,,,,False,False
INT_SENTIMENT_X_ORIENTATION,GEE_NB_Exch,INT_SENTIMENT_X_ORIENTATION_GEE_NB_Exch,HR,HR_int_sentiment_x_orientation,False,sentiment_x_orientation,Party_orientation_float,0.8862,0.7887,0.9959,0.0424,484243,280,1.750915,0.0499,fp_count ~ Speaker_gender + I((Speaker_age_at_session - 49.556365) / 10) + scale(speech_rate_syll) + Sentiment_label_float + Party_status + Party_orientation_float + Sentiment_label_float : Party_orientation_float,syll,Speaker_ID,2026-06-19_15-43-51,,,,,False,False
INT_SENTIMENT_X_ORIENTATION,GEE_NB_Exch,INT_SENTIMENT_X_ORIENTATION_GEE_NB_Exch,HR,HR_int_sentiment_x_orientation,False,sentiment_x_orientation,Sentiment_label_float:Party_orientation_float,0.9841,0.9768,0.9914,0.0,484243,280,1.750915,0.0499,fp_count ~ Speaker_gender + I((Speaker_age_at_session - 49.556365) / 10) + scale(speech_rate_syll) + Sentiment_label_float + Party_status + Party_orientation_float + Sentiment_label_float : Party_orientation_float,syll,Speaker_ID,2026-06-19_15-43-51,,,,,False,False
INT_SENTIMENT_X_ORIENTATION,GEE_NB_Indep,INT_SENTIMENT_X_ORIENTATION_GEE_NB_Indep,HR,HR_int_sentiment_x_orientation,False,sentiment_x_orientation,Intercept,0.0472,0.0404,0.0552,0.0,484243,280,1.750915,,fp_count ~ Speaker_gender + I((Speaker_age_at_session - 49.556365) / 10) + scale(speech_rate_syll) + Sentiment_label_float + Party_status + Party_orientation_float + Sentiment_label_float : Party_orientation_float,syll,Speaker_ID,2026-06-19_15-43-51,,,,,False,False
INT_SENTIMENT_X_ORIENTATION,GEE_NB_Indep,INT_SENTIMENT_X_ORIENTATION_GEE_NB_Indep,HR,HR_int_sentiment_x_orientation,False,sentiment_x_orientation,Speaker_gender[T.M],0.5315,0.4428,0.638,0.0,484243,280,1.750915,,fp_count ~ Speaker_gender + I((Speaker_age_at_session - 49.556365) / 10) + scale(speech_rate_syll) + Sentiment_label_float + Party_status + Party_orientation_float + Sentiment_label_float : Party_orientation_float,syll,Speaker_ID,2026-06-19_15-43-51,,,,,False,False
INT_SENTIMENT_X_ORIENTATION,GEE_NB_Indep,INT_SENTIMENT_X_ORIENTATION_GEE_NB_Indep,HR,HR_int_sentiment_x_orientation,False,sentiment_x_orientation,I((Speaker_age_at_session - 49.556365) / 10),0.8949,0.7971,1.0048,0.0602,484243,280,1.750915,,fp_count ~ Speaker_gender + I((Speaker_age_at_session - 49.556365) / 10) + scale(speech_rate_syll) + Sentiment_label_float + Party_status + Party_orientation_float + Sentiment_label_float : Party_orientation_float,syll,Speaker_ID,2026-06-19_15-43-51,,,,,False,False
INT_SENTIMENT_X_ORIENTATION,GEE_NB_Indep,INT_SENTIMENT_X_ORIENTATION_GEE_NB_Indep,HR,HR_int_sentiment_x_orientation,False,sentiment_x_orientation,scale(speech_rate_syll),0.6983,0.6625,0.736,0.0,484243,280,1.750915,,fp_count ~ Speaker_gender + I((Speaker_age_at_session - 49.556365) / 10) + scale(speech_rate_syll) + Sentiment_label_float + Party_status + Party_orientation_float + Sentiment_label_float : Party_orientation_float,syll,Speaker_ID,2026-06-19_15-43-51,,,,,False,False
INT_SENTIMENT_X_ORIENTATION,GEE_NB_Indep,INT_SENTIMENT_X_ORIENTATION_GEE_NB_Indep,HR,HR_int_sentiment_x_orientation,False,sentiment_x_orientation,Sentiment_label_float,1.0585,1.0425,1.0748,0.0,484243,280,1.750915,,fp_count ~ Speaker_gender + I((Speaker_age_at_session - 49.556365) / 10) + scale(speech_rate_syll) + Sentiment_label_float + Party_status + Party_orientation_float + Sentiment_label_float : Party_orientation_float,syll,Speaker_ID,2026-06-19_15-43-51,,,,,False,False
INT_SENTIMENT_X_ORIENTATION,GEE_NB_Indep,INT_SENTIMENT_X_ORIENTATION_GEE_NB_Indep,HR,HR_int_sentiment_x_orientation,False,sentiment_x_orientation,Party_status,0.6643,0.5193,0.8498,0.0011,484243,280,1.750915,,fp_count ~ Speaker_gender + I((Speaker_age_at_session - 49.556365) / 10) + scale(speech_rate_syll) + Sentiment_label_float + Party_status + Party_orientation_float + Sentiment_label_float : Party_orientation_float,syll,Speaker_ID,2026-06-19_15-43-51,,,,,False,False
INT_SENTIMENT_X_ORIENTATION,GEE_NB_Indep,INT_SENTIMENT_X_ORIENTATION_GEE_NB_Indep,HR,HR_int_sentiment_x_orientation,False,sentiment_x_orientation,Party_orientation_float,1.007,0.9278,1.093,0.8676,484243,280,1.750915,,fp_count ~ Speaker_gender + I((Speaker_age_at_session - 49.556365) / 10) + scale(speech_rate_syll) + Sentiment_label_float + Party_status + Party_orientation_float + Sentiment_label_float : Party_orientation_float,syll,Speaker_ID,2026-06-19_15-43-51,,,,,False,False
INT_SENTIMENT_X_ORIENTATION,GEE_NB_Indep,INT_SENTIMENT_X_ORIENTATION_GEE_NB_Indep,HR,HR_int_sentiment_x_orientation,False,sentiment_x_orientation,Sentiment_label_float:Party_orientation_float,0.9885,0.974,1.0033,0.1279,484243,280,1.750915,,fp_count ~ Speaker_gender + I((Speaker_age_at_session - 49.556365) / 10) + scale(speech_rate_syll) + Sentiment_label_float + Party_status + Party_orientation_float + Sentiment_label_float : Party_orientation_float,syll,Speaker_ID,2026-06-19_15-43-51,,,,,False,False
INT_SENTIMENT_X_ORIENTATION,GLM_NB_Cluster,INT_SENTIMENT_X_ORIENTATION_GLM_NB_Cluster,HR,HR_int_sentiment_x_orientation,False,sentiment_x_orientation,Intercept,0.0472,0.0403,0.0553,0.0,484243,280,1.750915,,fp_count ~ Speaker_gender + I((Speaker_age_at_session - 49.556365) / 10) + scale(speech_rate_syll) + Sentiment_label_float + Party_status + Party_orientation_float + Sentiment_label_float : Party_orientation_float,syll,Speaker_ID,2026-06-19_15-43-51,,,,,False,False
INT_SENTIMENT_X_ORIENTATION,GLM_NB_Cluster,INT_SENTIMENT_X_ORIENTATION_GLM_NB_Cluster,HR,HR_int_sentiment_x_orientation,False,sentiment_x_orientation,Speaker_gender[T.M],0.5315,0.4415,0.6398,0.0,484243,280,1.750915,,fp_count ~ Speaker_gender + I((Speaker_age_at_session - 49.556365) / 10) + scale(speech_rate_syll) + Sentiment_label_float + Party_status + Party_orientation_float + Sentiment_label_float : Party_orientation_float,syll,Speaker_ID,2026-06-19_15-43-51,,,,,False,False
INT_SENTIMENT_X_ORIENTATION,GLM_NB_Cluster,INT_SENTIMENT_X_ORIENTATION_GLM_NB_Cluster,HR,HR_int_sentiment_x_orientation,False,sentiment_x_orientation,I((Speaker_age_at_session - 49.556365) / 10),0.8949,0.7958,1.0064,0.0637,484243,280,1.750915,,fp_count ~ Speaker_gender + I((Speaker_age_at_session - 49.556365) / 10) + scale(speech_rate_syll) + Sentiment_label_float + Party_status + Party_orientation_float + Sentiment_label_float : Party_orientation_float,syll,Speaker_ID,2026-06-19_15-43-51,,,,,False,False
INT_SENTIMENT_X_ORIENTATION,GLM_NB_Cluster,INT_SENTIMENT_X_ORIENTATION_GLM_NB_Cluster,HR,HR_int_sentiment_x_orientation,False,sentiment_x_orientation,scale(speech_rate_syll),0.6983,0.6603,0.7386,0.0,484243,280,1.750915,,fp_count ~ Speaker_gender + I((Speaker_age_at_session - 49.556365) / 10) + scale(speech_rate_syll) + Sentiment_label_float + Party_status + Party_orientation_float + Sentiment_label_float : Party_orientation_float,syll,Speaker_ID,2026-06-19_15-43-51,,,,,False,False
INT_SENTIMENT_X_ORIENTATION,GLM_NB_Cluster,INT_SENTIMENT_X_ORIENTATION_GLM_NB_Cluster,HR,HR_int_sentiment_x_orientation,False,sentiment_x_orientation,Sentiment_label_float,1.0585,1.0421,1.0752,0.0,484243,280,1.750915,,fp_count ~ Speaker_gender + I((Speaker_age_at_session - 49.556365) / 10) + scale(speech_rate_syll) + Sentiment_label_float + Party_status + Party_orientation_float + Sentiment_label_float : Party_orientation_float,syll,Speaker_ID,2026-06-19_15-43-51,,,,,False,False
INT_SENTIMENT_X_ORIENTATION,GLM_NB_Cluster,INT_SENTIMENT_X_ORIENTATION_GLM_NB_Cluster,HR,HR_int_sentiment_x_orientation,False,sentiment_x_orientation,Party_status,0.6643,0.5159,0.8553,0.0015,484243,280,1.750915,,fp_count ~ Speaker_gender + I((Speaker_age_at_session - 49.556365) / 10) + scale(speech_rate_syll) + Sentiment_label_float + Party_status + Party_orientation_float + Sentiment_label_float : Party_orientation_float,syll,Speaker_ID,2026-06-19_15-43-51,,,,,False,False
INT_SENTIMENT_X_ORIENTATION,GLM_NB_Cluster,INT_SENTIMENT_X_ORIENTATION_GLM_NB_Cluster,HR,HR_int_sentiment_x_orientation,False,sentiment_x_orientation,Party_orientation_float,1.007,0.9256,1.0955,0.8712,484243,280,1.750915,,fp_count ~ Speaker_gender + I((Speaker_age_at_session - 49.556365) / 10) + scale(speech_rate_syll) + Sentiment_label_float + Party_status + Party_orientation_float + Sentiment_label_float : Party_orientation_float,syll,Speaker_ID,2026-06-19_15-43-51,,,,,False,False
INT_SENTIMENT_X_ORIENTATION,GLM_NB_Cluster,INT_SENTIMENT_X_ORIENTATION_GLM_NB_Cluster,HR,HR_int_sentiment_x_orientation,False,sentiment_x_orientation,Sentiment_label_float:Party_orientation_float,0.9885,0.9735,1.0038,0.1395,484243,280,1.750915,,fp_count ~ Speaker_gender + I((Speaker_age_at_session - 49.556365) / 10) + scale(speech_rate_syll) + Sentiment_label_float + Party_status + Party_orientation_float + Sentiment_label_float : Party_orientation_float,syll,Speaker_ID,2026-06-19_15-43-51,,,,,False,False
INT_SENTIMENT_X_ORIENTATION,GLM_NB,INT_SENTIMENT_X_ORIENTATION_GLM_NB,HR,HR_int_sentiment_x_orientation,False,sentiment_x_orientation,Intercept,0.0472,0.0467,0.0477,0.0,484243,280,1.750915,,fp_count ~ Speaker_gender + I((Speaker_age_at_session - 49.556365) / 10) + scale(speech_rate_syll) + Sentiment_label_float + Party_status + Party_orientation_float + Sentiment_label_float : Party_orientation_float,syll,Speaker_ID,2026-06-19_15-43-51,,,,,False,False
INT_SENTIMENT_X_ORIENTATION,GLM_NB,INT_SENTIMENT_X_ORIENTATION_GLM_NB,HR,HR_int_sentiment_x_orientation,False,sentiment_x_orientation,Speaker_gender[T.M],0.5315,0.5245,0.5386,0.0,484243,280,1.750915,,fp_count ~ Speaker_gender + I((Speaker_age_at_session - 49.556365) / 10) + scale(speech_rate_syll) + Sentiment_label_float + Party_status + Party_orientation_float + Sentiment_label_float : Party_orientation_float,syll,Speaker_ID,2026-06-19_15-43-51,,,,,False,False
INT_SENTIMENT_X_ORIENTATION,GLM_NB,INT_SENTIMENT_X_ORIENTATION_GLM_NB,HR,HR_int_sentiment_x_orientation,False,sentiment_x_orientation,I((Speaker_age_at_session - 49.556365) / 10),0.8949,0.8887,0.9013,0.0,484243,280,1.750915,,fp_count ~ Speaker_gender + I((Speaker_age_at_session - 49.556365) / 10) + scale(speech_rate_syll) + Sentiment_label_float + Party_status + Party_orientation_float + Sentiment_label_float : Party_orientation_float,syll,Speaker_ID,2026-06-19_15-43-51,,,,,False,False
INT_SENTIMENT_X_ORIENTATION,GLM_NB,INT_SENTIMENT_X_ORIENTATION_GLM_NB,HR,HR_int_sentiment_x_orientation,False,sentiment_x_orientation,scale(speech_rate_syll),0.6983,0.6936,0.703,0.0,484243,280,1.750915,,fp_count ~ Speaker_gender + I((Speaker_age_at_session - 49.556365) / 10) + scale(speech_rate_syll) + Sentiment_label_float + Party_status + Party_orientation_float + Sentiment_label_float : Party_orientation_float,syll,Speaker_ID,2026-06-19_15-43-51,,,,,False,False
INT_SENTIMENT_X_ORIENTATION,GLM_NB,INT_SENTIMENT_X_ORIENTATION_GLM_NB,HR,HR_int_sentiment_x_orientation,False,sentiment_x_orientation,Sentiment_label_float,1.0585,1.055,1.062,0.0,484243,280,1.750915,,fp_count ~ Speaker_gender + I((Speaker_age_at_session - 49.556365) / 10) + scale(speech_rate_syll) + Sentiment_label_float + Party_status + Party_orientation_float + Sentiment_label_float : Party_orientation_float,syll,Speaker_ID,2026-06-19_15-43-51,,,,,False,False
INT_SENTIMENT_X_ORIENTATION,GLM_NB,INT_SENTIMENT_X_ORIENTATION_GLM_NB,HR,HR_int_sentiment_x_orientation,False,sentiment_x_orientation,Party_status,0.6643,0.6538,0.6749,0.0,484243,280,1.750915,,fp_count ~ Speaker_gender + I((Speaker_age_at_session - 49.556365) / 10) + scale(speech_rate_syll) + Sentiment_label_float + Party_status + Party_orientation_float + Sentiment_label_float : Party_orientation_float,syll,Speaker_ID,2026-06-19_15-43-51,,,,,False,False
INT_SENTIMENT_X_ORIENTATION,GLM_NB,INT_SENTIMENT_X_ORIENTATION_GLM_NB,HR,HR_int_sentiment_x_orientation,False,sentiment_x_orientation,Party_orientation_float,1.007,1.0011,1.0129,0.0195,484243,280,1.750915,,fp_count ~ Speaker_gender + I((Speaker_age_at_session - 49.556365) / 10) + scale(speech_rate_syll) + Sentiment_label_float + Party_status + Party_orientation_float + Sentiment_label_float : Party_orientation_float,syll,Speaker_ID,2026-06-19_15-43-51,,,,,False,False
INT_SENTIMENT_X_ORIENTATION,GLM_NB,INT_SENTIMENT_X_ORIENTATION_GLM_NB,HR,HR_int_sentiment_x_orientation,False,sentiment_x_orientation,Sentiment_label_float:Party_orientation_float,0.9885,0.9856,0.9914,0.0,484243,280,1.750915,,fp_count ~ Speaker_gender + I((Speaker_age_at_session - 49.556365) / 10) + scale(speech_rate_syll) + Sentiment_label_float + Party_status + Party_orientation_float + Sentiment_label_float : Party_orientation_float,syll,Speaker_ID,2026-06-19_15-43-51,,,,,False,False
BASE,GEE_NB_Exch,BASE_GEE_NB_Exch,RS,RS_baseline,False,,Intercept,0.0366,0.0321,0.0417,0.0,180361,534,1.864922,0.0890,fp_count ~ Speaker_gender + I((Speaker_age_at_session - 48.047898) / 10) + scale(speech_rate_syll) + Sentiment_label_float + Party_status + Party_orientation_float,syll,Speaker_ID,2026-06-19_15-43-51,,,,,False,False
BASE,GEE_NB_Exch,BASE_GEE_NB_Exch,RS,RS_baseline,False,,Speaker_gender[T.M],0.3662,0.2972,0.4512,0.0,180361,534,1.864922,0.0890,fp_count ~ Speaker_gender + I((Speaker_age_at_session - 48.047898) / 10) + scale(speech_rate_syll) + Sentiment_label_float + Party_status + Party_orientation_float,syll,Speaker_ID,2026-06-19_15-43-51,,,,,False,False
BASE,GEE_NB_Exch,BASE_GEE_NB_Exch,RS,RS_baseline,False,,I((Speaker_age_at_session - 48.047898) / 10),0.8035,0.7376,0.8753,0.0,180361,534,1.864922,0.0890,fp_count ~ Speaker_gender + I((Speaker_age_at_session - 48.047898) / 10) + scale(speech_rate_syll) + Sentiment_label_float + Party_status + Party_orientation_float,syll,Speaker_ID,2026-06-19_15-43-51,,,,,False,False
BASE,GEE_NB_Exch,BASE_GEE_NB_Exch,RS,RS_baseline,False,,scale(speech_rate_syll),0.6156,0.5902,0.6421,0.0,180361,534,1.864922,0.0890,fp_count ~ Speaker_gender + I((Speaker_age_at_session - 48.047898) / 10) + scale(speech_rate_syll) + Sentiment_label_float + Party_status + Party_orientation_float,syll,Speaker_ID,2026-06-19_15-43-51,,,,,False,False
BASE,GEE_NB_Exch,BASE_GEE_NB_Exch,RS,RS_baseline,False,,Sentiment_label_float,1.0545,1.0437,1.0655,0.0,180361,534,1.864922,0.0890,fp_count ~ Speaker_gender + I((Speaker_age_at_session - 48.047898) / 10) + scale(speech_rate_syll) + Sentiment_label_float + Party_status + Party_orientation_float,syll,Speaker_ID,2026-06-19_15-43-51,,,,,False,False
BASE,GEE_NB_Exch,BASE_GEE_NB_Exch,RS,RS_baseline,False,,Party_status,1.5146,1.0516,2.1813,0.0257,180361,534,1.864922,0.0890,fp_count ~ Speaker_gender + I((Speaker_age_at_session - 48.047898) / 10) + scale(speech_rate_syll) + Sentiment_label_float + Party_status + Party_orientation_float,syll,Speaker_ID,2026-06-19_15-43-51,,,,,False,False
BASE,GEE_NB_Exch,BASE_GEE_NB_Exch,RS,RS_baseline,False,,Party_orientation_float,0.9881,0.8798,1.1097,0.8394,180361,534,1.864922,0.0890,fp_count ~ Speaker_gender + I((Speaker_age_at_session - 48.047898) / 10) + scale(speech_rate_syll) + Sentiment_label_float + Party_status + Party_orientation_float,syll,Speaker_ID,2026-06-19_15-43-51,,,,,False,False
BASE,GEE_NB_Indep,BASE_GEE_NB_Indep,RS,RS_baseline,False,,Intercept,0.0344,0.03,0.0394,0.0,180361,534,1.864922,,fp_count ~ Speaker_gender + I((Speaker_age_at_session - 48.047898) / 10) + scale(speech_rate_syll) + Sentiment_label_float + Party_status + Party_orientation_float,syll,Speaker_ID,2026-06-19_15-43-51,,,,,False,False
BASE,GEE_NB_Indep,BASE_GEE_NB_Indep,RS,RS_baseline,False,,Speaker_gender[T.M],0.402,0.328,0.4926,0.0,180361,534,1.864922,,fp_count ~ Speaker_gender + I((Speaker_age_at_session - 48.047898) / 10) + scale(speech_rate_syll) + Sentiment_label_float + Party_status + Party_orientation_float,syll,Speaker_ID,2026-06-19_15-43-51,,,,,False,False
BASE,GEE_NB_Indep,BASE_GEE_NB_Indep,RS,RS_baseline,False,,I((Speaker_age_at_session - 48.047898) / 10),0.7781,0.7141,0.8478,0.0,180361,534,1.864922,,fp_count ~ Speaker_gender + I((Speaker_age_at_session - 48.047898) / 10) + scale(speech_rate_syll) + Sentiment_label_float + Party_status + Party_orientation_float,syll,Speaker_ID,2026-06-19_15-43-51,,,,,False,False
BASE,GEE_NB_Indep,BASE_GEE_NB_Indep,RS,RS_baseline,False,,scale(speech_rate_syll),0.6331,0.5886,0.6811,0.0,180361,534,1.864922,,fp_count ~ Speaker_gender + I((Speaker_age_at_session - 48.047898) / 10) + scale(speech_rate_syll) + Sentiment_label_float + Party_status + Party_orientation_float,syll,Speaker_ID,2026-06-19_15-43-51,,,,,False,False
BASE,GEE_NB_Indep,BASE_GEE_NB_Indep,RS,RS_baseline,False,,Sentiment_label_float,1.0838,1.0584,1.1097,0.0,180361,534,1.864922,,fp_count ~ Speaker_gender + I((Speaker_age_at_session - 48.047898) / 10) + scale(speech_rate_syll) + Sentiment_label_float + Party_status + Party_orientation_float,syll,Speaker_ID,2026-06-19_15-43-51,,,,,False,False
BASE,GEE_NB_Indep,BASE_GEE_NB_Indep,RS,RS_baseline,False,,Party_status,1.4299,0.9276,2.2042,0.1053,180361,534,1.864922,,fp_count ~ Speaker_gender + I((Speaker_age_at_session - 48.047898) / 10) + scale(speech_rate_syll) + Sentiment_label_float + Party_status + Party_orientation_float,syll,Speaker_ID,2026-06-19_15-43-51,,,,,False,False
BASE,GEE_NB_Indep,BASE_GEE_NB_Indep,RS,RS_baseline,False,,Party_orientation_float,1.0478,0.9304,1.18,0.4414,180361,534,1.864922,,fp_count ~ Speaker_gender + I((Speaker_age_at_session - 48.047898) / 10) + scale(speech_rate_syll) + Sentiment_label_float + Party_status + Party_orientation_float,syll,Speaker_ID,2026-06-19_15-43-51,,,,,False,False
BASE,GLM_NB_Cluster,BASE_GLM_NB_Cluster,RS,RS_baseline,False,,Intercept,0.0344,0.0301,0.0393,0.0,180361,534,1.864922,,fp_count ~ Speaker_gender + I((Speaker_age_at_session - 48.047898) / 10) + scale(speech_rate_syll) + Sentiment_label_float + Party_status + Party_orientation_float,syll,Speaker_ID,2026-06-19_15-43-51,,,,,False,False
BASE,GLM_NB_Cluster,BASE_GLM_NB_Cluster,RS,RS_baseline,False,,Speaker_gender[T.M],0.402,0.3279,0.4928,0.0,180361,534,1.864922,,fp_count ~ Speaker_gender + I((Speaker_age_at_session - 48.047898) / 10) + scale(speech_rate_syll) + Sentiment_label_float + Party_status + Party_orientation_float,syll,Speaker_ID,2026-06-19_15-43-51,,,,,False,False
BASE,GLM_NB_Cluster,BASE_GLM_NB_Cluster,RS,RS_baseline,False,,I((Speaker_age_at_session - 48.047898) / 10),0.7781,0.7107,0.8518,0.0,180361,534,1.864922,,fp_count ~ Speaker_gender + I((Speaker_age_at_session - 48.047898) / 10) + scale(speech_rate_syll) + Sentiment_label_float + Party_status + Party_orientation_float,syll,Speaker_ID,2026-06-19_15-43-51,,,,,False,False
BASE,GLM_NB_Cluster,BASE_GLM_NB_Cluster,RS,RS_baseline,False,,scale(speech_rate_syll),0.6331,0.5866,0.6833,0.0,180361,534,1.864922,,fp_count ~ Speaker_gender + I((Speaker_age_at_session - 48.047898) / 10) + scale(speech_rate_syll) + Sentiment_label_float + Party_status + Party_orientation_float,syll,Speaker_ID,2026-06-19_15-43-51,,,,,False,False
BASE,GLM_NB_Cluster,BASE_GLM_NB_Cluster,RS,RS_baseline,False,,Sentiment_label_float,1.0838,1.0581,1.1101,0.0,180361,534,1.864922,,fp_count ~ Speaker_gender + I((Speaker_age_at_session - 48.047898) / 10) + scale(speech_rate_syll) + Sentiment_label_float + Party_status + Party_orientation_float,syll,Speaker_ID,2026-06-19_15-43-51,,,,,False,False
BASE,GLM_NB_Cluster,BASE_GLM_NB_Cluster,RS,RS_baseline,False,,Party_status,1.4299,0.9578,2.1347,0.0803,180361,534,1.864922,,fp_count ~ Speaker_gender + I((Speaker_age_at_session - 48.047898) / 10) + scale(speech_rate_syll) + Sentiment_label_float + Party_status + Party_orientation_float,syll,Speaker_ID,2026-06-19_15-43-51,,,,,False,False
BASE,GLM_NB_Cluster,BASE_GLM_NB_Cluster,RS,RS_baseline,False,,Party_orientation_float,1.0478,0.9355,1.1736,0.4197,180361,534,1.864922,,fp_count ~ Speaker_gender + I((Speaker_age_at_session - 48.047898) / 10) + scale(speech_rate_syll) + Sentiment_label_float + Party_status + Party_orientation_float,syll,Speaker_ID,2026-06-19_15-43-51,,,,,False,False
BASE,GLM_NB,BASE_GLM_NB,RS,RS_baseline,False,,Intercept,0.0344,0.0337,0.035,0.0,180361,534,1.864922,,fp_count ~ Speaker_gender + I((Speaker_age_at_session - 48.047898) / 10) + scale(speech_rate_syll) + Sentiment_label_float + Party_status + Party_orientation_float,syll,Speaker_ID,2026-06-19_15-43-51,,,,,False,False
BASE,GLM_NB,BASE_GLM_NB,RS,RS_baseline,False,,Speaker_gender[T.M],0.402,0.3929,0.4113,0.0,180361,534,1.864922,,fp_count ~ Speaker_gender + I((Speaker_age_at_session - 48.047898) / 10) + scale(speech_rate_syll) + Sentiment_label_float + Party_status + Party_orientation_float,syll,Speaker_ID,2026-06-19_15-43-51,,,,,False,False
BASE,GLM_NB,BASE_GLM_NB,RS,RS_baseline,False,,I((Speaker_age_at_session - 48.047898) / 10),0.7781,0.7697,0.7866,0.0,180361,534,1.864922,,fp_count ~ Speaker_gender + I((Speaker_age_at_session - 48.047898) / 10) + scale(speech_rate_syll) + Sentiment_label_float + Party_status + Party_orientation_float,syll,Speaker_ID,2026-06-19_15-43-51,,,,,False,False
BASE,GLM_NB,BASE_GLM_NB,RS,RS_baseline,False,,scale(speech_rate_syll),0.6331,0.6249,0.6415,0.0,180361,534,1.864922,,fp_count ~ Speaker_gender + I((Speaker_age_at_session - 48.047898) / 10) + scale(speech_rate_syll) + Sentiment_label_float + Party_status + Party_orientation_float,syll,Speaker_ID,2026-06-19_15-43-51,,,,,False,False
BASE,GLM_NB,BASE_GLM_NB,RS,RS_baseline,False,,Sentiment_label_float,1.0838,1.0776,1.09,0.0,180361,534,1.864922,,fp_count ~ Speaker_gender + I((Speaker_age_at_session - 48.047898) / 10) + scale(speech_rate_syll) + Sentiment_label_float + Party_status + Party_orientation_float,syll,Speaker_ID,2026-06-19_15-43-51,,,,,False,False
BASE,GLM_NB,BASE_GLM_NB,RS,RS_baseline,False,,Party_status,1.4299,1.3725,1.4896,0.0,180361,534,1.864922,,fp_count ~ Speaker_gender + I((Speaker_age_at_session - 48.047898) / 10) + scale(speech_rate_syll) + Sentiment_label_float + Party_status + Party_orientation_float,syll,Speaker_ID,2026-06-19_15-43-51,,,,,False,False
BASE,GLM_NB,BASE_GLM_NB,RS,RS_baseline,False,,Party_orientation_float,1.0478,1.0353,1.0604,0.0,180361,534,1.864922,,fp_count ~ Speaker_gender + I((Speaker_age_at_session - 48.047898) / 10) + scale(speech_rate_syll) + Sentiment_label_float + Party_status + Party_orientation_float,syll,Speaker_ID,2026-06-19_15-43-51,,,,,False,False
INT_AGE_X_ORIENTATION,GEE_NB_Exch,INT_AGE_X_ORIENTATION_GEE_NB_Exch,global,global_int_age_x_orientation,False,age_x_orientation,Intercept,0.0885,0.0757,0.1033,0.0,1001787,1561,1.567257,0.0700,fp_count ~ Speaker_gender + I((Speaker_age_at_session - 49.656757) / 10) + scale(speech_rate_syll) + Sentiment_label_float + Party_status + Party_orientation_float + C(Lang) + I((Speaker_age_at_session - 49.656757) / 10) : Party_orientation_float,syll,Speaker_ID,2026-06-19_15-43-51,,,,,False,False
INT_AGE_X_ORIENTATION,GEE_NB_Exch,INT_AGE_X_ORIENTATION_GEE_NB_Exch,global,global_int_age_x_orientation,False,age_x_orientation,Speaker_gender[T.M],0.5553,0.4747,0.6495,0.0,1001787,1561,1.567257,0.0700,fp_count ~ Speaker_gender + I((Speaker_age_at_session - 49.656757) / 10) + scale(speech_rate_syll) + Sentiment_label_float + Party_status + Party_orientation_float + C(Lang) + I((Speaker_age_at_session - 49.656757) / 10) : Party_orientation_float,syll,Speaker_ID,2026-06-19_15-43-51,,,,,False,False
INT_AGE_X_ORIENTATION,GEE_NB_Exch,INT_AGE_X_ORIENTATION_GEE_NB_Exch,global,global_int_age_x_orientation,False,age_x_orientation,C(Lang)[T.HR],0.3695,0.3097,0.4409,0.0,1001787,1561,1.567257,0.0700,fp_count ~ Speaker_gender + I((Speaker_age_at_session - 49.656757) / 10) + scale(speech_rate_syll) + Sentiment_label_float + Party_status + Party_orientation_float + C(Lang) + I((Speaker_age_at_session - 49.656757) / 10) : Party_orientation_float,syll,Speaker_ID,2026-06-19_15-43-51,,,,,False,False
INT_AGE_X_ORIENTATION,GEE_NB_Exch,INT_AGE_X_ORIENTATION_GEE_NB_Exch,global,global_int_age_x_orientation,False,age_x_orientation,C(Lang)[T.PL],1.2627,1.0908,1.4617,0.0018,1001787,1561,1.567257,0.0700,fp_count ~ Speaker_gender + I((Speaker_age_at_session - 49.656757) / 10) + scale(speech_rate_syll) + Sentiment_label_float + Party_status + Party_orientation_float + C(Lang) + I((Speaker_age_at_session - 49.656757) / 10) : Party_orientation_float,syll,Speaker_ID,2026-06-19_15-43-51,,,,,False,False
INT_AGE_X_ORIENTATION,GEE_NB_Exch,INT_AGE_X_ORIENTATION_GEE_NB_Exch,global,global_int_age_x_orientation,False,age_x_orientation,C(Lang)[T.RS],0.3233,0.2757,0.3792,0.0,1001787,1561,1.567257,0.0700,fp_count ~ Speaker_gender + I((Speaker_age_at_session - 49.656757) / 10) + scale(speech_rate_syll) + Sentiment_label_float + Party_status + Party_orientation_float + C(Lang) + I((Speaker_age_at_session - 49.656757) / 10) : Party_orientation_float,syll,Speaker_ID,2026-06-19_15-43-51,,,,,False,False
INT_AGE_X_ORIENTATION,GEE_NB_Exch,INT_AGE_X_ORIENTATION_GEE_NB_Exch,global,global_int_age_x_orientation,False,age_x_orientation,I((Speaker_age_at_session - 49.656757) / 10),0.81,0.7593,0.8641,0.0,1001787,1561,1.567257,0.0700,fp_count ~ Speaker_gender + I((Speaker_age_at_session - 49.656757) / 10) + scale(speech_rate_syll) + Sentiment_label_float + Party_status + Party_orientation_float + C(Lang) + I((Speaker_age_at_session - 49.656757) / 10) : Party_orientation_float,syll,Speaker_ID,2026-06-19_15-43-51,,,,,False,False
INT_AGE_X_ORIENTATION,GEE_NB_Exch,INT_AGE_X_ORIENTATION_GEE_NB_Exch,global,global_int_age_x_orientation,False,age_x_orientation,scale(speech_rate_syll),0.6289,0.6168,0.6413,0.0,1001787,1561,1.567257,0.0700,fp_count ~ Speaker_gender + I((Speaker_age_at_session - 49.656757) / 10) + scale(speech_rate_syll) + Sentiment_label_float + Party_status + Party_orientation_float + C(Lang) + I((Speaker_age_at_session - 49.656757) / 10) : Party_orientation_float,syll,Speaker_ID,2026-06-19_15-43-51,,,,,False,False
INT_AGE_X_ORIENTATION,GEE_NB_Exch,INT_AGE_X_ORIENTATION_GEE_NB_Exch,global,global_int_age_x_orientation,False,age_x_orientation,Sentiment_label_float,1.0495,1.0439,1.0552,0.0,1001787,1561,1.567257,0.0700,fp_count ~ Speaker_gender + I((Speaker_age_at_session - 49.656757) / 10) + scale(speech_rate_syll) + Sentiment_label_float + Party_status + Party_orientation_float + C(Lang) + I((Speaker_age_at_session - 49.656757) / 10) : Party_orientation_float,syll,Speaker_ID,2026-06-19_15-43-51,,,,,False,False
INT_AGE_X_ORIENTATION,GEE_NB_Exch,INT_AGE_X_ORIENTATION_GEE_NB_Exch,global,global_int_age_x_orientation,False,age_x_orientation,Party_status,0.9556,0.8808,1.0367,0.2742,1001787,1561,1.567257,0.0700,fp_count ~ Speaker_gender + I((Speaker_age_at_session - 49.656757) / 10) + scale(speech_rate_syll) + Sentiment_label_float + Party_status + Party_orientation_float + C(Lang) + I((Speaker_age_at_session - 49.656757) / 10) : Party_orientation_float,syll,Speaker_ID,2026-06-19_15-43-51,,,,,False,False
INT_AGE_X_ORIENTATION,GEE_NB_Exch,INT_AGE_X_ORIENTATION_GEE_NB_Exch,global,global_int_age_x_orientation,False,age_x_orientation,Party_orientation_float,0.982,0.933,1.0336,0.4868,1001787,1561,1.567257,0.0700,fp_count ~ Speaker_gender + I((Speaker_age_at_session - 49.656757) / 10) + scale(speech_rate_syll) + Sentiment_label_float + Party_status + Party_orientation_float + C(Lang) + I((Speaker_age_at_session - 49.656757) / 10) : Party_orientation_float,syll,Speaker_ID,2026-06-19_15-43-51,,,,,False,False
INT_AGE_X_ORIENTATION,GEE_NB_Exch,INT_AGE_X_ORIENTATION_GEE_NB_Exch,global,global_int_age_x_orientation,False,age_x_orientation,I((Speaker_age_at_session - 49.656757) / 10):Party_orientation_float,1.0012,0.9596,1.0446,0.9558,1001787,1561,1.567257,0.0700,fp_count ~ Speaker_gender + I((Speaker_age_at_session - 49.656757) / 10) + scale(speech_rate_syll) + Sentiment_label_float + Party_status + Party_orientation_float + C(Lang) + I((Speaker_age_at_session - 49.656757) / 10) : Party_orientation_float,syll,Speaker_ID,2026-06-19_15-43-51,,,,,False,False
INT_AGE_X_ORIENTATION,GEE_NB_Indep,INT_AGE_X_ORIENTATION_GEE_NB_Indep,global,global_int_age_x_orientation,False,age_x_orientation,Intercept,0.0731,0.0616,0.0867,0.0,1001787,1561,1.567257,,fp_count ~ Speaker_gender + I((Speaker_age_at_session - 49.656757) / 10) + scale(speech_rate_syll) + Sentiment_label_float + Party_status + Party_orientation_float + C(Lang) + I((Speaker_age_at_session - 49.656757) / 10) : Party_orientation_float,syll,Speaker_ID,2026-06-19_15-43-51,,,,,False,False
INT_AGE_X_ORIENTATION,GEE_NB_Indep,INT_AGE_X_ORIENTATION_GEE_NB_Indep,global,global_int_age_x_orientation,False,age_x_orientation,Speaker_gender[T.M],0.6365,0.5624,0.7202,0.0,1001787,1561,1.567257,,fp_count ~ Speaker_gender + I((Speaker_age_at_session - 49.656757) / 10) + scale(speech_rate_syll) + Sentiment_label_float + Party_status + Party_orientation_float + C(Lang) + I((Speaker_age_at_session - 49.656757) / 10) : Party_orientation_float,syll,Speaker_ID,2026-06-19_15-43-51,,,,,False,False
INT_AGE_X_ORIENTATION,GEE_NB_Indep,INT_AGE_X_ORIENTATION_GEE_NB_Indep,global,global_int_age_x_orientation,False,age_x_orientation,C(Lang)[T.HR],0.5477,0.4624,0.6488,0.0,1001787,1561,1.567257,,fp_count ~ Speaker_gender + I((Speaker_age_at_session - 49.656757) / 10) + scale(speech_rate_syll) + Sentiment_label_float + Party_status + Party_orientation_float + C(Lang) + I((Speaker_age_at_session - 49.656757) / 10) : Party_orientation_float,syll,Speaker_ID,2026-06-19_15-43-51,,,,,False,False
INT_AGE_X_ORIENTATION,GEE_NB_Indep,INT_AGE_X_ORIENTATION_GEE_NB_Indep,global,global_int_age_x_orientation,False,age_x_orientation,C(Lang)[T.PL],1.2058,0.9964,1.4593,0.0545,1001787,1561,1.567257,,fp_count ~ Speaker_gender + I((Speaker_age_at_session - 49.656757) / 10) + scale(speech_rate_syll) + Sentiment_label_float + Party_status + Party_orientation_float + C(Lang) + I((Speaker_age_at_session - 49.656757) / 10) : Party_orientation_float,syll,Speaker_ID,2026-06-19_15-43-51,,,,,False,False
INT_AGE_X_ORIENTATION,GEE_NB_Indep,INT_AGE_X_ORIENTATION_GEE_NB_Indep,global,global_int_age_x_orientation,False,age_x_orientation,C(Lang)[T.RS],0.3733,0.3084,0.4518,0.0,1001787,1561,1.567257,,fp_count ~ Speaker_gender + I((Speaker_age_at_session - 49.656757) / 10) + scale(speech_rate_syll) + Sentiment_label_float + Party_status + Party_orientation_float + C(Lang) + I((Speaker_age_at_session - 49.656757) / 10) : Party_orientation_float,syll,Speaker_ID,2026-06-19_15-43-51,,,,,False,False
INT_AGE_X_ORIENTATION,GEE_NB_Indep,INT_AGE_X_ORIENTATION_GEE_NB_Indep,global,global_int_age_x_orientation,False,age_x_orientation,I((Speaker_age_at_session - 49.656757) / 10),0.8383,0.7906,0.8888,0.0,1001787,1561,1.567257,,fp_count ~ Speaker_gender + I((Speaker_age_at_session - 49.656757) / 10) + scale(speech_rate_syll) + Sentiment_label_float + Party_status + Party_orientation_float + C(Lang) + I((Speaker_age_at_session - 49.656757) / 10) : Party_orientation_float,syll,Speaker_ID,2026-06-19_15-43-51,,,,,False,False
INT_AGE_X_ORIENTATION,GEE_NB_Indep,INT_AGE_X_ORIENTATION_GEE_NB_Indep,global,global_int_age_x_orientation,False,age_x_orientation,scale(speech_rate_syll),0.6434,0.6246,0.6629,0.0,1001787,1561,1.567257,,fp_count ~ Speaker_gender + I((Speaker_age_at_session - 49.656757) / 10) + scale(speech_rate_syll) + Sentiment_label_float + Party_status + Party_orientation_float + C(Lang) + I((Speaker_age_at_session - 49.656757) / 10) : Party_orientation_float,syll,Speaker_ID,2026-06-19_15-43-51,,,,,False,False
INT_AGE_X_ORIENTATION,GEE_NB_Indep,INT_AGE_X_ORIENTATION_GEE_NB_Indep,global,global_int_age_x_orientation,False,age_x_orientation,Sentiment_label_float,1.0605,1.0493,1.0718,0.0,1001787,1561,1.567257,,fp_count ~ Speaker_gender + I((Speaker_age_at_session - 49.656757) / 10) + scale(speech_rate_syll) + Sentiment_label_float + Party_status + Party_orientation_float + C(Lang) + I((Speaker_age_at_session - 49.656757) / 10) : Party_orientation_float,syll,Speaker_ID,2026-06-19_15-43-51,,,,,False,False
INT_AGE_X_ORIENTATION,GEE_NB_Indep,INT_AGE_X_ORIENTATION_GEE_NB_Indep,global,global_int_age_x_orientation,False,age_x_orientation,Party_status,0.7893,0.6954,0.8958,0.0002,1001787,1561,1.567257,,fp_count ~ Speaker_gender + I((Speaker_age_at_session - 49.656757) / 10) + scale(speech_rate_syll) + Sentiment_label_float + Party_status + Party_orientation_float + C(Lang) + I((Speaker_age_at_session - 49.656757) / 10) : Party_orientation_float,syll,Speaker_ID,2026-06-19_15-43-51,,,,,False,False
INT_AGE_X_ORIENTATION,GEE_NB_Indep,INT_AGE_X_ORIENTATION_GEE_NB_Indep,global,global_int_age_x_orientation,False,age_x_orientation,Party_orientation_float,1.0293,0.9829,1.0779,0.2194,1001787,1561,1.567257,,fp_count ~ Speaker_gender + I((Speaker_age_at_session - 49.656757) / 10) + scale(speech_rate_syll) + Sentiment_label_float + Party_status + Party_orientation_float + C(Lang) + I((Speaker_age_at_session - 49.656757) / 10) : Party_orientation_float,syll,Speaker_ID,2026-06-19_15-43-51,,,,,False,False
INT_AGE_X_ORIENTATION,GEE_NB_Indep,INT_AGE_X_ORIENTATION_GEE_NB_Indep,global,global_int_age_x_orientation,False,age_x_orientation,I((Speaker_age_at_session - 49.656757) / 10):Party_orientation_float,0.9953,0.9585,1.0335,0.8061,1001787,1561,1.567257,,fp_count ~ Speaker_gender + I((Speaker_age_at_session - 49.656757) / 10) + scale(speech_rate_syll) + Sentiment_label_float + Party_status + Party_orientation_float + C(Lang) + I((Speaker_age_at_session - 49.656757) / 10) : Party_orientation_float,syll,Speaker_ID,2026-06-19_15-43-51,,,,,False,False
INT_AGE_X_ORIENTATION,GLM_NB_Cluster,INT_AGE_X_ORIENTATION_GLM_NB_Cluster,global,global_int_age_x_orientation,False,age_x_orientation,Intercept,0.0731,0.061,0.0875,0.0,1001787,1561,1.567257,,fp_count ~ Speaker_gender + I((Speaker_age_at_session - 49.656757) / 10) + scale(speech_rate_syll) + Sentiment_label_float + Party_status + Party_orientation_float + C(Lang) + I((Speaker_age_at_session - 49.656757) / 10) : Party_orientation_float,syll,Speaker_ID,2026-06-19_15-43-51,,,,,False,False
INT_AGE_X_ORIENTATION,GLM_NB_Cluster,INT_AGE_X_ORIENTATION_GLM_NB_Cluster,global,global_int_age_x_orientation,False,age_x_orientation,Speaker_gender[T.M],0.6365,0.5606,0.7226,0.0,1001787,1561,1.567257,,fp_count ~ Speaker_gender + I((Speaker_age_at_session - 49.656757) / 10) + scale(speech_rate_syll) + Sentiment_label_float + Party_status + Party_orientation_float + C(Lang) + I((Speaker_age_at_session - 49.656757) / 10) : Party_orientation_float,syll,Speaker_ID,2026-06-19_15-43-51,,,,,False,False
INT_AGE_X_ORIENTATION,GLM_NB_Cluster,INT_AGE_X_ORIENTATION_GLM_NB_Cluster,global,global_int_age_x_orientation,False,age_x_orientation,C(Lang)[T.HR],0.5477,0.4606,0.6513,0.0,1001787,1561,1.567257,,fp_count ~ Speaker_gender + I((Speaker_age_at_session - 49.656757) / 10) + scale(speech_rate_syll) + Sentiment_label_float + Party_status + Party_orientation_float + C(Lang) + I((Speaker_age_at_session - 49.656757) / 10) : Party_orientation_float,syll,Speaker_ID,2026-06-19_15-43-51,,,,,False,False
INT_AGE_X_ORIENTATION,GLM_NB_Cluster,INT_AGE_X_ORIENTATION_GLM_NB_Cluster,global,global_int_age_x_orientation,False,age_x_orientation,C(Lang)[T.PL],1.2058,0.9954,1.4607,0.0558,1001787,1561,1.567257,,fp_count ~ Speaker_gender + I((Speaker_age_at_session - 49.656757) / 10) + scale(speech_rate_syll) + Sentiment_label_float + Party_status + Party_orientation_float + C(Lang) + I((Speaker_age_at_session - 49.656757) / 10) : Party_orientation_float,syll,Speaker_ID,2026-06-19_15-43-51,,,,,False,False
INT_AGE_X_ORIENTATION,GLM_NB_Cluster,INT_AGE_X_ORIENTATION_GLM_NB_Cluster,global,global_int_age_x_orientation,False,age_x_orientation,C(Lang)[T.RS],0.3733,0.3082,0.452,0.0,1001787,1561,1.567257,,fp_count ~ Speaker_gender + I((Speaker_age_at_session - 49.656757) / 10) + scale(speech_rate_syll) + Sentiment_label_float + Party_status + Party_orientation_float + C(Lang) + I((Speaker_age_at_session - 49.656757) / 10) : Party_orientation_float,syll,Speaker_ID,2026-06-19_15-43-51,,,,,False,False
INT_AGE_X_ORIENTATION,GLM_NB_Cluster,INT_AGE_X_ORIENTATION_GLM_NB_Cluster,global,global_int_age_x_orientation,False,age_x_orientation,I((Speaker_age_at_session - 49.656757) / 10),0.8383,0.7905,0.889,0.0,1001787,1561,1.567257,,fp_count ~ Speaker_gender + I((Speaker_age_at_session - 49.656757) / 10) + scale(speech_rate_syll) + Sentiment_label_float + Party_status + Party_orientation_float + C(Lang) + I((Speaker_age_at_session - 49.656757) / 10) : Party_orientation_float,syll,Speaker_ID,2026-06-19_15-43-51,,,,,False,False
INT_AGE_X_ORIENTATION,GLM_NB_Cluster,INT_AGE_X_ORIENTATION_GLM_NB_Cluster,global,global_int_age_x_orientation,False,age_x_orientation,scale(speech_rate_syll),0.6434,0.6234,0.6642,0.0,1001787,1561,1.567257,,fp_count ~ Speaker_gender + I((Speaker_age_at_session - 49.656757) / 10) + scale(speech_rate_syll) + Sentiment_label_float + Party_status + Party_orientation_float + C(Lang) + I((Speaker_age_at_session - 49.656757) / 10) : Party_orientation_float,syll,Speaker_ID,2026-06-19_15-43-51,,,,,False,False
INT_AGE_X_ORIENTATION,GLM_NB_Cluster,INT_AGE_X_ORIENTATION_GLM_NB_Cluster,global,global_int_age_x_orientation,False,age_x_orientation,Sentiment_label_float,1.0605,1.0491,1.072,0.0,1001787,1561,1.567257,,fp_count ~ Speaker_gender + I((Speaker_age_at_session - 49.656757) / 10) + scale(speech_rate_syll) + Sentiment_label_float + Party_status + Party_orientation_float + C(Lang) + I((Speaker_age_at_session - 49.656757) / 10) : Party_orientation_float,syll,Speaker_ID,2026-06-19_15-43-51,,,,,False,False
INT_AGE_X_ORIENTATION,GLM_NB_Cluster,INT_AGE_X_ORIENTATION_GLM_NB_Cluster,global,global_int_age_x_orientation,False,age_x_orientation,Party_status,0.7893,0.6948,0.8966,0.0003,1001787,1561,1.567257,,fp_count ~ Speaker_gender + I((Speaker_age_at_session - 49.656757) / 10) + scale(speech_rate_syll) + Sentiment_label_float + Party_status + Party_orientation_float + C(Lang) + I((Speaker_age_at_session - 49.656757) / 10) : Party_orientation_float,syll,Speaker_ID,2026-06-19_15-43-51,,,,,False,False
INT_AGE_X_ORIENTATION,GLM_NB_Cluster,INT_AGE_X_ORIENTATION_GLM_NB_Cluster,global,global_int_age_x_orientation,False,age_x_orientation,Party_orientation_float,1.0293,0.9811,1.0799,0.2381,1001787,1561,1.567257,,fp_count ~ Speaker_gender + I((Speaker_age_at_session - 49.656757) / 10) + scale(speech_rate_syll) + Sentiment_label_float + Party_status + Party_orientation_float + C(Lang) + I((Speaker_age_at_session - 49.656757) / 10) : Party_orientation_float,syll,Speaker_ID,2026-06-19_15-43-51,,,,,False,False
INT_AGE_X_ORIENTATION,GLM_NB_Cluster,INT_AGE_X_ORIENTATION_GLM_NB_Cluster,global,global_int_age_x_orientation,False,age_x_orientation,I((Speaker_age_at_session - 49.656757) / 10):Party_orientation_float,0.9953,0.9573,1.0348,0.8122,1001787,1561,1.567257,,fp_count ~ Speaker_gender + I((Speaker_age_at_session - 49.656757) / 10) + scale(speech_rate_syll) + Sentiment_label_float + Party_status + Party_orientation_float + C(Lang) + I((Speaker_age_at_session - 49.656757) / 10) : Party_orientation_float,syll,Speaker_ID,2026-06-19_15-43-51,,,,,False,False
INT_AGE_X_ORIENTATION,GLM_NB,INT_AGE_X_ORIENTATION_GLM_NB,global,global_int_age_x_orientation,False,age_x_orientation,Intercept,0.0731,0.0722,0.074,0.0,1001787,1561,1.567257,,fp_count ~ Speaker_gender + I((Speaker_age_at_session - 49.656757) / 10) + scale(speech_rate_syll) + Sentiment_label_float + Party_status + Party_orientation_float + C(Lang) + I((Speaker_age_at_session - 49.656757) / 10) : Party_orientation_float,syll,Speaker_ID,2026-06-19_15-43-51,,,,,False,False
INT_AGE_X_ORIENTATION,GLM_NB,INT_AGE_X_ORIENTATION_GLM_NB,global,global_int_age_x_orientation,False,age_x_orientation,Speaker_gender[T.M],0.6365,0.6308,0.6421,0.0,1001787,1561,1.567257,,fp_count ~ Speaker_gender + I((Speaker_age_at_session - 49.656757) / 10) + scale(speech_rate_syll) + Sentiment_label_float + Party_status + Party_orientation_float + C(Lang) + I((Speaker_age_at_session - 49.656757) / 10) : Party_orientation_float,syll,Speaker_ID,2026-06-19_15-43-51,,,,,False,False
INT_AGE_X_ORIENTATION,GLM_NB,INT_AGE_X_ORIENTATION_GLM_NB,global,global_int_age_x_orientation,False,age_x_orientation,C(Lang)[T.HR],0.5477,0.5417,0.5538,0.0,1001787,1561,1.567257,,fp_count ~ Speaker_gender + I((Speaker_age_at_session - 49.656757) / 10) + scale(speech_rate_syll) + Sentiment_label_float + Party_status + Party_orientation_float + C(Lang) + I((Speaker_age_at_session - 49.656757) / 10) : Party_orientation_float,syll,Speaker_ID,2026-06-19_15-43-51,,,,,False,False
INT_AGE_X_ORIENTATION,GLM_NB,INT_AGE_X_ORIENTATION_GLM_NB,global,global_int_age_x_orientation,False,age_x_orientation,C(Lang)[T.PL],1.2058,1.1892,1.2226,0.0,1001787,1561,1.567257,,fp_count ~ Speaker_gender + I((Speaker_age_at_session - 49.656757) / 10) + scale(speech_rate_syll) + Sentiment_label_float + Party_status + Party_orientation_float + C(Lang) + I((Speaker_age_at_session - 49.656757) / 10) : Party_orientation_float,syll,Speaker_ID,2026-06-19_15-43-51,,,,,False,False
INT_AGE_X_ORIENTATION,GLM_NB,INT_AGE_X_ORIENTATION_GLM_NB,global,global_int_age_x_orientation,False,age_x_orientation,C(Lang)[T.RS],0.3733,0.3679,0.3787,0.0,1001787,1561,1.567257,,fp_count ~ Speaker_gender + I((Speaker_age_at_session - 49.656757) / 10) + scale(speech_rate_syll) + Sentiment_label_float + Party_status + Party_orientation_float + C(Lang) + I((Speaker_age_at_session - 49.656757) / 10) : Party_orientation_float,syll,Speaker_ID,2026-06-19_15-43-51,,,,,False,False
INT_AGE_X_ORIENTATION,GLM_NB,INT_AGE_X_ORIENTATION_GLM_NB,global,global_int_age_x_orientation,False,age_x_orientation,I((Speaker_age_at_session - 49.656757) / 10),0.8383,0.8345,0.8421,0.0,1001787,1561,1.567257,,fp_count ~ Speaker_gender + I((Speaker_age_at_session - 49.656757) / 10) + scale(speech_rate_syll) + Sentiment_label_float + Party_status + Party_orientation_float + C(Lang) + I((Speaker_age_at_session - 49.656757) / 10) : Party_orientation_float,syll,Speaker_ID,2026-06-19_15-43-51,,,,,False,False
INT_AGE_X_ORIENTATION,GLM_NB,INT_AGE_X_ORIENTATION_GLM_NB,global,global_int_age_x_orientation,False,age_x_orientation,scale(speech_rate_syll),0.6434,0.6405,0.6464,0.0,1001787,1561,1.567257,,fp_count ~ Speaker_gender + I((Speaker_age_at_session - 49.656757) / 10) + scale(speech_rate_syll) + Sentiment_label_float + Party_status + Party_orientation_float + C(Lang) + I((Speaker_age_at_session - 49.656757) / 10) : Party_orientation_float,syll,Speaker_ID,2026-06-19_15-43-51,,,,,False,False
INT_AGE_X_ORIENTATION,GLM_NB,INT_AGE_X_ORIENTATION_GLM_NB,global,global_int_age_x_orientation,False,age_x_orientation,Sentiment_label_float,1.0605,1.0582,1.0628,0.0,1001787,1561,1.567257,,fp_count ~ Speaker_gender + I((Speaker_age_at_session - 49.656757) / 10) + scale(speech_rate_syll) + Sentiment_label_float + Party_status + Party_orientation_float + C(Lang) + I((Speaker_age_at_session - 49.656757) / 10) : Party_orientation_float,syll,Speaker_ID,2026-06-19_15-43-51,,,,,False,False
INT_AGE_X_ORIENTATION,GLM_NB,INT_AGE_X_ORIENTATION_GLM_NB,global,global_int_age_x_orientation,False,age_x_orientation,Party_status,0.7893,0.7816,0.7971,0.0,1001787,1561,1.567257,,fp_count ~ Speaker_gender + I((Speaker_age_at_session - 49.656757) / 10) + scale(speech_rate_syll) + Sentiment_label_float + Party_status + Party_orientation_float + C(Lang) + I((Speaker_age_at_session - 49.656757) / 10) : Party_orientation_float,syll,Speaker_ID,2026-06-19_15-43-51,,,,,False,False
INT_AGE_X_ORIENTATION,GLM_NB,INT_AGE_X_ORIENTATION_GLM_NB,global,global_int_age_x_orientation,False,age_x_orientation,Party_orientation_float,1.0293,1.0259,1.0328,0.0,1001787,1561,1.567257,,fp_count ~ Speaker_gender + I((Speaker_age_at_session - 49.656757) / 10) + scale(speech_rate_syll) + Sentiment_label_float + Party_status + Party_orientation_float + C(Lang) + I((Speaker_age_at_session - 49.656757) / 10) : Party_orientation_float,syll,Speaker_ID,2026-06-19_15-43-51,,,,,False,False
INT_AGE_X_ORIENTATION,GLM_NB,INT_AGE_X_ORIENTATION_GLM_NB,global,global_int_age_x_orientation,False,age_x_orientation,I((Speaker_age_at_session - 49.656757) / 10):Party_orientation_float,0.9953,0.9921,0.9985,0.0036,1001787,1561,1.567257,,fp_count ~ Speaker_gender + I((Speaker_age_at_session - 49.656757) / 10) + scale(speech_rate_syll) + Sentiment_label_float + Party_status + Party_orientation_float + C(Lang) + I((Speaker_age_at_session - 49.656757) / 10) : Party_orientation_float,syll,Speaker_ID,2026-06-19_15-43-51,,,,,False,False
MUNDLAK,GEE_NB_Exch,MUNDLAK_GEE_NB_Exch,RS,RS_mundlak,True,,Intercept,0.0354,0.0304,0.0413,0.0,180361,534,1.832918,0.0912,fp_count ~ Speaker_gender + I((Speaker_age_at_session - 48.047898) / 10) + scale(speech_rate_syll_mean) + scale(speech_rate_syll_dev) + Sentiment_label_float_mean + Sentiment_label_float_dev + Party_status_mean + Party_status_dev + Party_orientation_float_mean + Party_orientation_float_dev,syll,Speaker_ID,2026-06-19_15-43-51,,,,,False,False
MUNDLAK,GEE_NB_Exch,MUNDLAK_GEE_NB_Exch,RS,RS_mundlak,True,,Speaker_gender[T.M],0.3517,0.2823,0.4382,0.0,180361,534,1.832918,0.0912,fp_count ~ Speaker_gender + I((Speaker_age_at_session - 48.047898) / 10) + scale(speech_rate_syll_mean) + scale(speech_rate_syll_dev) + Sentiment_label_float_mean + Sentiment_label_float_dev + Party_status_mean + Party_status_dev + Party_orientation_float_mean + Party_orientation_float_dev,syll,Speaker_ID,2026-06-19_15-43-51,,,,,False,False
MUNDLAK,GEE_NB_Exch,MUNDLAK_GEE_NB_Exch,RS,RS_mundlak,True,,I((Speaker_age_at_session - 48.047898) / 10),0.8915,0.8115,0.9792,0.0165,180361,534,1.832918,0.0912,fp_count ~ Speaker_gender + I((Speaker_age_at_session - 48.047898) / 10) + scale(speech_rate_syll_mean) + scale(speech_rate_syll_dev) + Sentiment_label_float_mean + Sentiment_label_float_dev + Party_status_mean + Party_status_dev + Party_orientation_float_mean + Party_orientation_float_dev,syll,Speaker_ID,2026-06-19_15-43-51,,,,,False,False
MUNDLAK,GEE_NB_Exch,MUNDLAK_GEE_NB_Exch,RS,RS_mundlak,True,,scale(speech_rate_syll_mean),1.0532,0.9178,1.2084,0.4604,180361,534,1.832918,0.0912,fp_count ~ Speaker_gender + I((Speaker_age_at_session - 48.047898) / 10) + scale(speech_rate_syll_mean) + scale(speech_rate_syll_dev) + Sentiment_label_float_mean + Sentiment_label_float_dev + Party_status_mean + Party_status_dev + Party_orientation_float_mean + Party_orientation_float_dev,syll,Speaker_ID,2026-06-19_15-43-51,,,,,False,False
MUNDLAK,GEE_NB_Exch,MUNDLAK_GEE_NB_Exch,RS,RS_mundlak,True,,scale(speech_rate_syll_dev),0.6417,0.6174,0.6669,0.0,180361,534,1.832918,0.0912,fp_count ~ Speaker_gender + I((Speaker_age_at_session - 48.047898) / 10) + scale(speech_rate_syll_mean) + scale(speech_rate_syll_dev) + Sentiment_label_float_mean + Sentiment_label_float_dev + Party_status_mean + Party_status_dev + Party_orientation_float_mean + Party_orientation_float_dev,syll,Speaker_ID,2026-06-19_15-43-51,,,,,False,False
MUNDLAK,GEE_NB_Exch,MUNDLAK_GEE_NB_Exch,RS,RS_mundlak,True,,Sentiment_label_float_mean,1.3126,1.123,1.5343,0.0006,180361,534,1.832918,0.0912,fp_count ~ Speaker_gender + I((Speaker_age_at_session - 48.047898) / 10) + scale(speech_rate_syll_mean) + scale(speech_rate_syll_dev) + Sentiment_label_float_mean + Sentiment_label_float_dev + Party_status_mean + Party_status_dev + Party_orientation_float_mean + Party_orientation_float_dev,syll,Speaker_ID,2026-06-19_15-43-51,,,,,False,False
MUNDLAK,GEE_NB_Exch,MUNDLAK_GEE_NB_Exch,RS,RS_mundlak,True,,Sentiment_label_float_dev,1.0546,1.043,1.0664,0.0,180361,534,1.832918,0.0912,fp_count ~ Speaker_gender + I((Speaker_age_at_session - 48.047898) / 10) + scale(speech_rate_syll_mean) + scale(speech_rate_syll_dev) + Sentiment_label_float_mean + Sentiment_label_float_dev + Party_status_mean + Party_status_dev + Party_orientation_float_mean + Party_orientation_float_dev,syll,Speaker_ID,2026-06-19_15-43-51,,,,,False,False
MUNDLAK,GEE_NB_Exch,MUNDLAK_GEE_NB_Exch,RS,RS_mundlak,True,,Party_status_mean,1.8927,1.189,3.0128,0.0071,180361,534,1.832918,0.0912,fp_count ~ Speaker_gender + I((Speaker_age_at_session - 48.047898) / 10) + scale(speech_rate_syll_mean) + scale(speech_rate_syll_dev) + Sentiment_label_float_mean + Sentiment_label_float_dev + Party_status_mean + Party_status_dev + Party_orientation_float_mean + Party_orientation_float_dev,syll,Speaker_ID,2026-06-19_15-43-51,,,,,False,False
MUNDLAK,GEE_NB_Exch,MUNDLAK_GEE_NB_Exch,RS,RS_mundlak,True,,Party_status_dev,1.2525,0.5324,2.9463,0.606,180361,534,1.832918,0.0912,fp_count ~ Speaker_gender + I((Speaker_age_at_session - 48.047898) / 10) + scale(speech_rate_syll_mean) + scale(speech_rate_syll_dev) + Sentiment_label_float_mean + Sentiment_label_float_dev + Party_status_mean + Party_status_dev + Party_orientation_float_mean + Party_orientation_float_dev,syll,Speaker_ID,2026-06-19_15-43-51,,,,,False,False
MUNDLAK,GEE_NB_Exch,MUNDLAK_GEE_NB_Exch,RS,RS_mundlak,True,,Party_orientation_float_mean,1.0071,0.8819,1.1502,0.9164,180361,534,1.832918,0.0912,fp_count ~ Speaker_gender + I((Speaker_age_at_session - 48.047898) / 10) + scale(speech_rate_syll_mean) + scale(speech_rate_syll_dev) + Sentiment_label_float_mean + Sentiment_label_float_dev + Party_status_mean + Party_status_dev + Party_orientation_float_mean + Party_orientation_float_dev,syll,Speaker_ID,2026-06-19_15-43-51,,,,,False,False
MUNDLAK,GEE_NB_Exch,MUNDLAK_GEE_NB_Exch,RS,RS_mundlak,True,,Party_orientation_float_dev,0.7804,0.5944,1.0246,0.0742,180361,534,1.832918,0.0912,fp_count ~ Speaker_gender + I((Speaker_age_at_session - 48.047898) / 10) + scale(speech_rate_syll_mean) + scale(speech_rate_syll_dev) + Sentiment_label_float_mean + Sentiment_label_float_dev + Party_status_mean + Party_status_dev + Party_orientation_float_mean + Party_orientation_float_dev,syll,Speaker_ID,2026-06-19_15-43-51,,,,,False,False
MUNDLAK,GEE_NB_Indep,MUNDLAK_GEE_NB_Indep,RS,RS_mundlak,True,,Intercept,0.0339,0.029,0.0396,0.0,180361,534,1.832918,,fp_count ~ Speaker_gender + I((Speaker_age_at_session - 48.047898) / 10) + scale(speech_rate_syll_mean) + scale(speech_rate_syll_dev) + Sentiment_label_float_mean + Sentiment_label_float_dev + Party_status_mean + Party_status_dev + Party_orientation_float_mean + Party_orientation_float_dev,syll,Speaker_ID,2026-06-19_15-43-51,,,,,False,False
MUNDLAK,GEE_NB_Indep,MUNDLAK_GEE_NB_Indep,RS,RS_mundlak,True,,Speaker_gender[T.M],0.4237,0.3398,0.5283,0.0,180361,534,1.832918,,fp_count ~ Speaker_gender + I((Speaker_age_at_session - 48.047898) / 10) + scale(speech_rate_syll_mean) + scale(speech_rate_syll_dev) + Sentiment_label_float_mean + Sentiment_label_float_dev + Party_status_mean + Party_status_dev + Party_orientation_float_mean + Party_orientation_float_dev,syll,Speaker_ID,2026-06-19_15-43-51,,,,,False,False
MUNDLAK,GEE_NB_Indep,MUNDLAK_GEE_NB_Indep,RS,RS_mundlak,True,,I((Speaker_age_at_session - 48.047898) / 10),0.7977,0.7205,0.8832,0.0,180361,534,1.832918,,fp_count ~ Speaker_gender + I((Speaker_age_at_session - 48.047898) / 10) + scale(speech_rate_syll_mean) + scale(speech_rate_syll_dev) + Sentiment_label_float_mean + Sentiment_label_float_dev + Party_status_mean + Party_status_dev + Party_orientation_float_mean + Party_orientation_float_dev,syll,Speaker_ID,2026-06-19_15-43-51,,,,,False,False
MUNDLAK,GEE_NB_Indep,MUNDLAK_GEE_NB_Indep,RS,RS_mundlak,True,,scale(speech_rate_syll_mean),0.8232,0.7198,0.9416,0.0045,180361,534,1.832918,,fp_count ~ Speaker_gender + I((Speaker_age_at_session - 48.047898) / 10) + scale(speech_rate_syll_mean) + scale(speech_rate_syll_dev) + Sentiment_label_float_mean + Sentiment_label_float_dev + Party_status_mean + Party_status_dev + Party_orientation_float_mean + Party_orientation_float_dev,syll,Speaker_ID,2026-06-19_15-43-51,,,,,False,False
MUNDLAK,GEE_NB_Indep,MUNDLAK_GEE_NB_Indep,RS,RS_mundlak,True,,scale(speech_rate_syll_dev),0.6598,0.6297,0.6913,0.0,180361,534,1.832918,,fp_count ~ Speaker_gender + I((Speaker_age_at_session - 48.047898) / 10) + scale(speech_rate_syll_mean) + scale(speech_rate_syll_dev) + Sentiment_label_float_mean + Sentiment_label_float_dev + Party_status_mean + Party_status_dev + Party_orientation_float_mean + Party_orientation_float_dev,syll,Speaker_ID,2026-06-19_15-43-51,,,,,False,False
MUNDLAK,GEE_NB_Indep,MUNDLAK_GEE_NB_Indep,RS,RS_mundlak,True,,Sentiment_label_float_mean,1.3171,1.1361,1.5269,0.0003,180361,534,1.832918,,fp_count ~ Speaker_gender + I((Speaker_age_at_session - 48.047898) / 10) + scale(speech_rate_syll_mean) + scale(speech_rate_syll_dev) + Sentiment_label_float_mean + Sentiment_label_float_dev + Party_status_mean + Party_status_dev + Party_orientation_float_mean + Party_orientation_float_dev,syll,Speaker_ID,2026-06-19_15-43-51,,,,,False,False
MUNDLAK,GEE_NB_Indep,MUNDLAK_GEE_NB_Indep,RS,RS_mundlak,True,,Sentiment_label_float_dev,1.0536,1.0396,1.0678,0.0,180361,534,1.832918,,fp_count ~ Speaker_gender + I((Speaker_age_at_session - 48.047898) / 10) + scale(speech_rate_syll_mean) + scale(speech_rate_syll_dev) + Sentiment_label_float_mean + Sentiment_label_float_dev + Party_status_mean + Party_status_dev + Party_orientation_float_mean + Party_orientation_float_dev,syll,Speaker_ID,2026-06-19_15-43-51,,,,,False,False
MUNDLAK,GEE_NB_Indep,MUNDLAK_GEE_NB_Indep,RS,RS_mundlak,True,,Party_status_mean,1.5471,0.9898,2.4182,0.0555,180361,534,1.832918,,fp_count ~ Speaker_gender + I((Speaker_age_at_session - 48.047898) / 10) + scale(speech_rate_syll_mean) + scale(speech_rate_syll_dev) + Sentiment_label_float_mean + Sentiment_label_float_dev + Party_status_mean + Party_status_dev + Party_orientation_float_mean + Party_orientation_float_dev,syll,Speaker_ID,2026-06-19_15-43-51,,,,,False,False
MUNDLAK,GEE_NB_Indep,MUNDLAK_GEE_NB_Indep,RS,RS_mundlak,True,,Party_status_dev,1.2103,0.5895,2.4849,0.6031,180361,534,1.832918,,fp_count ~ Speaker_gender + I((Speaker_age_at_session - 48.047898) / 10) + scale(speech_rate_syll_mean) + scale(speech_rate_syll_dev) + Sentiment_label_float_mean + Sentiment_label_float_dev + Party_status_mean + Party_status_dev + Party_orientation_float_mean + Party_orientation_float_dev,syll,Speaker_ID,2026-06-19_15-43-51,,,,,False,False
MUNDLAK,GEE_NB_Indep,MUNDLAK_GEE_NB_Indep,RS,RS_mundlak,True,,Party_orientation_float_mean,1.0584,0.9401,1.1917,0.3481,180361,534,1.832918,,fp_count ~ Speaker_gender + I((Speaker_age_at_session - 48.047898) / 10) + scale(speech_rate_syll_mean) + scale(speech_rate_syll_dev) + Sentiment_label_float_mean + Sentiment_label_float_dev + Party_status_mean + Party_status_dev + Party_orientation_float_mean + Party_orientation_float_dev,syll,Speaker_ID,2026-06-19_15-43-51,,,,,False,False
MUNDLAK,GEE_NB_Indep,MUNDLAK_GEE_NB_Indep,RS,RS_mundlak,True,,Party_orientation_float_dev,0.7829,0.5669,1.0812,0.1374,180361,534,1.832918,,fp_count ~ Speaker_gender + I((Speaker_age_at_session - 48.047898) / 10) + scale(speech_rate_syll_mean) + scale(speech_rate_syll_dev) + Sentiment_label_float_mean + Sentiment_label_float_dev + Party_status_mean + Party_status_dev + Party_orientation_float_mean + Party_orientation_float_dev,syll,Speaker_ID,2026-06-19_15-43-51,,,,,False,False
MUNDLAK,GLM_NB_Cluster,MUNDLAK_GLM_NB_Cluster,RS,RS_mundlak,True,,Intercept,0.0339,0.0293,0.0392,0.0,180361,534,1.832918,,fp_count ~ Speaker_gender + I((Speaker_age_at_session - 48.047898) / 10) + scale(speech_rate_syll_mean) + scale(speech_rate_syll_dev) + Sentiment_label_float_mean + Sentiment_label_float_dev + Party_status_mean + Party_status_dev + Party_orientation_float_mean + Party_orientation_float_dev,syll,Speaker_ID,2026-06-19_15-43-51,,,,,False,False
MUNDLAK,GLM_NB_Cluster,MUNDLAK_GLM_NB_Cluster,RS,RS_mundlak,True,,Speaker_gender[T.M],0.4237,0.3426,0.5239,0.0,180361,534,1.832918,,fp_count ~ Speaker_gender + I((Speaker_age_at_session - 48.047898) / 10) + scale(speech_rate_syll_mean) + scale(speech_rate_syll_dev) + Sentiment_label_float_mean + Sentiment_label_float_dev + Party_status_mean + Party_status_dev + Party_orientation_float_mean + Party_orientation_float_dev,syll,Speaker_ID,2026-06-19_15-43-51,,,,,False,False
MUNDLAK,GLM_NB_Cluster,MUNDLAK_GLM_NB_Cluster,RS,RS_mundlak,True,,I((Speaker_age_at_session - 48.047898) / 10),0.7977,0.7169,0.8876,0.0,180361,534,1.832918,,fp_count ~ Speaker_gender + I((Speaker_age_at_session - 48.047898) / 10) + scale(speech_rate_syll_mean) + scale(speech_rate_syll_dev) + Sentiment_label_float_mean + Sentiment_label_float_dev + Party_status_mean + Party_status_dev + Party_orientation_float_mean + Party_orientation_float_dev,syll,Speaker_ID,2026-06-19_15-43-51,,,,,False,False
MUNDLAK,GLM_NB_Cluster,MUNDLAK_GLM_NB_Cluster,RS,RS_mundlak,True,,scale(speech_rate_syll_mean),0.8232,0.7248,0.935,0.0028,180361,534,1.832918,,fp_count ~ Speaker_gender + I((Speaker_age_at_session - 48.047898) / 10) + scale(speech_rate_syll_mean) + scale(speech_rate_syll_dev) + Sentiment_label_float_mean + Sentiment_label_float_dev + Party_status_mean + Party_status_dev + Party_orientation_float_mean + Party_orientation_float_dev,syll,Speaker_ID,2026-06-19_15-43-51,,,,,False,False
MUNDLAK,GLM_NB_Cluster,MUNDLAK_GLM_NB_Cluster,RS,RS_mundlak,True,,scale(speech_rate_syll_dev),0.6598,0.6272,0.694,0.0,180361,534,1.832918,,fp_count ~ Speaker_gender + I((Speaker_age_at_session - 48.047898) / 10) + scale(speech_rate_syll_mean) + scale(speech_rate_syll_dev) + Sentiment_label_float_mean + Sentiment_label_float_dev + Party_status_mean + Party_status_dev + Party_orientation_float_mean + Party_orientation_float_dev,syll,Speaker_ID,2026-06-19_15-43-51,,,,,False,False
MUNDLAK,GLM_NB_Cluster,MUNDLAK_GLM_NB_Cluster,RS,RS_mundlak,True,,Sentiment_label_float_mean,1.3171,1.1375,1.5252,0.0002,180361,534,1.832918,,fp_count ~ Speaker_gender + I((Speaker_age_at_session - 48.047898) / 10) + scale(speech_rate_syll_mean) + scale(speech_rate_syll_dev) + Sentiment_label_float_mean + Sentiment_label_float_dev + Party_status_mean + Party_status_dev + Party_orientation_float_mean + Party_orientation_float_dev,syll,Speaker_ID,2026-06-19_15-43-51,,,,,False,False
MUNDLAK,GLM_NB_Cluster,MUNDLAK_GLM_NB_Cluster,RS,RS_mundlak,True,,Sentiment_label_float_dev,1.0536,1.0394,1.0679,0.0,180361,534,1.832918,,fp_count ~ Speaker_gender + I((Speaker_age_at_session - 48.047898) / 10) + scale(speech_rate_syll_mean) + scale(speech_rate_syll_dev) + Sentiment_label_float_mean + Sentiment_label_float_dev + Party_status_mean + Party_status_dev + Party_orientation_float_mean + Party_orientation_float_dev,syll,Speaker_ID,2026-06-19_15-43-51,,,,,False,False
MUNDLAK,GLM_NB_Cluster,MUNDLAK_GLM_NB_Cluster,RS,RS_mundlak,True,,Party_status_mean,1.5471,1.0195,2.3478,0.0403,180361,534,1.832918,,fp_count ~ Speaker_gender + I((Speaker_age_at_session - 48.047898) / 10) + scale(speech_rate_syll_mean) + scale(speech_rate_syll_dev) + Sentiment_label_float_mean + Sentiment_label_float_dev + Party_status_mean + Party_status_dev + Party_orientation_float_mean + Party_orientation_float_dev,syll,Speaker_ID,2026-06-19_15-43-51,,,,,False,False
MUNDLAK,GLM_NB_Cluster,MUNDLAK_GLM_NB_Cluster,RS,RS_mundlak,True,,Party_status_dev,1.2103,0.6704,2.1849,0.5266,180361,534,1.832918,,fp_count ~ Speaker_gender + I((Speaker_age_at_session - 48.047898) / 10) + scale(speech_rate_syll_mean) + scale(speech_rate_syll_dev) + Sentiment_label_float_mean + Sentiment_label_float_dev + Party_status_mean + Party_status_dev + Party_orientation_float_mean + Party_orientation_float_dev,syll,Speaker_ID,2026-06-19_15-43-51,,,,,False,False
MUNDLAK,GLM_NB_Cluster,MUNDLAK_GLM_NB_Cluster,RS,RS_mundlak,True,,Party_orientation_float_mean,1.0584,0.9436,1.1871,0.3323,180361,534,1.832918,,fp_count ~ Speaker_gender + I((Speaker_age_at_session - 48.047898) / 10) + scale(speech_rate_syll_mean) + scale(speech_rate_syll_dev) + Sentiment_label_float_mean + Sentiment_label_float_dev + Party_status_mean + Party_status_dev + Party_orientation_float_mean + Party_orientation_float_dev,syll,Speaker_ID,2026-06-19_15-43-51,,,,,False,False
MUNDLAK,GLM_NB_Cluster,MUNDLAK_GLM_NB_Cluster,RS,RS_mundlak,True,,Party_orientation_float_dev,0.7829,0.5594,1.0959,0.1538,180361,534,1.832918,,fp_count ~ Speaker_gender + I((Speaker_age_at_session - 48.047898) / 10) + scale(speech_rate_syll_mean) + scale(speech_rate_syll_dev) + Sentiment_label_float_mean + Sentiment_label_float_dev + Party_status_mean + Party_status_dev + Party_orientation_float_mean + Party_orientation_float_dev,syll,Speaker_ID,2026-06-19_15-43-51,,,,,False,False
MUNDLAK,GLM_NB,MUNDLAK_GLM_NB,RS,RS_mundlak,True,,Intercept,0.0339,0.0332,0.0345,0.0,180361,534,1.832918,,fp_count ~ Speaker_gender + I((Speaker_age_at_session - 48.047898) / 10) + scale(speech_rate_syll_mean) + scale(speech_rate_syll_dev) + Sentiment_label_float_mean + Sentiment_label_float_dev + Party_status_mean + Party_status_dev + Party_orientation_float_mean + Party_orientation_float_dev,syll,Speaker_ID,2026-06-19_15-43-51,,,,,False,False
MUNDLAK,GLM_NB,MUNDLAK_GLM_NB,RS,RS_mundlak,True,,Speaker_gender[T.M],0.4237,0.4137,0.4339,0.0,180361,534,1.832918,,fp_count ~ Speaker_gender + I((Speaker_age_at_session - 48.047898) / 10) + scale(speech_rate_syll_mean) + scale(speech_rate_syll_dev) + Sentiment_label_float_mean + Sentiment_label_float_dev + Party_status_mean + Party_status_dev + Party_orientation_float_mean + Party_orientation_float_dev,syll,Speaker_ID,2026-06-19_15-43-51,,,,,False,False
MUNDLAK,GLM_NB,MUNDLAK_GLM_NB,RS,RS_mundlak,True,,I((Speaker_age_at_session - 48.047898) / 10),0.7977,0.7883,0.8072,0.0,180361,534,1.832918,,fp_count ~ Speaker_gender + I((Speaker_age_at_session - 48.047898) / 10) + scale(speech_rate_syll_mean) + scale(speech_rate_syll_dev) + Sentiment_label_float_mean + Sentiment_label_float_dev + Party_status_mean + Party_status_dev + Party_orientation_float_mean + Party_orientation_float_dev,syll,Speaker_ID,2026-06-19_15-43-51,,,,,False,False
MUNDLAK,GLM_NB,MUNDLAK_GLM_NB,RS,RS_mundlak,True,,scale(speech_rate_syll_mean),0.8232,0.8128,0.8338,0.0,180361,534,1.832918,,fp_count ~ Speaker_gender + I((Speaker_age_at_session - 48.047898) / 10) + scale(speech_rate_syll_mean) + scale(speech_rate_syll_dev) + Sentiment_label_float_mean + Sentiment_label_float_dev + Party_status_mean + Party_status_dev + Party_orientation_float_mean + Party_orientation_float_dev,syll,Speaker_ID,2026-06-19_15-43-51,,,,,False,False
MUNDLAK,GLM_NB,MUNDLAK_GLM_NB,RS,RS_mundlak,True,,scale(speech_rate_syll_dev),0.6598,0.6514,0.6683,0.0,180361,534,1.832918,,fp_count ~ Speaker_gender + I((Speaker_age_at_session - 48.047898) / 10) + scale(speech_rate_syll_mean) + scale(speech_rate_syll_dev) + Sentiment_label_float_mean + Sentiment_label_float_dev + Party_status_mean + Party_status_dev + Party_orientation_float_mean + Party_orientation_float_dev,syll,Speaker_ID,2026-06-19_15-43-51,,,,,False,False
MUNDLAK,GLM_NB,MUNDLAK_GLM_NB,RS,RS_mundlak,True,,Sentiment_label_float_mean,1.3171,1.2955,1.3391,0.0,180361,534,1.832918,,fp_count ~ Speaker_gender + I((Speaker_age_at_session - 48.047898) / 10) + scale(speech_rate_syll_mean) + scale(speech_rate_syll_dev) + Sentiment_label_float_mean + Sentiment_label_float_dev + Party_status_mean + Party_status_dev + Party_orientation_float_mean + Party_orientation_float_dev,syll,Speaker_ID,2026-06-19_15-43-51,,,,,False,False
MUNDLAK,GLM_NB,MUNDLAK_GLM_NB,RS,RS_mundlak,True,,Sentiment_label_float_dev,1.0536,1.0471,1.0602,0.0,180361,534,1.832918,,fp_count ~ Speaker_gender + I((Speaker_age_at_session - 48.047898) / 10) + scale(speech_rate_syll_mean) + scale(speech_rate_syll_dev) + Sentiment_label_float_mean + Sentiment_label_float_dev + Party_status_mean + Party_status_dev + Party_orientation_float_mean + Party_orientation_float_dev,syll,Speaker_ID,2026-06-19_15-43-51,,,,,False,False
MUNDLAK,GLM_NB,MUNDLAK_GLM_NB,RS,RS_mundlak,True,,Party_status_mean,1.5471,1.4831,1.6139,0.0,180361,534,1.832918,,fp_count ~ Speaker_gender + I((Speaker_age_at_session - 48.047898) / 10) + scale(speech_rate_syll_mean) + scale(speech_rate_syll_dev) + Sentiment_label_float_mean + Sentiment_label_float_dev + Party_status_mean + Party_status_dev + Party_orientation_float_mean + Party_orientation_float_dev,syll,Speaker_ID,2026-06-19_15-43-51,,,,,False,False
MUNDLAK,GLM_NB,MUNDLAK_GLM_NB,RS,RS_mundlak,True,,Party_status_dev,1.2103,1.0059,1.4562,0.0432,180361,534,1.832918,,fp_count ~ Speaker_gender + I((Speaker_age_at_session - 48.047898) / 10) + scale(speech_rate_syll_mean) + scale(speech_rate_syll_dev) + Sentiment_label_float_mean + Sentiment_label_float_dev + Party_status_mean + Party_status_dev + Party_orientation_float_mean + Party_orientation_float_dev,syll,Speaker_ID,2026-06-19_15-43-51,,,,,False,False
MUNDLAK,GLM_NB,MUNDLAK_GLM_NB,RS,RS_mundlak,True,,Party_orientation_float_mean,1.0584,1.0457,1.0713,0.0,180361,534,1.832918,,fp_count ~ Speaker_gender + I((Speaker_age_at_session - 48.047898) / 10) + scale(speech_rate_syll_mean) + scale(speech_rate_syll_dev) + Sentiment_label_float_mean + Sentiment_label_float_dev + Party_status_mean + Party_status_dev + Party_orientation_float_mean + Party_orientation_float_dev,syll,Speaker_ID,2026-06-19_15-43-51,,,,,False,False
MUNDLAK,GLM_NB,MUNDLAK_GLM_NB,RS,RS_mundlak,True,,Party_orientation_float_dev,0.7829,0.7238,0.8469,0.0,180361,534,1.832918,,fp_count ~ Speaker_gender + I((Speaker_age_at_session - 48.047898) / 10) + scale(speech_rate_syll_mean) + scale(speech_rate_syll_dev) + Sentiment_label_float_mean + Sentiment_label_float_dev + Party_status_mean + Party_status_dev + Party_orientation_float_mean + Party_orientation_float_dev,syll,Speaker_ID,2026-06-19_15-43-51,,,,,False,False
BASE,GEE_NB_Exch,BASE_GEE_NB_Exch,global,global_baseline,False,,Intercept,0.0885,0.0757,0.1033,0.0,1001787,1561,1.567162,0.0700,fp_count ~ Speaker_gender + I((Speaker_age_at_session - 49.656757) / 10) + scale(speech_rate_syll) + Sentiment_label_float + Party_status + Party_orientation_float + C(Lang),syll,Speaker_ID,2026-06-19_15-43-51,,,,,False,False
BASE,GEE_NB_Exch,BASE_GEE_NB_Exch,global,global_baseline,False,,Speaker_gender[T.M],0.5553,0.4747,0.6496,0.0,1001787,1561,1.567162,0.0700,fp_count ~ Speaker_gender + I((Speaker_age_at_session - 49.656757) / 10) + scale(speech_rate_syll) + Sentiment_label_float + Party_status + Party_orientation_float + C(Lang),syll,Speaker_ID,2026-06-19_15-43-51,,,,,False,False
BASE,GEE_NB_Exch,BASE_GEE_NB_Exch,global,global_baseline,False,,C(Lang)[T.HR],0.3694,0.3099,0.4404,0.0,1001787,1561,1.567162,0.0700,fp_count ~ Speaker_gender + I((Speaker_age_at_session - 49.656757) / 10) + scale(speech_rate_syll) + Sentiment_label_float + Party_status + Party_orientation_float + C(Lang),syll,Speaker_ID,2026-06-19_15-43-51,,,,,False,False
BASE,GEE_NB_Exch,BASE_GEE_NB_Exch,global,global_baseline,False,,C(Lang)[T.PL],1.2625,1.0906,1.4614,0.0018,1001787,1561,1.567162,0.0700,fp_count ~ Speaker_gender + I((Speaker_age_at_session - 49.656757) / 10) + scale(speech_rate_syll) + Sentiment_label_float + Party_status + Party_orientation_float + C(Lang),syll,Speaker_ID,2026-06-19_15-43-51,,,,,False,False
BASE,GEE_NB_Exch,BASE_GEE_NB_Exch,global,global_baseline,False,,C(Lang)[T.RS],0.3233,0.2758,0.379,0.0,1001787,1561,1.567162,0.0700,fp_count ~ Speaker_gender + I((Speaker_age_at_session - 49.656757) / 10) + scale(speech_rate_syll) + Sentiment_label_float + Party_status + Party_orientation_float + C(Lang),syll,Speaker_ID,2026-06-19_15-43-51,,,,,False,False
BASE,GEE_NB_Exch,BASE_GEE_NB_Exch,global,global_baseline,False,,I((Speaker_age_at_session - 49.656757) / 10),0.8105,0.7656,0.8581,0.0,1001787,1561,1.567162,0.0700,fp_count ~ Speaker_gender + I((Speaker_age_at_session - 49.656757) / 10) + scale(speech_rate_syll) + Sentiment_label_float + Party_status + Party_orientation_float + C(Lang),syll,Speaker_ID,2026-06-19_15-43-51,,,,,False,False
BASE,GEE_NB_Exch,BASE_GEE_NB_Exch,global,global_baseline,False,,scale(speech_rate_syll),0.6289,0.6168,0.6413,0.0,1001787,1561,1.567162,0.0700,fp_count ~ Speaker_gender + I((Speaker_age_at_session - 49.656757) / 10) + scale(speech_rate_syll) + Sentiment_label_float + Party_status + Party_orientation_float + C(Lang),syll,Speaker_ID,2026-06-19_15-43-51,,,,,False,False
BASE,GEE_NB_Exch,BASE_GEE_NB_Exch,global,global_baseline,False,,Sentiment_label_float,1.0496,1.0439,1.0552,0.0,1001787,1561,1.567162,0.0700,fp_count ~ Speaker_gender + I((Speaker_age_at_session - 49.656757) / 10) + scale(speech_rate_syll) + Sentiment_label_float + Party_status + Party_orientation_float + C(Lang),syll,Speaker_ID,2026-06-19_15-43-51,,,,,False,False
BASE,GEE_NB_Exch,BASE_GEE_NB_Exch,global,global_baseline,False,,Party_status,0.9554,0.8802,1.037,0.2748,1001787,1561,1.567162,0.0700,fp_count ~ Speaker_gender + I((Speaker_age_at_session - 49.656757) / 10) + scale(speech_rate_syll) + Sentiment_label_float + Party_status + Party_orientation_float + C(Lang),syll,Speaker_ID,2026-06-19_15-43-51,,,,,False,False
BASE,GEE_NB_Exch,BASE_GEE_NB_Exch,global,global_baseline,False,,Party_orientation_float,0.982,0.9334,1.0333,0.4849,1001787,1561,1.567162,0.0700,fp_count ~ Speaker_gender + I((Speaker_age_at_session - 49.656757) / 10) + scale(speech_rate_syll) + Sentiment_label_float + Party_status + Party_orientation_float + C(Lang),syll,Speaker_ID,2026-06-19_15-43-51,,,,,False,False
BASE,GEE_NB_Indep,BASE_GEE_NB_Indep,global,global_baseline,False,,Intercept,0.0729,0.0615,0.0866,0.0,1001787,1561,1.567162,,fp_count ~ Speaker_gender + I((Speaker_age_at_session - 49.656757) / 10) + scale(speech_rate_syll) + Sentiment_label_float + Party_status + Party_orientation_float + C(Lang),syll,Speaker_ID,2026-06-19_15-43-51,,,,,False,False
BASE,GEE_NB_Indep,BASE_GEE_NB_Indep,global,global_baseline,False,,Speaker_gender[T.M],0.6365,0.5626,0.7202,0.0,1001787,1561,1.567162,,fp_count ~ Speaker_gender + I((Speaker_age_at_session - 49.656757) / 10) + scale(speech_rate_syll) + Sentiment_label_float + Party_status + Party_orientation_float + C(Lang),syll,Speaker_ID,2026-06-19_15-43-51,,,,,False,False
BASE,GEE_NB_Indep,BASE_GEE_NB_Indep,global,global_baseline,False,,C(Lang)[T.HR],0.5486,0.4636,0.6492,0.0,1001787,1561,1.567162,,fp_count ~ Speaker_gender + I((Speaker_age_at_session - 49.656757) / 10) + scale(speech_rate_syll) + Sentiment_label_float + Party_status + Party_orientation_float + C(Lang),syll,Speaker_ID,2026-06-19_15-43-51,,,,,False,False
BASE,GEE_NB_Indep,BASE_GEE_NB_Indep,global,global_baseline,False,,C(Lang)[T.PL],1.2068,0.9973,1.4605,0.0534,1001787,1561,1.567162,,fp_count ~ Speaker_gender + I((Speaker_age_at_session - 49.656757) / 10) + scale(speech_rate_syll) + Sentiment_label_float + Party_status + Party_orientation_float + C(Lang),syll,Speaker_ID,2026-06-19_15-43-51,,,,,False,False
BASE,GEE_NB_Indep,BASE_GEE_NB_Indep,global,global_baseline,False,,C(Lang)[T.RS],0.3736,0.3087,0.4522,0.0,1001787,1561,1.567162,,fp_count ~ Speaker_gender + I((Speaker_age_at_session - 49.656757) / 10) + scale(speech_rate_syll) + Sentiment_label_float + Party_status + Party_orientation_float + C(Lang),syll,Speaker_ID,2026-06-19_15-43-51,,,,,False,False
BASE,GEE_NB_Indep,BASE_GEE_NB_Indep,global,global_baseline,False,,I((Speaker_age_at_session - 49.656757) / 10),0.8366,0.7896,0.8865,0.0,1001787,1561,1.567162,,fp_count ~ Speaker_gender + I((Speaker_age_at_session - 49.656757) / 10) + scale(speech_rate_syll) + Sentiment_label_float + Party_status + Party_orientation_float + C(Lang),syll,Speaker_ID,2026-06-19_15-43-51,,,,,False,False
BASE,GEE_NB_Indep,BASE_GEE_NB_Indep,global,global_baseline,False,,scale(speech_rate_syll),0.6434,0.6246,0.6627,0.0,1001787,1561,1.567162,,fp_count ~ Speaker_gender + I((Speaker_age_at_session - 49.656757) / 10) + scale(speech_rate_syll) + Sentiment_label_float + Party_status + Party_orientation_float + C(Lang),syll,Speaker_ID,2026-06-19_15-43-51,,,,,False,False
BASE,GEE_NB_Indep,BASE_GEE_NB_Indep,global,global_baseline,False,,Sentiment_label_float,1.0606,1.0494,1.0718,0.0,1001787,1561,1.567162,,fp_count ~ Speaker_gender + I((Speaker_age_at_session - 49.656757) / 10) + scale(speech_rate_syll) + Sentiment_label_float + Party_status + Party_orientation_float + C(Lang),syll,Speaker_ID,2026-06-19_15-43-51,,,,,False,False
BASE,GEE_NB_Indep,BASE_GEE_NB_Indep,global,global_baseline,False,,Party_status,0.7913,0.6944,0.9018,0.0004,1001787,1561,1.567162,,fp_count ~ Speaker_gender + I((Speaker_age_at_session - 49.656757) / 10) + scale(speech_rate_syll) + Sentiment_label_float + Party_status + Party_orientation_float + C(Lang),syll,Speaker_ID,2026-06-19_15-43-51,,,,,False,False
BASE,GEE_NB_Indep,BASE_GEE_NB_Indep,global,global_baseline,False,,Party_orientation_float,1.0291,0.983,1.0773,0.2205,1001787,1561,1.567162,,fp_count ~ Speaker_gender + I((Speaker_age_at_session - 49.656757) / 10) + scale(speech_rate_syll) + Sentiment_label_float + Party_status + Party_orientation_float + C(Lang),syll,Speaker_ID,2026-06-19_15-43-51,,,,,False,False
BASE,GLM_NB_Cluster,BASE_GLM_NB_Cluster,global,global_baseline,False,,Intercept,0.0729,0.0609,0.0873,0.0,1001787,1561,1.567162,,fp_count ~ Speaker_gender + I((Speaker_age_at_session - 49.656757) / 10) + scale(speech_rate_syll) + Sentiment_label_float + Party_status + Party_orientation_float + C(Lang),syll,Speaker_ID,2026-06-19_15-43-51,,,,,False,False
BASE,GLM_NB_Cluster,BASE_GLM_NB_Cluster,global,global_baseline,False,,Speaker_gender[T.M],0.6365,0.5608,0.7225,0.0,1001787,1561,1.567162,,fp_count ~ Speaker_gender + I((Speaker_age_at_session - 49.656757) / 10) + scale(speech_rate_syll) + Sentiment_label_float + Party_status + Party_orientation_float + C(Lang),syll,Speaker_ID,2026-06-19_15-43-51,,,,,False,False
BASE,GLM_NB_Cluster,BASE_GLM_NB_Cluster,global,global_baseline,False,,C(Lang)[T.HR],0.5486,0.4618,0.6517,0.0,1001787,1561,1.567162,,fp_count ~ Speaker_gender + I((Speaker_age_at_session - 49.656757) / 10) + scale(speech_rate_syll) + Sentiment_label_float + Party_status + Party_orientation_float + C(Lang),syll,Speaker_ID,2026-06-19_15-43-51,,,,,False,False
BASE,GLM_NB_Cluster,BASE_GLM_NB_Cluster,global,global_baseline,False,,C(Lang)[T.PL],1.2068,0.9967,1.4613,0.0541,1001787,1561,1.567162,,fp_count ~ Speaker_gender + I((Speaker_age_at_session - 49.656757) / 10) + scale(speech_rate_syll) + Sentiment_label_float + Party_status + Party_orientation_float + C(Lang),syll,Speaker_ID,2026-06-19_15-43-51,,,,,False,False
BASE,GLM_NB_Cluster,BASE_GLM_NB_Cluster,global,global_baseline,False,,C(Lang)[T.RS],0.3736,0.3086,0.4523,0.0,1001787,1561,1.567162,,fp_count ~ Speaker_gender + I((Speaker_age_at_session - 49.656757) / 10) + scale(speech_rate_syll) + Sentiment_label_float + Party_status + Party_orientation_float + C(Lang),syll,Speaker_ID,2026-06-19_15-43-51,,,,,False,False
BASE,GLM_NB_Cluster,BASE_GLM_NB_Cluster,global,global_baseline,False,,I((Speaker_age_at_session - 49.656757) / 10),0.8366,0.7896,0.8864,0.0,1001787,1561,1.567162,,fp_count ~ Speaker_gender + I((Speaker_age_at_session - 49.656757) / 10) + scale(speech_rate_syll) + Sentiment_label_float + Party_status + Party_orientation_float + C(Lang),syll,Speaker_ID,2026-06-19_15-43-51,,,,,False,False
BASE,GLM_NB_Cluster,BASE_GLM_NB_Cluster,global,global_baseline,False,,scale(speech_rate_syll),0.6434,0.6234,0.6641,0.0,1001787,1561,1.567162,,fp_count ~ Speaker_gender + I((Speaker_age_at_session - 49.656757) / 10) + scale(speech_rate_syll) + Sentiment_label_float + Party_status + Party_orientation_float + C(Lang),syll,Speaker_ID,2026-06-19_15-43-51,,,,,False,False
BASE,GLM_NB_Cluster,BASE_GLM_NB_Cluster,global,global_baseline,False,,Sentiment_label_float,1.0606,1.0492,1.072,0.0,1001787,1561,1.567162,,fp_count ~ Speaker_gender + I((Speaker_age_at_session - 49.656757) / 10) + scale(speech_rate_syll) + Sentiment_label_float + Party_status + Party_orientation_float + C(Lang),syll,Speaker_ID,2026-06-19_15-43-51,,,,,False,False
BASE,GLM_NB_Cluster,BASE_GLM_NB_Cluster,global,global_baseline,False,,Party_status,0.7913,0.6939,0.9024,0.0005,1001787,1561,1.567162,,fp_count ~ Speaker_gender + I((Speaker_age_at_session - 49.656757) / 10) + scale(speech_rate_syll) + Sentiment_label_float + Party_status + Party_orientation_float + C(Lang),syll,Speaker_ID,2026-06-19_15-43-51,,,,,False,False
BASE,GLM_NB_Cluster,BASE_GLM_NB_Cluster,global,global_baseline,False,,Party_orientation_float,1.0291,0.9812,1.0793,0.2385,1001787,1561,1.567162,,fp_count ~ Speaker_gender + I((Speaker_age_at_session - 49.656757) / 10) + scale(speech_rate_syll) + Sentiment_label_float + Party_status + Party_orientation_float + C(Lang),syll,Speaker_ID,2026-06-19_15-43-51,,,,,False,False
BASE,GLM_NB,BASE_GLM_NB,global,global_baseline,False,,Intercept,0.0729,0.072,0.0739,0.0,1001787,1561,1.567162,,fp_count ~ Speaker_gender + I((Speaker_age_at_session - 49.656757) / 10) + scale(speech_rate_syll) + Sentiment_label_float + Party_status + Party_orientation_float + C(Lang),syll,Speaker_ID,2026-06-19_15-43-51,,,,,False,False
BASE,GLM_NB,BASE_GLM_NB,global,global_baseline,False,,Speaker_gender[T.M],0.6365,0.6309,0.6422,0.0,1001787,1561,1.567162,,fp_count ~ Speaker_gender + I((Speaker_age_at_session - 49.656757) / 10) + scale(speech_rate_syll) + Sentiment_label_float + Party_status + Party_orientation_float + C(Lang),syll,Speaker_ID,2026-06-19_15-43-51,,,,,False,False
BASE,GLM_NB,BASE_GLM_NB,global,global_baseline,False,,C(Lang)[T.HR],0.5486,0.5426,0.5547,0.0,1001787,1561,1.567162,,fp_count ~ Speaker_gender + I((Speaker_age_at_session - 49.656757) / 10) + scale(speech_rate_syll) + Sentiment_label_float + Party_status + Party_orientation_float + C(Lang),syll,Speaker_ID,2026-06-19_15-43-51,,,,,False,False
BASE,GLM_NB,BASE_GLM_NB,global,global_baseline,False,,C(Lang)[T.PL],1.2068,1.1902,1.2237,0.0,1001787,1561,1.567162,,fp_count ~ Speaker_gender + I((Speaker_age_at_session - 49.656757) / 10) + scale(speech_rate_syll) + Sentiment_label_float + Party_status + Party_orientation_float + C(Lang),syll,Speaker_ID,2026-06-19_15-43-51,,,,,False,False
BASE,GLM_NB,BASE_GLM_NB,global,global_baseline,False,,C(Lang)[T.RS],0.3736,0.3683,0.3791,0.0,1001787,1561,1.567162,,fp_count ~ Speaker_gender + I((Speaker_age_at_session - 49.656757) / 10) + scale(speech_rate_syll) + Sentiment_label_float + Party_status + Party_orientation_float + C(Lang),syll,Speaker_ID,2026-06-19_15-43-51,,,,,False,False
BASE,GLM_NB,BASE_GLM_NB,global,global_baseline,False,,I((Speaker_age_at_session - 49.656757) / 10),0.8366,0.833,0.8402,0.0,1001787,1561,1.567162,,fp_count ~ Speaker_gender + I((Speaker_age_at_session - 49.656757) / 10) + scale(speech_rate_syll) + Sentiment_label_float + Party_status + Party_orientation_float + C(Lang),syll,Speaker_ID,2026-06-19_15-43-51,,,,,False,False
BASE,GLM_NB,BASE_GLM_NB,global,global_baseline,False,,scale(speech_rate_syll),0.6434,0.6405,0.6463,0.0,1001787,1561,1.567162,,fp_count ~ Speaker_gender + I((Speaker_age_at_session - 49.656757) / 10) + scale(speech_rate_syll) + Sentiment_label_float + Party_status + Party_orientation_float + C(Lang),syll,Speaker_ID,2026-06-19_15-43-51,,,,,False,False
BASE,GLM_NB,BASE_GLM_NB,global,global_baseline,False,,Sentiment_label_float,1.0606,1.0583,1.0629,0.0,1001787,1561,1.567162,,fp_count ~ Speaker_gender + I((Speaker_age_at_session - 49.656757) / 10) + scale(speech_rate_syll) + Sentiment_label_float + Party_status + Party_orientation_float + C(Lang),syll,Speaker_ID,2026-06-19_15-43-51,,,,,False,False
BASE,GLM_NB,BASE_GLM_NB,global,global_baseline,False,,Party_status,0.7913,0.7837,0.799,0.0,1001787,1561,1.567162,,fp_count ~ Speaker_gender + I((Speaker_age_at_session - 49.656757) / 10) + scale(speech_rate_syll) + Sentiment_label_float + Party_status + Party_orientation_float + C(Lang),syll,Speaker_ID,2026-06-19_15-43-51,,,,,False,False
BASE,GLM_NB,BASE_GLM_NB,global,global_baseline,False,,Party_orientation_float,1.0291,1.0256,1.0325,0.0,1001787,1561,1.567162,,fp_count ~ Speaker_gender + I((Speaker_age_at_session - 49.656757) / 10) + scale(speech_rate_syll) + Sentiment_label_float + Party_status + Party_orientation_float + C(Lang),syll,Speaker_ID,2026-06-19_15-43-51,,,,,False,False
MUNDLAK,GEE_NB_Exch,MUNDLAK_GEE_NB_Exch,PL,PL_mundlak,True,,Intercept,0.0652,0.0491,0.0866,0.0,117305,342,1.206905,0.2485,fp_count ~ Speaker_gender + I((Speaker_age_at_session - 51.186846) / 10) + scale(speech_rate_syll_mean) + scale(speech_rate_syll_dev) + Sentiment_label_float_mean + Sentiment_label_float_dev + Party_status_mean + Party_status_dev + Party_orientation_float_mean + Party_orientation_float_dev,syll,Speaker_ID,2026-06-19_15-43-51,,,,,False,False
MUNDLAK,GEE_NB_Exch,MUNDLAK_GEE_NB_Exch,PL,PL_mundlak,True,,Speaker_gender[T.M],1.0202,0.8211,1.2676,0.8569,117305,342,1.206905,0.2485,fp_count ~ Speaker_gender + I((Speaker_age_at_session - 51.186846) / 10) + scale(speech_rate_syll_mean) + scale(speech_rate_syll_dev) + Sentiment_label_float_mean + Sentiment_label_float_dev + Party_status_mean + Party_status_dev + Party_orientation_float_mean + Party_orientation_float_dev,syll,Speaker_ID,2026-06-19_15-43-51,,,,,False,False
MUNDLAK,GEE_NB_Exch,MUNDLAK_GEE_NB_Exch,PL,PL_mundlak,True,,I((Speaker_age_at_session - 51.186846) / 10),1.1001,1.0109,1.1972,0.027,117305,342,1.206905,0.2485,fp_count ~ Speaker_gender + I((Speaker_age_at_session - 51.186846) / 10) + scale(speech_rate_syll_mean) + scale(speech_rate_syll_dev) + Sentiment_label_float_mean + Sentiment_label_float_dev + Party_status_mean + Party_status_dev + Party_orientation_float_mean + Party_orientation_float_dev,syll,Speaker_ID,2026-06-19_15-43-51,,,,,False,False
MUNDLAK,GEE_NB_Exch,MUNDLAK_GEE_NB_Exch,PL,PL_mundlak,True,,scale(speech_rate_syll_mean),1.0632,0.9619,1.1752,0.23,117305,342,1.206905,0.2485,fp_count ~ Speaker_gender + I((Speaker_age_at_session - 51.186846) / 10) + scale(speech_rate_syll_mean) + scale(speech_rate_syll_dev) + Sentiment_label_float_mean + Sentiment_label_float_dev + Party_status_mean + Party_status_dev + Party_orientation_float_mean + Party_orientation_float_dev,syll,Speaker_ID,2026-06-19_15-43-51,,,,,False,False
MUNDLAK,GEE_NB_Exch,MUNDLAK_GEE_NB_Exch,PL,PL_mundlak,True,,scale(speech_rate_syll_dev),0.6541,0.6391,0.6695,0.0,117305,342,1.206905,0.2485,fp_count ~ Speaker_gender + I((Speaker_age_at_session - 51.186846) / 10) + scale(speech_rate_syll_mean) + scale(speech_rate_syll_dev) + Sentiment_label_float_mean + Sentiment_label_float_dev + Party_status_mean + Party_status_dev + Party_orientation_float_mean + Party_orientation_float_dev,syll,Speaker_ID,2026-06-19_15-43-51,,,,,False,False
MUNDLAK,GEE_NB_Exch,MUNDLAK_GEE_NB_Exch,PL,PL_mundlak,True,,Sentiment_label_float_mean,0.8955,0.7371,1.0878,0.2661,117305,342,1.206905,0.2485,fp_count ~ Speaker_gender + I((Speaker_age_at_session - 51.186846) / 10) + scale(speech_rate_syll_mean) + scale(speech_rate_syll_dev) + Sentiment_label_float_mean + Sentiment_label_float_dev + Party_status_mean + Party_status_dev + Party_orientation_float_mean + Party_orientation_float_dev,syll,Speaker_ID,2026-06-19_15-43-51,,,,,False,False
MUNDLAK,GEE_NB_Exch,MUNDLAK_GEE_NB_Exch,PL,PL_mundlak,True,,Sentiment_label_float_dev,1.0251,1.0183,1.0319,0.0,117305,342,1.206905,0.2485,fp_count ~ Speaker_gender + I((Speaker_age_at_session - 51.186846) / 10) + scale(speech_rate_syll_mean) + scale(speech_rate_syll_dev) + Sentiment_label_float_mean + Sentiment_label_float_dev + Party_status_mean + Party_status_dev + Party_orientation_float_mean + Party_orientation_float_dev,syll,Speaker_ID,2026-06-19_15-43-51,,,,,False,False
MUNDLAK,GEE_NB_Exch,MUNDLAK_GEE_NB_Exch,PL,PL_mundlak,True,,Party_status_mean,1.0177,0.7511,1.379,0.9098,117305,342,1.206905,0.2485,fp_count ~ Speaker_gender + I((Speaker_age_at_session - 51.186846) / 10) + scale(speech_rate_syll_mean) + scale(speech_rate_syll_dev) + Sentiment_label_float_mean + Sentiment_label_float_dev + Party_status_mean + Party_status_dev + Party_orientation_float_mean + Party_orientation_float_dev,syll,Speaker_ID,2026-06-19_15-43-51,,,,,False,False
MUNDLAK,GEE_NB_Exch,MUNDLAK_GEE_NB_Exch,PL,PL_mundlak,True,,Party_orientation_float_mean,1.0588,0.9558,1.1728,0.2739,117305,342,1.206905,0.2485,fp_count ~ Speaker_gender + I((Speaker_age_at_session - 51.186846) / 10) + scale(speech_rate_syll_mean) + scale(speech_rate_syll_dev) + Sentiment_label_float_mean + Sentiment_label_float_dev + Party_status_mean + Party_status_dev + Party_orientation_float_mean + Party_orientation_float_dev,syll,Speaker_ID,2026-06-19_15-43-51,,,,,False,False
MUNDLAK,GEE_NB_Exch,MUNDLAK_GEE_NB_Exch,PL,PL_mundlak,True,,Party_orientation_float_dev,1.3511,1.3215,1.3813,0.0,117305,342,1.206905,0.2485,fp_count ~ Speaker_gender + I((Speaker_age_at_session - 51.186846) / 10) + scale(speech_rate_syll_mean) + scale(speech_rate_syll_dev) + Sentiment_label_float_mean + Sentiment_label_float_dev + Party_status_mean + Party_status_dev + Party_orientation_float_mean + Party_orientation_float_dev,syll,Speaker_ID,2026-06-19_15-43-51,,,,,False,False
MUNDLAK,GEE_NB_Indep,MUNDLAK_GEE_NB_Indep,PL,PL_mundlak,True,,Intercept,0.0464,0.0338,0.0637,0.0,117305,342,1.206905,,fp_count ~ Speaker_gender + I((Speaker_age_at_session - 51.186846) / 10) + scale(speech_rate_syll_mean) + scale(speech_rate_syll_dev) + Sentiment_label_float_mean + Sentiment_label_float_dev + Party_status_mean + Party_status_dev + Party_orientation_float_mean + Party_orientation_float_dev,syll,Speaker_ID,2026-06-19_15-43-51,,,,,False,False
MUNDLAK,GEE_NB_Indep,MUNDLAK_GEE_NB_Indep,PL,PL_mundlak,True,,Speaker_gender[T.M],1.1199,0.8368,1.4988,0.4462,117305,342,1.206905,,fp_count ~ Speaker_gender + I((Speaker_age_at_session - 51.186846) / 10) + scale(speech_rate_syll_mean) + scale(speech_rate_syll_dev) + Sentiment_label_float_mean + Sentiment_label_float_dev + Party_status_mean + Party_status_dev + Party_orientation_float_mean + Party_orientation_float_dev,syll,Speaker_ID,2026-06-19_15-43-51,,,,,False,False
MUNDLAK,GEE_NB_Indep,MUNDLAK_GEE_NB_Indep,PL,PL_mundlak,True,,I((Speaker_age_at_session - 51.186846) / 10),0.9484,0.8639,1.0411,0.2654,117305,342,1.206905,,fp_count ~ Speaker_gender + I((Speaker_age_at_session - 51.186846) / 10) + scale(speech_rate_syll_mean) + scale(speech_rate_syll_dev) + Sentiment_label_float_mean + Sentiment_label_float_dev + Party_status_mean + Party_status_dev + Party_orientation_float_mean + Party_orientation_float_dev,syll,Speaker_ID,2026-06-19_15-43-51,,,,,False,False
MUNDLAK,GEE_NB_Indep,MUNDLAK_GEE_NB_Indep,PL,PL_mundlak,True,,scale(speech_rate_syll_mean),0.8879,0.7943,0.9925,0.0363,117305,342,1.206905,,fp_count ~ Speaker_gender + I((Speaker_age_at_session - 51.186846) / 10) + scale(speech_rate_syll_mean) + scale(speech_rate_syll_dev) + Sentiment_label_float_mean + Sentiment_label_float_dev + Party_status_mean + Party_status_dev + Party_orientation_float_mean + Party_orientation_float_dev,syll,Speaker_ID,2026-06-19_15-43-51,,,,,False,False
MUNDLAK,GEE_NB_Indep,MUNDLAK_GEE_NB_Indep,PL,PL_mundlak,True,,scale(speech_rate_syll_dev),0.6069,0.5911,0.6231,0.0,117305,342,1.206905,,fp_count ~ Speaker_gender + I((Speaker_age_at_session - 51.186846) / 10) + scale(speech_rate_syll_mean) + scale(speech_rate_syll_dev) + Sentiment_label_float_mean + Sentiment_label_float_dev + Party_status_mean + Party_status_dev + Party_orientation_float_mean + Party_orientation_float_dev,syll,Speaker_ID,2026-06-19_15-43-51,,,,,False,False
MUNDLAK,GEE_NB_Indep,MUNDLAK_GEE_NB_Indep,PL,PL_mundlak,True,,Sentiment_label_float_mean,1.0716,0.8368,1.3723,0.5836,117305,342,1.206905,,fp_count ~ Speaker_gender + I((Speaker_age_at_session - 51.186846) / 10) + scale(speech_rate_syll_mean) + scale(speech_rate_syll_dev) + Sentiment_label_float_mean + Sentiment_label_float_dev + Party_status_mean + Party_status_dev + Party_orientation_float_mean + Party_orientation_float_dev,syll,Speaker_ID,2026-06-19_15-43-51,,,,,False,False
MUNDLAK,GEE_NB_Indep,MUNDLAK_GEE_NB_Indep,PL,PL_mundlak,True,,Sentiment_label_float_dev,1.0299,1.0187,1.0413,0.0,117305,342,1.206905,,fp_count ~ Speaker_gender + I((Speaker_age_at_session - 51.186846) / 10) + scale(speech_rate_syll_mean) + scale(speech_rate_syll_dev) + Sentiment_label_float_mean + Sentiment_label_float_dev + Party_status_mean + Party_status_dev + Party_orientation_float_mean + Party_orientation_float_dev,syll,Speaker_ID,2026-06-19_15-43-51,,,,,False,False
MUNDLAK,GEE_NB_Indep,MUNDLAK_GEE_NB_Indep,PL,PL_mundlak,True,,Party_status_mean,0.8992,0.6402,1.2629,0.5397,117305,342,1.206905,,fp_count ~ Speaker_gender + I((Speaker_age_at_session - 51.186846) / 10) + scale(speech_rate_syll_mean) + scale(speech_rate_syll_dev) + Sentiment_label_float_mean + Sentiment_label_float_dev + Party_status_mean + Party_status_dev + Party_orientation_float_mean + Party_orientation_float_dev,syll,Speaker_ID,2026-06-19_15-43-51,,,,,False,False
MUNDLAK,GEE_NB_Indep,MUNDLAK_GEE_NB_Indep,PL,PL_mundlak,True,,Party_orientation_float_mean,1.0567,0.9337,1.1959,0.3825,117305,342,1.206905,,fp_count ~ Speaker_gender + I((Speaker_age_at_session - 51.186846) / 10) + scale(speech_rate_syll_mean) + scale(speech_rate_syll_dev) + Sentiment_label_float_mean + Sentiment_label_float_dev + Party_status_mean + Party_status_dev + Party_orientation_float_mean + Party_orientation_float_dev,syll,Speaker_ID,2026-06-19_15-43-51,,,,,False,False
MUNDLAK,GEE_NB_Indep,MUNDLAK_GEE_NB_Indep,PL,PL_mundlak,True,,Party_orientation_float_dev,1.4351,1.3676,1.506,0.0,117305,342,1.206905,,fp_count ~ Speaker_gender + I((Speaker_age_at_session - 51.186846) / 10) + scale(speech_rate_syll_mean) + scale(speech_rate_syll_dev) + Sentiment_label_float_mean + Sentiment_label_float_dev + Party_status_mean + Party_status_dev + Party_orientation_float_mean + Party_orientation_float_dev,syll,Speaker_ID,2026-06-19_15-43-51,,,,,False,False
MUNDLAK,GLM_NB,MUNDLAK_GLM_NB,PL,PL_mundlak,True,,Intercept,0.0464,0.0449,0.0479,0.0,117305,342,1.206905,,fp_count ~ Speaker_gender + I((Speaker_age_at_session - 51.186846) / 10) + scale(speech_rate_syll_mean) + scale(speech_rate_syll_dev) + Sentiment_label_float_mean + Sentiment_label_float_dev + Party_status_mean + Party_status_dev + Party_orientation_float_mean + Party_orientation_float_dev,syll,Speaker_ID,2026-06-19_15-43-51,,,,,False,False
MUNDLAK,GLM_NB,MUNDLAK_GLM_NB,PL,PL_mundlak,True,,Speaker_gender[T.M],1.1199,1.0931,1.1474,0.0,117305,342,1.206905,,fp_count ~ Speaker_gender + I((Speaker_age_at_session - 51.186846) / 10) + scale(speech_rate_syll_mean) + scale(speech_rate_syll_dev) + Sentiment_label_float_mean + Sentiment_label_float_dev + Party_status_mean + Party_status_dev + Party_orientation_float_mean + Party_orientation_float_dev,syll,Speaker_ID,2026-06-19_15-43-51,,,,,False,False
MUNDLAK,GLM_NB,MUNDLAK_GLM_NB,PL,PL_mundlak,True,,I((Speaker_age_at_session - 51.186846) / 10),0.9484,0.9388,0.9581,0.0,117305,342,1.206905,,fp_count ~ Speaker_gender + I((Speaker_age_at_session - 51.186846) / 10) + scale(speech_rate_syll_mean) + scale(speech_rate_syll_dev) + Sentiment_label_float_mean + Sentiment_label_float_dev + Party_status_mean + Party_status_dev + Party_orientation_float_mean + Party_orientation_float_dev,syll,Speaker_ID,2026-06-19_15-43-51,,,,,False,False
MUNDLAK,GLM_NB,MUNDLAK_GLM_NB,PL,PL_mundlak,True,,scale(speech_rate_syll_mean),0.8879,0.8777,0.8982,0.0,117305,342,1.206905,,fp_count ~ Speaker_gender + I((Speaker_age_at_session - 51.186846) / 10) + scale(speech_rate_syll_mean) + scale(speech_rate_syll_dev) + Sentiment_label_float_mean + Sentiment_label_float_dev + Party_status_mean + Party_status_dev + Party_orientation_float_mean + Party_orientation_float_dev,syll,Speaker_ID,2026-06-19_15-43-51,,,,,False,False
MUNDLAK,GLM_NB,MUNDLAK_GLM_NB,PL,PL_mundlak,True,,scale(speech_rate_syll_dev),0.6069,0.6003,0.6135,0.0,117305,342,1.206905,,fp_count ~ Speaker_gender + I((Speaker_age_at_session - 51.186846) / 10) + scale(speech_rate_syll_mean) + scale(speech_rate_syll_dev) + Sentiment_label_float_mean + Sentiment_label_float_dev + Party_status_mean + Party_status_dev + Party_orientation_float_mean + Party_orientation_float_dev,syll,Speaker_ID,2026-06-19_15-43-51,,,,,False,False
MUNDLAK,GLM_NB,MUNDLAK_GLM_NB,PL,PL_mundlak,True,,Sentiment_label_float_mean,1.0716,1.0431,1.101,0.0,117305,342,1.206905,,fp_count ~ Speaker_gender + I((Speaker_age_at_session - 51.186846) / 10) + scale(speech_rate_syll_mean) + scale(speech_rate_syll_dev) + Sentiment_label_float_mean + Sentiment_label_float_dev + Party_status_mean + Party_status_dev + Party_orientation_float_mean + Party_orientation_float_dev,syll,Speaker_ID,2026-06-19_15-43-51,,,,,False,False
MUNDLAK,GLM_NB,MUNDLAK_GLM_NB,PL,PL_mundlak,True,,Sentiment_label_float_dev,1.0299,1.0239,1.036,0.0,117305,342,1.206905,,fp_count ~ Speaker_gender + I((Speaker_age_at_session - 51.186846) / 10) + scale(speech_rate_syll_mean) + scale(speech_rate_syll_dev) + Sentiment_label_float_mean + Sentiment_label_float_dev + Party_status_mean + Party_status_dev + Party_orientation_float_mean + Party_orientation_float_dev,syll,Speaker_ID,2026-06-19_15-43-51,,,,,False,False
MUNDLAK,GLM_NB,MUNDLAK_GLM_NB,PL,PL_mundlak,True,,Party_status_mean,0.8992,0.8672,0.9324,0.0,117305,342,1.206905,,fp_count ~ Speaker_gender + I((Speaker_age_at_session - 51.186846) / 10) + scale(speech_rate_syll_mean) + scale(speech_rate_syll_dev) + Sentiment_label_float_mean + Sentiment_label_float_dev + Party_status_mean + Party_status_dev + Party_orientation_float_mean + Party_orientation_float_dev,syll,Speaker_ID,2026-06-19_15-43-51,,,,,False,False
MUNDLAK,GLM_NB,MUNDLAK_GLM_NB,PL,PL_mundlak,True,,Party_status_dev,1.0,1.0,1.0,0.002,117305,342,1.206905,,fp_count ~ Speaker_gender + I((Speaker_age_at_session - 51.186846) / 10) + scale(speech_rate_syll_mean) + scale(speech_rate_syll_dev) + Sentiment_label_float_mean + Sentiment_label_float_dev + Party_status_mean + Party_status_dev + Party_orientation_float_mean + Party_orientation_float_dev,syll,Speaker_ID,2026-06-19_15-43-51,,,,,False,False
MUNDLAK,GLM_NB,MUNDLAK_GLM_NB,PL,PL_mundlak,True,,Party_orientation_float_mean,1.0567,1.0464,1.0671,0.0,117305,342,1.206905,,fp_count ~ Speaker_gender + I((Speaker_age_at_session - 51.186846) / 10) + scale(speech_rate_syll_mean) + scale(speech_rate_syll_dev) + Sentiment_label_float_mean + Sentiment_label_float_dev + Party_status_mean + Party_status_dev + Party_orientation_float_mean + Party_orientation_float_dev,syll,Speaker_ID,2026-06-19_15-43-51,,,,,False,False
MUNDLAK,GLM_NB,MUNDLAK_GLM_NB,PL,PL_mundlak,True,,Party_orientation_float_dev,1.4351,1.1186,1.8411,0.0045,117305,342,1.206905,,fp_count ~ Speaker_gender + I((Speaker_age_at_session - 51.186846) / 10) + scale(speech_rate_syll_mean) + scale(speech_rate_syll_dev) + Sentiment_label_float_mean + Sentiment_label_float_dev + Party_status_mean + Party_status_dev + Party_orientation_float_mean + Party_orientation_float_dev,syll,Speaker_ID,2026-06-19_15-43-51,,,,,False,False
INT_GENDER_X_RATE,GEE_NB_Exch,INT_GENDER_X_RATE_GEE_NB_Exch,global,global_int_gender_x_rate,False,gender_x_rate,Intercept,0.0802,0.0687,0.0935,0.0,1001787,1561,1.567025,0.0717,fp_count ~ Speaker_gender + I((Speaker_age_at_session - 49.656757) / 10) + scale(speech_rate_syll) + Sentiment_label_float + Party_status + Party_orientation_float + C(Lang) + Speaker_gender : scale(speech_rate_syll),syll,Speaker_ID,2026-06-19_15-43-51,,,,,False,False
INT_GENDER_X_RATE,GEE_NB_Exch,INT_GENDER_X_RATE_GEE_NB_Exch,global,global_int_gender_x_rate,False,gender_x_rate,Speaker_gender[T.M],0.6333,0.5411,0.7413,0.0,1001787,1561,1.567025,0.0717,fp_count ~ Speaker_gender + I((Speaker_age_at_session - 49.656757) / 10) + scale(speech_rate_syll) + Sentiment_label_float + Party_status + Party_orientation_float + C(Lang) + Speaker_gender : scale(speech_rate_syll),syll,Speaker_ID,2026-06-19_15-43-51,,,,,False,False
INT_GENDER_X_RATE,GEE_NB_Exch,INT_GENDER_X_RATE_GEE_NB_Exch,global,global_int_gender_x_rate,False,gender_x_rate,C(Lang)[T.HR],0.3726,0.313,0.4435,0.0,1001787,1561,1.567025,0.0717,fp_count ~ Speaker_gender + I((Speaker_age_at_session - 49.656757) / 10) + scale(speech_rate_syll) + Sentiment_label_float + Party_status + Party_orientation_float + C(Lang) + Speaker_gender : scale(speech_rate_syll),syll,Speaker_ID,2026-06-19_15-43-51,,,,,False,False
INT_GENDER_X_RATE,GEE_NB_Exch,INT_GENDER_X_RATE_GEE_NB_Exch,global,global_int_gender_x_rate,False,gender_x_rate,C(Lang)[T.PL],1.2598,1.0896,1.4566,0.0018,1001787,1561,1.567025,0.0717,fp_count ~ Speaker_gender + I((Speaker_age_at_session - 49.656757) / 10) + scale(speech_rate_syll) + Sentiment_label_float + Party_status + Party_orientation_float + C(Lang) + Speaker_gender : scale(speech_rate_syll),syll,Speaker_ID,2026-06-19_15-43-51,,,,,False,False
INT_GENDER_X_RATE,GEE_NB_Exch,INT_GENDER_X_RATE_GEE_NB_Exch,global,global_int_gender_x_rate,False,gender_x_rate,C(Lang)[T.RS],0.3306,0.2825,0.3868,0.0,1001787,1561,1.567025,0.0717,fp_count ~ Speaker_gender + I((Speaker_age_at_session - 49.656757) / 10) + scale(speech_rate_syll) + Sentiment_label_float + Party_status + Party_orientation_float + C(Lang) + Speaker_gender : scale(speech_rate_syll),syll,Speaker_ID,2026-06-19_15-43-51,,,,,False,False
INT_GENDER_X_RATE,GEE_NB_Exch,INT_GENDER_X_RATE_GEE_NB_Exch,global,global_int_gender_x_rate,False,gender_x_rate,I((Speaker_age_at_session - 49.656757) / 10),0.8091,0.7647,0.8561,0.0,1001787,1561,1.567025,0.0717,fp_count ~ Speaker_gender + I((Speaker_age_at_session - 49.656757) / 10) + scale(speech_rate_syll) + Sentiment_label_float + Party_status + Party_orientation_float + C(Lang) + Speaker_gender : scale(speech_rate_syll),syll,Speaker_ID,2026-06-19_15-43-51,,,,,False,False
INT_GENDER_X_RATE,GEE_NB_Exch,INT_GENDER_X_RATE_GEE_NB_Exch,global,global_int_gender_x_rate,False,gender_x_rate,scale(speech_rate_syll),0.594,0.5724,0.6164,0.0,1001787,1561,1.567025,0.0717,fp_count ~ Speaker_gender + I((Speaker_age_at_session - 49.656757) / 10) + scale(speech_rate_syll) + Sentiment_label_float + Party_status + Party_orientation_float + C(Lang) + Speaker_gender : scale(speech_rate_syll),syll,Speaker_ID,2026-06-19_15-43-51,,,,,False,False
INT_GENDER_X_RATE,GEE_NB_Exch,INT_GENDER_X_RATE_GEE_NB_Exch,global,global_int_gender_x_rate,False,gender_x_rate,Speaker_gender[T.M]:scale(speech_rate_syll),1.0832,1.0365,1.132,0.0004,1001787,1561,1.567025,0.0717,fp_count ~ Speaker_gender + I((Speaker_age_at_session - 49.656757) / 10) + scale(speech_rate_syll) + Sentiment_label_float + Party_status + Party_orientation_float + C(Lang) + Speaker_gender : scale(speech_rate_syll),syll,Speaker_ID,2026-06-19_15-43-51,,,,,False,False
INT_GENDER_X_RATE,GEE_NB_Exch,INT_GENDER_X_RATE_GEE_NB_Exch,global,global_int_gender_x_rate,False,gender_x_rate,Sentiment_label_float,1.0494,1.0437,1.0551,0.0,1001787,1561,1.567025,0.0717,fp_count ~ Speaker_gender + I((Speaker_age_at_session - 49.656757) / 10) + scale(speech_rate_syll) + Sentiment_label_float + Party_status + Party_orientation_float + C(Lang) + Speaker_gender : scale(speech_rate_syll),syll,Speaker_ID,2026-06-19_15-43-51,,,,,False,False
INT_GENDER_X_RATE,GEE_NB_Exch,INT_GENDER_X_RATE_GEE_NB_Exch,global,global_int_gender_x_rate,False,gender_x_rate,Party_status,0.9591,0.883,1.0417,0.3214,1001787,1561,1.567025,0.0717,fp_count ~ Speaker_gender + I((Speaker_age_at_session - 49.656757) / 10) + scale(speech_rate_syll) + Sentiment_label_float + Party_status + Party_orientation_float + C(Lang) + Speaker_gender : scale(speech_rate_syll),syll,Speaker_ID,2026-06-19_15-43-51,,,,,False,False
INT_GENDER_X_RATE,GEE_NB_Exch,INT_GENDER_X_RATE_GEE_NB_Exch,global,global_int_gender_x_rate,False,gender_x_rate,Party_orientation_float,0.9829,0.9344,1.034,0.5044,1001787,1561,1.567025,0.0717,fp_count ~ Speaker_gender + I((Speaker_age_at_session - 49.656757) / 10) + scale(speech_rate_syll) + Sentiment_label_float + Party_status + Party_orientation_float + C(Lang) + Speaker_gender : scale(speech_rate_syll),syll,Speaker_ID,2026-06-19_15-43-51,,,,,False,False
INT_GENDER_X_RATE,GEE_NB_Indep,INT_GENDER_X_RATE_GEE_NB_Indep,global,global_int_gender_x_rate,False,gender_x_rate,Intercept,0.0722,0.0607,0.0859,0.0,1001787,1561,1.567025,,fp_count ~ Speaker_gender + I((Speaker_age_at_session - 49.656757) / 10) + scale(speech_rate_syll) + Sentiment_label_float + Party_status + Party_orientation_float + C(Lang) + Speaker_gender : scale(speech_rate_syll),syll,Speaker_ID,2026-06-19_15-43-51,,,,,False,False
INT_GENDER_X_RATE,GEE_NB_Indep,INT_GENDER_X_RATE_GEE_NB_Indep,global,global_int_gender_x_rate,False,gender_x_rate,Speaker_gender[T.M],0.645,0.5658,0.7352,0.0,1001787,1561,1.567025,,fp_count ~ Speaker_gender + I((Speaker_age_at_session - 49.656757) / 10) + scale(speech_rate_syll) + Sentiment_label_float + Party_status + Party_orientation_float + C(Lang) + Speaker_gender : scale(speech_rate_syll),syll,Speaker_ID,2026-06-19_15-43-51,,,,,False,False
INT_GENDER_X_RATE,GEE_NB_Indep,INT_GENDER_X_RATE_GEE_NB_Indep,global,global_int_gender_x_rate,False,gender_x_rate,C(Lang)[T.HR],0.5486,0.4637,0.6492,0.0,1001787,1561,1.567025,,fp_count ~ Speaker_gender + I((Speaker_age_at_session - 49.656757) / 10) + scale(speech_rate_syll) + Sentiment_label_float + Party_status + Party_orientation_float + C(Lang) + Speaker_gender : scale(speech_rate_syll),syll,Speaker_ID,2026-06-19_15-43-51,,,,,False,False
INT_GENDER_X_RATE,GEE_NB_Indep,INT_GENDER_X_RATE_GEE_NB_Indep,global,global_int_gender_x_rate,False,gender_x_rate,C(Lang)[T.PL],1.2086,0.9988,1.4624,0.0514,1001787,1561,1.567025,,fp_count ~ Speaker_gender + I((Speaker_age_at_session - 49.656757) / 10) + scale(speech_rate_syll) + Sentiment_label_float + Party_status + Party_orientation_float + C(Lang) + Speaker_gender : scale(speech_rate_syll),syll,Speaker_ID,2026-06-19_15-43-51,,,,,False,False
INT_GENDER_X_RATE,GEE_NB_Indep,INT_GENDER_X_RATE_GEE_NB_Indep,global,global_int_gender_x_rate,False,gender_x_rate,C(Lang)[T.RS],0.3736,0.3087,0.4523,0.0,1001787,1561,1.567025,,fp_count ~ Speaker_gender + I((Speaker_age_at_session - 49.656757) / 10) + scale(speech_rate_syll) + Sentiment_label_float + Party_status + Party_orientation_float + C(Lang) + Speaker_gender : scale(speech_rate_syll),syll,Speaker_ID,2026-06-19_15-43-51,,,,,False,False
INT_GENDER_X_RATE,GEE_NB_Indep,INT_GENDER_X_RATE_GEE_NB_Indep,global,global_int_gender_x_rate,False,gender_x_rate,I((Speaker_age_at_session - 49.656757) / 10),0.8362,0.7891,0.886,0.0,1001787,1561,1.567025,,fp_count ~ Speaker_gender + I((Speaker_age_at_session - 49.656757) / 10) + scale(speech_rate_syll) + Sentiment_label_float + Party_status + Party_orientation_float + C(Lang) + Speaker_gender : scale(speech_rate_syll),syll,Speaker_ID,2026-06-19_15-43-51,,,,,False,False
INT_GENDER_X_RATE,GEE_NB_Indep,INT_GENDER_X_RATE_GEE_NB_Indep,global,global_int_gender_x_rate,False,gender_x_rate,scale(speech_rate_syll),0.6242,0.591,0.6592,0.0,1001787,1561,1.567025,,fp_count ~ Speaker_gender + I((Speaker_age_at_session - 49.656757) / 10) + scale(speech_rate_syll) + Sentiment_label_float + Party_status + Party_orientation_float + C(Lang) + Speaker_gender : scale(speech_rate_syll),syll,Speaker_ID,2026-06-19_15-43-51,,,,,False,False
INT_GENDER_X_RATE,GEE_NB_Indep,INT_GENDER_X_RATE_GEE_NB_Indep,global,global_int_gender_x_rate,False,gender_x_rate,Speaker_gender[T.M]:scale(speech_rate_syll),1.043,0.9753,1.1153,0.2189,1001787,1561,1.567025,,fp_count ~ Speaker_gender + I((Speaker_age_at_session - 49.656757) / 10) + scale(speech_rate_syll) + Sentiment_label_float + Party_status + Party_orientation_float + C(Lang) + Speaker_gender : scale(speech_rate_syll),syll,Speaker_ID,2026-06-19_15-43-51,,,,,False,False
INT_GENDER_X_RATE,GEE_NB_Indep,INT_GENDER_X_RATE_GEE_NB_Indep,global,global_int_gender_x_rate,False,gender_x_rate,Sentiment_label_float,1.0604,1.0492,1.0717,0.0,1001787,1561,1.567025,,fp_count ~ Speaker_gender + I((Speaker_age_at_session - 49.656757) / 10) + scale(speech_rate_syll) + Sentiment_label_float + Party_status + Party_orientation_float + C(Lang) + Speaker_gender : scale(speech_rate_syll),syll,Speaker_ID,2026-06-19_15-43-51,,,,,False,False
INT_GENDER_X_RATE,GEE_NB_Indep,INT_GENDER_X_RATE_GEE_NB_Indep,global,global_int_gender_x_rate,False,gender_x_rate,Party_status,0.792,0.6948,0.9027,0.0005,1001787,1561,1.567025,,fp_count ~ Speaker_gender + I((Speaker_age_at_session - 49.656757) / 10) + scale(speech_rate_syll) + Sentiment_label_float + Party_status + Party_orientation_float + C(Lang) + Speaker_gender : scale(speech_rate_syll),syll,Speaker_ID,2026-06-19_15-43-51,,,,,False,False
INT_GENDER_X_RATE,GEE_NB_Indep,INT_GENDER_X_RATE_GEE_NB_Indep,global,global_int_gender_x_rate,False,gender_x_rate,Party_orientation_float,1.0286,0.9824,1.0768,0.2291,1001787,1561,1.567025,,fp_count ~ Speaker_gender + I((Speaker_age_at_session - 49.656757) / 10) + scale(speech_rate_syll) + Sentiment_label_float + Party_status + Party_orientation_float + C(Lang) + Speaker_gender : scale(speech_rate_syll),syll,Speaker_ID,2026-06-19_15-43-51,,,,,False,False
INT_GENDER_X_RATE,GLM_NB_Cluster,INT_GENDER_X_RATE_GLM_NB_Cluster,global,global_int_gender_x_rate,False,gender_x_rate,Intercept,0.0722,0.0602,0.0866,0.0,1001787,1561,1.567025,,fp_count ~ Speaker_gender + I((Speaker_age_at_session - 49.656757) / 10) + scale(speech_rate_syll) + Sentiment_label_float + Party_status + Party_orientation_float + C(Lang) + Speaker_gender : scale(speech_rate_syll),syll,Speaker_ID,2026-06-19_15-43-51,,,,,False,False
INT_GENDER_X_RATE,GLM_NB_Cluster,INT_GENDER_X_RATE_GLM_NB_Cluster,global,global_int_gender_x_rate,False,gender_x_rate,Speaker_gender[T.M],0.645,0.5647,0.7367,0.0,1001787,1561,1.567025,,fp_count ~ Speaker_gender + I((Speaker_age_at_session - 49.656757) / 10) + scale(speech_rate_syll) + Sentiment_label_float + Party_status + Party_orientation_float + C(Lang) + Speaker_gender : scale(speech_rate_syll),syll,Speaker_ID,2026-06-19_15-43-51,,,,,False,False
INT_GENDER_X_RATE,GLM_NB_Cluster,INT_GENDER_X_RATE_GLM_NB_Cluster,global,global_int_gender_x_rate,False,gender_x_rate,C(Lang)[T.HR],0.5486,0.4619,0.6517,0.0,1001787,1561,1.567025,,fp_count ~ Speaker_gender + I((Speaker_age_at_session - 49.656757) / 10) + scale(speech_rate_syll) + Sentiment_label_float + Party_status + Party_orientation_float + C(Lang) + Speaker_gender : scale(speech_rate_syll),syll,Speaker_ID,2026-06-19_15-43-51,,,,,False,False
INT_GENDER_X_RATE,GLM_NB_Cluster,INT_GENDER_X_RATE_GLM_NB_Cluster,global,global_int_gender_x_rate,False,gender_x_rate,C(Lang)[T.PL],1.2086,0.9984,1.4631,0.052,1001787,1561,1.567025,,fp_count ~ Speaker_gender + I((Speaker_age_at_session - 49.656757) / 10) + scale(speech_rate_syll) + Sentiment_label_float + Party_status + Party_orientation_float + C(Lang) + Speaker_gender : scale(speech_rate_syll),syll,Speaker_ID,2026-06-19_15-43-51,,,,,False,False
INT_GENDER_X_RATE,GLM_NB_Cluster,INT_GENDER_X_RATE_GLM_NB_Cluster,global,global_int_gender_x_rate,False,gender_x_rate,C(Lang)[T.RS],0.3736,0.3086,0.4524,0.0,1001787,1561,1.567025,,fp_count ~ Speaker_gender + I((Speaker_age_at_session - 49.656757) / 10) + scale(speech_rate_syll) + Sentiment_label_float + Party_status + Party_orientation_float + C(Lang) + Speaker_gender : scale(speech_rate_syll),syll,Speaker_ID,2026-06-19_15-43-51,,,,,False,False
INT_GENDER_X_RATE,GLM_NB_Cluster,INT_GENDER_X_RATE_GLM_NB_Cluster,global,global_int_gender_x_rate,False,gender_x_rate,I((Speaker_age_at_session - 49.656757) / 10),0.8362,0.7892,0.8859,0.0,1001787,1561,1.567025,,fp_count ~ Speaker_gender + I((Speaker_age_at_session - 49.656757) / 10) + scale(speech_rate_syll) + Sentiment_label_float + Party_status + Party_orientation_float + C(Lang) + Speaker_gender : scale(speech_rate_syll),syll,Speaker_ID,2026-06-19_15-43-51,,,,,False,False
INT_GENDER_X_RATE,GLM_NB_Cluster,INT_GENDER_X_RATE_GLM_NB_Cluster,global,global_int_gender_x_rate,False,gender_x_rate,scale(speech_rate_syll),0.6242,0.5894,0.661,0.0,1001787,1561,1.567025,,fp_count ~ Speaker_gender + I((Speaker_age_at_session - 49.656757) / 10) + scale(speech_rate_syll) + Sentiment_label_float + Party_status + Party_orientation_float + C(Lang) + Speaker_gender : scale(speech_rate_syll),syll,Speaker_ID,2026-06-19_15-43-51,,,,,False,False
INT_GENDER_X_RATE,GLM_NB_Cluster,INT_GENDER_X_RATE_GLM_NB_Cluster,global,global_int_gender_x_rate,False,gender_x_rate,Speaker_gender[T.M]:scale(speech_rate_syll),1.043,0.9719,1.1192,0.2425,1001787,1561,1.567025,,fp_count ~ Speaker_gender + I((Speaker_age_at_session - 49.656757) / 10) + scale(speech_rate_syll) + Sentiment_label_float + Party_status + Party_orientation_float + C(Lang) + Speaker_gender : scale(speech_rate_syll),syll,Speaker_ID,2026-06-19_15-43-51,,,,,False,False
INT_GENDER_X_RATE,GLM_NB_Cluster,INT_GENDER_X_RATE_GLM_NB_Cluster,global,global_int_gender_x_rate,False,gender_x_rate,Sentiment_label_float,1.0604,1.049,1.0719,0.0,1001787,1561,1.567025,,fp_count ~ Speaker_gender + I((Speaker_age_at_session - 49.656757) / 10) + scale(speech_rate_syll) + Sentiment_label_float + Party_status + Party_orientation_float + C(Lang) + Speaker_gender : scale(speech_rate_syll),syll,Speaker_ID,2026-06-19_15-43-51,,,,,False,False
INT_GENDER_X_RATE,GLM_NB_Cluster,INT_GENDER_X_RATE_GLM_NB_Cluster,global,global_int_gender_x_rate,False,gender_x_rate,Party_status,0.792,0.6944,0.9032,0.0005,1001787,1561,1.567025,,fp_count ~ Speaker_gender + I((Speaker_age_at_session - 49.656757) / 10) + scale(speech_rate_syll) + Sentiment_label_float + Party_status + Party_orientation_float + C(Lang) + Speaker_gender : scale(speech_rate_syll),syll,Speaker_ID,2026-06-19_15-43-51,,,,,False,False
INT_GENDER_X_RATE,GLM_NB_Cluster,INT_GENDER_X_RATE_GLM_NB_Cluster,global,global_int_gender_x_rate,False,gender_x_rate,Party_orientation_float,1.0286,0.9807,1.0788,0.2472,1001787,1561,1.567025,,fp_count ~ Speaker_gender + I((Speaker_age_at_session - 49.656757) / 10) + scale(speech_rate_syll) + Sentiment_label_float + Party_status + Party_orientation_float + C(Lang) + Speaker_gender : scale(speech_rate_syll),syll,Speaker_ID,2026-06-19_15-43-51,,,,,False,False
INT_GENDER_X_RATE,GLM_NB,INT_GENDER_X_RATE_GLM_NB,global,global_int_gender_x_rate,False,gender_x_rate,Intercept,0.0722,0.0713,0.0731,0.0,1001787,1561,1.567025,,fp_count ~ Speaker_gender + I((Speaker_age_at_session - 49.656757) / 10) + scale(speech_rate_syll) + Sentiment_label_float + Party_status + Party_orientation_float + C(Lang) + Speaker_gender : scale(speech_rate_syll),syll,Speaker_ID,2026-06-19_15-43-51,,,,,False,False
INT_GENDER_X_RATE,GLM_NB,INT_GENDER_X_RATE_GLM_NB,global,global_int_gender_x_rate,False,gender_x_rate,Speaker_gender[T.M],0.645,0.6389,0.6511,0.0,1001787,1561,1.567025,,fp_count ~ Speaker_gender + I((Speaker_age_at_session - 49.656757) / 10) + scale(speech_rate_syll) + Sentiment_label_float + Party_status + Party_orientation_float + C(Lang) + Speaker_gender : scale(speech_rate_syll),syll,Speaker_ID,2026-06-19_15-43-51,,,,,False,False
INT_GENDER_X_RATE,GLM_NB,INT_GENDER_X_RATE_GLM_NB,global,global_int_gender_x_rate,False,gender_x_rate,C(Lang)[T.HR],0.5486,0.5426,0.5547,0.0,1001787,1561,1.567025,,fp_count ~ Speaker_gender + I((Speaker_age_at_session - 49.656757) / 10) + scale(speech_rate_syll) + Sentiment_label_float + Party_status + Party_orientation_float + C(Lang) + Speaker_gender : scale(speech_rate_syll),syll,Speaker_ID,2026-06-19_15-43-51,,,,,False,False
INT_GENDER_X_RATE,GLM_NB,INT_GENDER_X_RATE_GLM_NB,global,global_int_gender_x_rate,False,gender_x_rate,C(Lang)[T.PL],1.2086,1.1919,1.2255,0.0,1001787,1561,1.567025,,fp_count ~ Speaker_gender + I((Speaker_age_at_session - 49.656757) / 10) + scale(speech_rate_syll) + Sentiment_label_float + Party_status + Party_orientation_float + C(Lang) + Speaker_gender : scale(speech_rate_syll),syll,Speaker_ID,2026-06-19_15-43-51,,,,,False,False
INT_GENDER_X_RATE,GLM_NB,INT_GENDER_X_RATE_GLM_NB,global,global_int_gender_x_rate,False,gender_x_rate,C(Lang)[T.RS],0.3736,0.3683,0.3791,0.0,1001787,1561,1.567025,,fp_count ~ Speaker_gender + I((Speaker_age_at_session - 49.656757) / 10) + scale(speech_rate_syll) + Sentiment_label_float + Party_status + Party_orientation_float + C(Lang) + Speaker_gender : scale(speech_rate_syll),syll,Speaker_ID,2026-06-19_15-43-51,,,,,False,False
INT_GENDER_X_RATE,GLM_NB,INT_GENDER_X_RATE_GLM_NB,global,global_int_gender_x_rate,False,gender_x_rate,I((Speaker_age_at_session - 49.656757) / 10),0.8362,0.8326,0.8398,0.0,1001787,1561,1.567025,,fp_count ~ Speaker_gender + I((Speaker_age_at_session - 49.656757) / 10) + scale(speech_rate_syll) + Sentiment_label_float + Party_status + Party_orientation_float + C(Lang) + Speaker_gender : scale(speech_rate_syll),syll,Speaker_ID,2026-06-19_15-43-51,,,,,False,False
INT_GENDER_X_RATE,GLM_NB,INT_GENDER_X_RATE_GLM_NB,global,global_int_gender_x_rate,False,gender_x_rate,scale(speech_rate_syll),0.6242,0.619,0.6294,0.0,1001787,1561,1.567025,,fp_count ~ Speaker_gender + I((Speaker_age_at_session - 49.656757) / 10) + scale(speech_rate_syll) + Sentiment_label_float + Party_status + Party_orientation_float + C(Lang) + Speaker_gender : scale(speech_rate_syll),syll,Speaker_ID,2026-06-19_15-43-51,,,,,False,False
INT_GENDER_X_RATE,GLM_NB,INT_GENDER_X_RATE_GLM_NB,global,global_int_gender_x_rate,False,gender_x_rate,Speaker_gender[T.M]:scale(speech_rate_syll),1.043,1.0328,1.0532,0.0,1001787,1561,1.567025,,fp_count ~ Speaker_gender + I((Speaker_age_at_session - 49.656757) / 10) + scale(speech_rate_syll) + Sentiment_label_float + Party_status + Party_orientation_float + C(Lang) + Speaker_gender : scale(speech_rate_syll),syll,Speaker_ID,2026-06-19_15-43-51,,,,,False,False
INT_GENDER_X_RATE,GLM_NB,INT_GENDER_X_RATE_GLM_NB,global,global_int_gender_x_rate,False,gender_x_rate,Sentiment_label_float,1.0604,1.0581,1.0627,0.0,1001787,1561,1.567025,,fp_count ~ Speaker_gender + I((Speaker_age_at_session - 49.656757) / 10) + scale(speech_rate_syll) + Sentiment_label_float + Party_status + Party_orientation_float + C(Lang) + Speaker_gender : scale(speech_rate_syll),syll,Speaker_ID,2026-06-19_15-43-51,,,,,False,False
INT_GENDER_X_RATE,GLM_NB,INT_GENDER_X_RATE_GLM_NB,global,global_int_gender_x_rate,False,gender_x_rate,Party_status,0.792,0.7843,0.7997,0.0,1001787,1561,1.567025,,fp_count ~ Speaker_gender + I((Speaker_age_at_session - 49.656757) / 10) + scale(speech_rate_syll) + Sentiment_label_float + Party_status + Party_orientation_float + C(Lang) + Speaker_gender : scale(speech_rate_syll),syll,Speaker_ID,2026-06-19_15-43-51,,,,,False,False
INT_GENDER_X_RATE,GLM_NB,INT_GENDER_X_RATE_GLM_NB,global,global_int_gender_x_rate,False,gender_x_rate,Party_orientation_float,1.0286,1.0251,1.032,0.0,1001787,1561,1.567025,,fp_count ~ Speaker_gender + I((Speaker_age_at_session - 49.656757) / 10) + scale(speech_rate_syll) + Sentiment_label_float + Party_status + Party_orientation_float + C(Lang) + Speaker_gender : scale(speech_rate_syll),syll,Speaker_ID,2026-06-19_15-43-51,,,,,False,False
INT_GENDER_X_RATE,GEE_NB_Exch,INT_GENDER_X_RATE_GEE_NB_Exch,HR,HR_int_gender_x_rate,False,gender_x_rate,Intercept,0.0413,0.0339,0.0503,0.0,484243,280,1.751881,0.0489,fp_count ~ Speaker_gender + I((Speaker_age_at_session - 49.556365) / 10) + scale(speech_rate_syll) + Sentiment_label_float + Party_status + Party_orientation_float + Speaker_gender : scale(speech_rate_syll),syll,Speaker_ID,2026-06-19_15-43-51,,,,,False,False
INT_GENDER_X_RATE,GEE_NB_Exch,INT_GENDER_X_RATE_GEE_NB_Exch,HR,HR_int_gender_x_rate,False,gender_x_rate,Speaker_gender[T.M],0.5133,0.4007,0.6576,0.0,484243,280,1.751881,0.0489,fp_count ~ Speaker_gender + I((Speaker_age_at_session - 49.556365) / 10) + scale(speech_rate_syll) + Sentiment_label_float + Party_status + Party_orientation_float + Speaker_gender : scale(speech_rate_syll),syll,Speaker_ID,2026-06-19_15-43-51,,,,,False,False
INT_GENDER_X_RATE,GEE_NB_Exch,INT_GENDER_X_RATE_GEE_NB_Exch,HR,HR_int_gender_x_rate,False,gender_x_rate,I((Speaker_age_at_session - 49.556365) / 10),0.7475,0.6603,0.8462,0.0,484243,280,1.751881,0.0489,fp_count ~ Speaker_gender + I((Speaker_age_at_session - 49.556365) / 10) + scale(speech_rate_syll) + Sentiment_label_float + Party_status + Party_orientation_float + Speaker_gender : scale(speech_rate_syll),syll,Speaker_ID,2026-06-19_15-43-51,,,,,False,False
INT_GENDER_X_RATE,GEE_NB_Exch,INT_GENDER_X_RATE_GEE_NB_Exch,HR,HR_int_gender_x_rate,False,gender_x_rate,scale(speech_rate_syll),0.6341,0.6041,0.6655,0.0,484243,280,1.751881,0.0489,fp_count ~ Speaker_gender + I((Speaker_age_at_session - 49.556365) / 10) + scale(speech_rate_syll) + Sentiment_label_float + Party_status + Party_orientation_float + Speaker_gender : scale(speech_rate_syll),syll,Speaker_ID,2026-06-19_15-43-51,,,,,False,False
INT_GENDER_X_RATE,GEE_NB_Exch,INT_GENDER_X_RATE_GEE_NB_Exch,HR,HR_int_gender_x_rate,False,gender_x_rate,Speaker_gender[T.M]:scale(speech_rate_syll),1.0721,1.0052,1.1434,0.0343,484243,280,1.751881,0.0489,fp_count ~ Speaker_gender + I((Speaker_age_at_session - 49.556365) / 10) + scale(speech_rate_syll) + Sentiment_label_float + Party_status + Party_orientation_float + Speaker_gender : scale(speech_rate_syll),syll,Speaker_ID,2026-06-19_15-43-51,,,,,False,False
INT_GENDER_X_RATE,GEE_NB_Exch,INT_GENDER_X_RATE_GEE_NB_Exch,HR,HR_int_gender_x_rate,False,gender_x_rate,Sentiment_label_float,1.0499,1.0401,1.0597,0.0,484243,280,1.751881,0.0489,fp_count ~ Speaker_gender + I((Speaker_age_at_session - 49.556365) / 10) + scale(speech_rate_syll) + Sentiment_label_float + Party_status + Party_orientation_float + Speaker_gender : scale(speech_rate_syll),syll,Speaker_ID,2026-06-19_15-43-51,,,,,False,False
INT_GENDER_X_RATE,GEE_NB_Exch,INT_GENDER_X_RATE_GEE_NB_Exch,HR,HR_int_gender_x_rate,False,gender_x_rate,Party_status,0.9067,0.7735,1.0629,0.227,484243,280,1.751881,0.0489,fp_count ~ Speaker_gender + I((Speaker_age_at_session - 49.556365) / 10) + scale(speech_rate_syll) + Sentiment_label_float + Party_status + Party_orientation_float + Speaker_gender : scale(speech_rate_syll),syll,Speaker_ID,2026-06-19_15-43-51,,,,,False,False
INT_GENDER_X_RATE,GEE_NB_Exch,INT_GENDER_X_RATE_GEE_NB_Exch,HR,HR_int_gender_x_rate,False,gender_x_rate,Party_orientation_float,0.8866,0.7892,0.9961,0.0427,484243,280,1.751881,0.0489,fp_count ~ Speaker_gender + I((Speaker_age_at_session - 49.556365) / 10) + scale(speech_rate_syll) + Sentiment_label_float + Party_status + Party_orientation_float + Speaker_gender : scale(speech_rate_syll),syll,Speaker_ID,2026-06-19_15-43-51,,,,,False,False
INT_GENDER_X_RATE,GEE_NB_Indep,INT_GENDER_X_RATE_GEE_NB_Indep,HR,HR_int_gender_x_rate,False,gender_x_rate,Intercept,0.0465,0.0395,0.0548,0.0,484243,280,1.751881,,fp_count ~ Speaker_gender + I((Speaker_age_at_session - 49.556365) / 10) + scale(speech_rate_syll) + Sentiment_label_float + Party_status + Party_orientation_float + Speaker_gender : scale(speech_rate_syll),syll,Speaker_ID,2026-06-19_15-43-51,,,,,False,False
INT_GENDER_X_RATE,GEE_NB_Indep,INT_GENDER_X_RATE_GEE_NB_Indep,HR,HR_int_gender_x_rate,False,gender_x_rate,Speaker_gender[T.M],0.5394,0.445,0.6539,0.0,484243,280,1.751881,,fp_count ~ Speaker_gender + I((Speaker_age_at_session - 49.556365) / 10) + scale(speech_rate_syll) + Sentiment_label_float + Party_status + Party_orientation_float + Speaker_gender : scale(speech_rate_syll),syll,Speaker_ID,2026-06-19_15-43-51,,,,,False,False
INT_GENDER_X_RATE,GEE_NB_Indep,INT_GENDER_X_RATE_GEE_NB_Indep,HR,HR_int_gender_x_rate,False,gender_x_rate,I((Speaker_age_at_session - 49.556365) / 10),0.8948,0.7972,1.0043,0.0592,484243,280,1.751881,,fp_count ~ Speaker_gender + I((Speaker_age_at_session - 49.556365) / 10) + scale(speech_rate_syll) + Sentiment_label_float + Party_status + Party_orientation_float + Speaker_gender : scale(speech_rate_syll),syll,Speaker_ID,2026-06-19_15-43-51,,,,,False,False
INT_GENDER_X_RATE,GEE_NB_Indep,INT_GENDER_X_RATE_GEE_NB_Indep,HR,HR_int_gender_x_rate,False,gender_x_rate,scale(speech_rate_syll),0.6771,0.627,0.7313,0.0,484243,280,1.751881,,fp_count ~ Speaker_gender + I((Speaker_age_at_session - 49.556365) / 10) + scale(speech_rate_syll) + Sentiment_label_float + Party_status + Party_orientation_float + Speaker_gender : scale(speech_rate_syll),syll,Speaker_ID,2026-06-19_15-43-51,,,,,False,False
INT_GENDER_X_RATE,GEE_NB_Indep,INT_GENDER_X_RATE_GEE_NB_Indep,HR,HR_int_gender_x_rate,False,gender_x_rate,Speaker_gender[T.M]:scale(speech_rate_syll),1.0474,0.952,1.1525,0.342,484243,280,1.751881,,fp_count ~ Speaker_gender + I((Speaker_age_at_session - 49.556365) / 10) + scale(speech_rate_syll) + Sentiment_label_float + Party_status + Party_orientation_float + Speaker_gender : scale(speech_rate_syll),syll,Speaker_ID,2026-06-19_15-43-51,,,,,False,False
INT_GENDER_X_RATE,GEE_NB_Indep,INT_GENDER_X_RATE_GEE_NB_Indep,HR,HR_int_gender_x_rate,False,gender_x_rate,Sentiment_label_float,1.0546,1.036,1.0736,0.0,484243,280,1.751881,,fp_count ~ Speaker_gender + I((Speaker_age_at_session - 49.556365) / 10) + scale(speech_rate_syll) + Sentiment_label_float + Party_status + Party_orientation_float + Speaker_gender : scale(speech_rate_syll),syll,Speaker_ID,2026-06-19_15-43-51,,,,,False,False
INT_GENDER_X_RATE,GEE_NB_Indep,INT_GENDER_X_RATE_GEE_NB_Indep,HR,HR_int_gender_x_rate,False,gender_x_rate,Party_status,0.671,0.525,0.8576,0.0014,484243,280,1.751881,,fp_count ~ Speaker_gender + I((Speaker_age_at_session - 49.556365) / 10) + scale(speech_rate_syll) + Sentiment_label_float + Party_status + Party_orientation_float + Speaker_gender : scale(speech_rate_syll),syll,Speaker_ID,2026-06-19_15-43-51,,,,,False,False
INT_GENDER_X_RATE,GEE_NB_Indep,INT_GENDER_X_RATE_GEE_NB_Indep,HR,HR_int_gender_x_rate,False,gender_x_rate,Party_orientation_float,1.0127,0.9316,1.1009,0.7668,484243,280,1.751881,,fp_count ~ Speaker_gender + I((Speaker_age_at_session - 49.556365) / 10) + scale(speech_rate_syll) + Sentiment_label_float + Party_status + Party_orientation_float + Speaker_gender : scale(speech_rate_syll),syll,Speaker_ID,2026-06-19_15-43-51,,,,,False,False
INT_GENDER_X_RATE,GLM_NB_Cluster,INT_GENDER_X_RATE_GLM_NB_Cluster,HR,HR_int_gender_x_rate,False,gender_x_rate,Intercept,0.0465,0.0394,0.0548,0.0,484243,280,1.751881,,fp_count ~ Speaker_gender + I((Speaker_age_at_session - 49.556365) / 10) + scale(speech_rate_syll) + Sentiment_label_float + Party_status + Party_orientation_float + Speaker_gender : scale(speech_rate_syll),syll,Speaker_ID,2026-06-19_15-43-51,,,,,False,False
INT_GENDER_X_RATE,GLM_NB_Cluster,INT_GENDER_X_RATE_GLM_NB_Cluster,HR,HR_int_gender_x_rate,False,gender_x_rate,Speaker_gender[T.M],0.5394,0.4444,0.6547,0.0,484243,280,1.751881,,fp_count ~ Speaker_gender + I((Speaker_age_at_session - 49.556365) / 10) + scale(speech_rate_syll) + Sentiment_label_float + Party_status + Party_orientation_float + Speaker_gender : scale(speech_rate_syll),syll,Speaker_ID,2026-06-19_15-43-51,,,,,False,False
INT_GENDER_X_RATE,GLM_NB_Cluster,INT_GENDER_X_RATE_GLM_NB_Cluster,HR,HR_int_gender_x_rate,False,gender_x_rate,I((Speaker_age_at_session - 49.556365) / 10),0.8948,0.7961,1.0057,0.0623,484243,280,1.751881,,fp_count ~ Speaker_gender + I((Speaker_age_at_session - 49.556365) / 10) + scale(speech_rate_syll) + Sentiment_label_float + Party_status + Party_orientation_float + Speaker_gender : scale(speech_rate_syll),syll,Speaker_ID,2026-06-19_15-43-51,,,,,False,False
INT_GENDER_X_RATE,GLM_NB_Cluster,INT_GENDER_X_RATE_GLM_NB_Cluster,HR,HR_int_gender_x_rate,False,gender_x_rate,scale(speech_rate_syll),0.6771,0.6251,0.7335,0.0,484243,280,1.751881,,fp_count ~ Speaker_gender + I((Speaker_age_at_session - 49.556365) / 10) + scale(speech_rate_syll) + Sentiment_label_float + Party_status + Party_orientation_float + Speaker_gender : scale(speech_rate_syll),syll,Speaker_ID,2026-06-19_15-43-51,,,,,False,False
INT_GENDER_X_RATE,GLM_NB_Cluster,INT_GENDER_X_RATE_GLM_NB_Cluster,HR,HR_int_gender_x_rate,False,gender_x_rate,Speaker_gender[T.M]:scale(speech_rate_syll),1.0474,0.948,1.1573,0.3626,484243,280,1.751881,,fp_count ~ Speaker_gender + I((Speaker_age_at_session - 49.556365) / 10) + scale(speech_rate_syll) + Sentiment_label_float + Party_status + Party_orientation_float + Speaker_gender : scale(speech_rate_syll),syll,Speaker_ID,2026-06-19_15-43-51,,,,,False,False
INT_GENDER_X_RATE,GLM_NB_Cluster,INT_GENDER_X_RATE_GLM_NB_Cluster,HR,HR_int_gender_x_rate,False,gender_x_rate,Sentiment_label_float,1.0546,1.0356,1.074,0.0,484243,280,1.751881,,fp_count ~ Speaker_gender + I((Speaker_age_at_session - 49.556365) / 10) + scale(speech_rate_syll) + Sentiment_label_float + Party_status + Party_orientation_float + Speaker_gender : scale(speech_rate_syll),syll,Speaker_ID,2026-06-19_15-43-51,,,,,False,False
INT_GENDER_X_RATE,GLM_NB_Cluster,INT_GENDER_X_RATE_GLM_NB_Cluster,HR,HR_int_gender_x_rate,False,gender_x_rate,Party_status,0.671,0.5214,0.8635,0.0019,484243,280,1.751881,,fp_count ~ Speaker_gender + I((Speaker_age_at_session - 49.556365) / 10) + scale(speech_rate_syll) + Sentiment_label_float + Party_status + Party_orientation_float + Speaker_gender : scale(speech_rate_syll),syll,Speaker_ID,2026-06-19_15-43-51,,,,,False,False
INT_GENDER_X_RATE,GLM_NB_Cluster,INT_GENDER_X_RATE_GLM_NB_Cluster,HR,HR_int_gender_x_rate,False,gender_x_rate,Party_orientation_float,1.0127,0.9294,1.1035,0.7729,484243,280,1.751881,,fp_count ~ Speaker_gender + I((Speaker_age_at_session - 49.556365) / 10) + scale(speech_rate_syll) + Sentiment_label_float + Party_status + Party_orientation_float + Speaker_gender : scale(speech_rate_syll),syll,Speaker_ID,2026-06-19_15-43-51,,,,,False,False
INT_GENDER_X_RATE,GLM_NB,INT_GENDER_X_RATE_GLM_NB,HR,HR_int_gender_x_rate,False,gender_x_rate,Intercept,0.0465,0.046,0.047,0.0,484243,280,1.751881,,fp_count ~ Speaker_gender + I((Speaker_age_at_session - 49.556365) / 10) + scale(speech_rate_syll) + Sentiment_label_float + Party_status + Party_orientation_float + Speaker_gender : scale(speech_rate_syll),syll,Speaker_ID,2026-06-19_15-43-51,,,,,False,False
INT_GENDER_X_RATE,GLM_NB,INT_GENDER_X_RATE_GLM_NB,HR,HR_int_gender_x_rate,False,gender_x_rate,Speaker_gender[T.M],0.5394,0.532,0.5469,0.0,484243,280,1.751881,,fp_count ~ Speaker_gender + I((Speaker_age_at_session - 49.556365) / 10) + scale(speech_rate_syll) + Sentiment_label_float + Party_status + Party_orientation_float + Speaker_gender : scale(speech_rate_syll),syll,Speaker_ID,2026-06-19_15-43-51,,,,,False,False
INT_GENDER_X_RATE,GLM_NB,INT_GENDER_X_RATE_GLM_NB,HR,HR_int_gender_x_rate,False,gender_x_rate,I((Speaker_age_at_session - 49.556365) / 10),0.8948,0.8885,0.9011,0.0,484243,280,1.751881,,fp_count ~ Speaker_gender + I((Speaker_age_at_session - 49.556365) / 10) + scale(speech_rate_syll) + Sentiment_label_float + Party_status + Party_orientation_float + Speaker_gender : scale(speech_rate_syll),syll,Speaker_ID,2026-06-19_15-43-51,,,,,False,False
INT_GENDER_X_RATE,GLM_NB,INT_GENDER_X_RATE_GLM_NB,HR,HR_int_gender_x_rate,False,gender_x_rate,scale(speech_rate_syll),0.6771,0.6694,0.6849,0.0,484243,280,1.751881,,fp_count ~ Speaker_gender + I((Speaker_age_at_session - 49.556365) / 10) + scale(speech_rate_syll) + Sentiment_label_float + Party_status + Party_orientation_float + Speaker_gender : scale(speech_rate_syll),syll,Speaker_ID,2026-06-19_15-43-51,,,,,False,False
INT_GENDER_X_RATE,GLM_NB,INT_GENDER_X_RATE_GLM_NB,HR,HR_int_gender_x_rate,False,gender_x_rate,Speaker_gender[T.M]:scale(speech_rate_syll),1.0474,1.033,1.062,0.0,484243,280,1.751881,,fp_count ~ Speaker_gender + I((Speaker_age_at_session - 49.556365) / 10) + scale(speech_rate_syll) + Sentiment_label_float + Party_status + Party_orientation_float + Speaker_gender : scale(speech_rate_syll),syll,Speaker_ID,2026-06-19_15-43-51,,,,,False,False
INT_GENDER_X_RATE,GLM_NB,INT_GENDER_X_RATE_GLM_NB,HR,HR_int_gender_x_rate,False,gender_x_rate,Sentiment_label_float,1.0546,1.0512,1.058,0.0,484243,280,1.751881,,fp_count ~ Speaker_gender + I((Speaker_age_at_session - 49.556365) / 10) + scale(speech_rate_syll) + Sentiment_label_float + Party_status + Party_orientation_float + Speaker_gender : scale(speech_rate_syll),syll,Speaker_ID,2026-06-19_15-43-51,,,,,False,False
INT_GENDER_X_RATE,GLM_NB,INT_GENDER_X_RATE_GLM_NB,HR,HR_int_gender_x_rate,False,gender_x_rate,Party_status,0.671,0.6606,0.6816,0.0,484243,280,1.751881,,fp_count ~ Speaker_gender + I((Speaker_age_at_session - 49.556365) / 10) + scale(speech_rate_syll) + Sentiment_label_float + Party_status + Party_orientation_float + Speaker_gender : scale(speech_rate_syll),syll,Speaker_ID,2026-06-19_15-43-51,,,,,False,False
INT_GENDER_X_RATE,GLM_NB,INT_GENDER_X_RATE_GLM_NB,HR,HR_int_gender_x_rate,False,gender_x_rate,Party_orientation_float,1.0127,1.007,1.0184,0.0,484243,280,1.751881,,fp_count ~ Speaker_gender + I((Speaker_age_at_session - 49.556365) / 10) + scale(speech_rate_syll) + Sentiment_label_float + Party_status + Party_orientation_float + Speaker_gender : scale(speech_rate_syll),syll,Speaker_ID,2026-06-19_15-43-51,,,,,False,False
INT_SENTIMENT_X_ORIENTATION,GEE_NB_Exch,INT_SENTIMENT_X_ORIENTATION_GEE_NB_Exch,PL,PL_int_sentiment_x_orientation,False,sentiment_x_orientation,Intercept,0.057,0.0452,0.0719,0.0,117305,342,1.220230,0.2617,fp_count ~ Speaker_gender + I((Speaker_age_at_session - 51.186846) / 10) + scale(speech_rate_syll) + Sentiment_label_float + Party_status + Party_orientation_float + Sentiment_label_float : Party_orientation_float,syll,Speaker_ID,2026-06-19_15-43-51,,,,,False,False
INT_SENTIMENT_X_ORIENTATION,GEE_NB_Exch,INT_SENTIMENT_X_ORIENTATION_GEE_NB_Exch,PL,PL_int_sentiment_x_orientation,False,sentiment_x_orientation,Speaker_gender[T.M],1.0738,0.8694,1.3263,0.5085,117305,342,1.220230,0.2617,fp_count ~ Speaker_gender + I((Speaker_age_at_session - 51.186846) / 10) + scale(speech_rate_syll) + Sentiment_label_float + Party_status + Party_orientation_float + Sentiment_label_float : Party_orientation_float,syll,Speaker_ID,2026-06-19_15-43-51,,,,,False,False
INT_SENTIMENT_X_ORIENTATION,GEE_NB_Exch,INT_SENTIMENT_X_ORIENTATION_GEE_NB_Exch,PL,PL_int_sentiment_x_orientation,False,sentiment_x_orientation,I((Speaker_age_at_session - 51.186846) / 10),1.0258,0.9506,1.107,0.5116,117305,342,1.220230,0.2617,fp_count ~ Speaker_gender + I((Speaker_age_at_session - 51.186846) / 10) + scale(speech_rate_syll) + Sentiment_label_float + Party_status + Party_orientation_float + Sentiment_label_float : Party_orientation_float,syll,Speaker_ID,2026-06-19_15-43-51,,,,,False,False
INT_SENTIMENT_X_ORIENTATION,GEE_NB_Exch,INT_SENTIMENT_X_ORIENTATION_GEE_NB_Exch,PL,PL_int_sentiment_x_orientation,False,sentiment_x_orientation,scale(speech_rate_syll),0.6247,0.6103,0.6395,0.0,117305,342,1.220230,0.2617,fp_count ~ Speaker_gender + I((Speaker_age_at_session - 51.186846) / 10) + scale(speech_rate_syll) + Sentiment_label_float + Party_status + Party_orientation_float + Sentiment_label_float : Party_orientation_float,syll,Speaker_ID,2026-06-19_15-43-51,,,,,False,False
INT_SENTIMENT_X_ORIENTATION,GEE_NB_Exch,INT_SENTIMENT_X_ORIENTATION_GEE_NB_Exch,PL,PL_int_sentiment_x_orientation,False,sentiment_x_orientation,Sentiment_label_float,1.0358,1.0288,1.0427,0.0,117305,342,1.220230,0.2617,fp_count ~ Speaker_gender + I((Speaker_age_at_session - 51.186846) / 10) + scale(speech_rate_syll) + Sentiment_label_float + Party_status + Party_orientation_float + Sentiment_label_float : Party_orientation_float,syll,Speaker_ID,2026-06-19_15-43-51,,,,,False,False
INT_SENTIMENT_X_ORIENTATION,GEE_NB_Exch,INT_SENTIMENT_X_ORIENTATION_GEE_NB_Exch,PL,PL_int_sentiment_x_orientation,False,sentiment_x_orientation,Party_status,1.2857,1.0173,1.6249,0.0354,117305,342,1.220230,0.2617,fp_count ~ Speaker_gender + I((Speaker_age_at_session - 51.186846) / 10) + scale(speech_rate_syll) + Sentiment_label_float + Party_status + Party_orientation_float + Sentiment_label_float : Party_orientation_float,syll,Speaker_ID,2026-06-19_15-43-51,,,,,False,False
INT_SENTIMENT_X_ORIENTATION,GEE_NB_Exch,INT_SENTIMENT_X_ORIENTATION_GEE_NB_Exch,PL,PL_int_sentiment_x_orientation,False,sentiment_x_orientation,Party_orientation_float,1.1009,1.0026,1.2087,0.0439,117305,342,1.220230,0.2617,fp_count ~ Speaker_gender + I((Speaker_age_at_session - 51.186846) / 10) + scale(speech_rate_syll) + Sentiment_label_float + Party_status + Party_orientation_float + Sentiment_label_float : Party_orientation_float,syll,Speaker_ID,2026-06-19_15-43-51,,,,,False,False
INT_SENTIMENT_X_ORIENTATION,GEE_NB_Exch,INT_SENTIMENT_X_ORIENTATION_GEE_NB_Exch,PL,PL_int_sentiment_x_orientation,False,sentiment_x_orientation,Sentiment_label_float:Party_orientation_float,0.9911,0.9874,0.9949,0.0,117305,342,1.220230,0.2617,fp_count ~ Speaker_gender + I((Speaker_age_at_session - 51.186846) / 10) + scale(speech_rate_syll) + Sentiment_label_float + Party_status + Party_orientation_float + Sentiment_label_float : Party_orientation_float,syll,Speaker_ID,2026-06-19_15-43-51,,,,,False,False
INT_SENTIMENT_X_ORIENTATION,GEE_NB_Indep,INT_SENTIMENT_X_ORIENTATION_GEE_NB_Indep,PL,PL_int_sentiment_x_orientation,False,sentiment_x_orientation,Intercept,0.0476,0.0354,0.064,0.0,117305,342,1.220230,,fp_count ~ Speaker_gender + I((Speaker_age_at_session - 51.186846) / 10) + scale(speech_rate_syll) + Sentiment_label_float + Party_status + Party_orientation_float + Sentiment_label_float : Party_orientation_float,syll,Speaker_ID,2026-06-19_15-43-51,,,,,False,False
INT_SENTIMENT_X_ORIENTATION,GEE_NB_Indep,INT_SENTIMENT_X_ORIENTATION_GEE_NB_Indep,PL,PL_int_sentiment_x_orientation,False,sentiment_x_orientation,Speaker_gender[T.M],1.1333,0.8446,1.5207,0.4043,117305,342,1.220230,,fp_count ~ Speaker_gender + I((Speaker_age_at_session - 51.186846) / 10) + scale(speech_rate_syll) + Sentiment_label_float + Party_status + Party_orientation_float + Sentiment_label_float : Party_orientation_float,syll,Speaker_ID,2026-06-19_15-43-51,,,,,False,False
INT_SENTIMENT_X_ORIENTATION,GEE_NB_Indep,INT_SENTIMENT_X_ORIENTATION_GEE_NB_Indep,PL,PL_int_sentiment_x_orientation,False,sentiment_x_orientation,I((Speaker_age_at_session - 51.186846) / 10),0.9193,0.8436,1.0018,0.0551,117305,342,1.220230,,fp_count ~ Speaker_gender + I((Speaker_age_at_session - 51.186846) / 10) + scale(speech_rate_syll) + Sentiment_label_float + Party_status + Party_orientation_float + Sentiment_label_float : Party_orientation_float,syll,Speaker_ID,2026-06-19_15-43-51,,,,,False,False
INT_SENTIMENT_X_ORIENTATION,GEE_NB_Indep,INT_SENTIMENT_X_ORIENTATION_GEE_NB_Indep,PL,PL_int_sentiment_x_orientation,False,sentiment_x_orientation,scale(speech_rate_syll),0.5969,0.5679,0.6274,0.0,117305,342,1.220230,,fp_count ~ Speaker_gender + I((Speaker_age_at_session - 51.186846) / 10) + scale(speech_rate_syll) + Sentiment_label_float + Party_status + Party_orientation_float + Sentiment_label_float : Party_orientation_float,syll,Speaker_ID,2026-06-19_15-43-51,,,,,False,False
INT_SENTIMENT_X_ORIENTATION,GEE_NB_Indep,INT_SENTIMENT_X_ORIENTATION_GEE_NB_Indep,PL,PL_int_sentiment_x_orientation,False,sentiment_x_orientation,Sentiment_label_float,1.0421,1.0244,1.0601,0.0,117305,342,1.220230,,fp_count ~ Speaker_gender + I((Speaker_age_at_session - 51.186846) / 10) + scale(speech_rate_syll) + Sentiment_label_float + Party_status + Party_orientation_float + Sentiment_label_float : Party_orientation_float,syll,Speaker_ID,2026-06-19_15-43-51,,,,,False,False
INT_SENTIMENT_X_ORIENTATION,GEE_NB_Indep,INT_SENTIMENT_X_ORIENTATION_GEE_NB_Indep,PL,PL_int_sentiment_x_orientation,False,sentiment_x_orientation,Party_status,0.8806,0.6725,1.1531,0.3554,117305,342,1.220230,,fp_count ~ Speaker_gender + I((Speaker_age_at_session - 51.186846) / 10) + scale(speech_rate_syll) + Sentiment_label_float + Party_status + Party_orientation_float + Sentiment_label_float : Party_orientation_float,syll,Speaker_ID,2026-06-19_15-43-51,,,,,False,False
INT_SENTIMENT_X_ORIENTATION,GEE_NB_Indep,INT_SENTIMENT_X_ORIENTATION_GEE_NB_Indep,PL,PL_int_sentiment_x_orientation,False,sentiment_x_orientation,Party_orientation_float,1.0469,0.9302,1.1782,0.447,117305,342,1.220230,,fp_count ~ Speaker_gender + I((Speaker_age_at_session - 51.186846) / 10) + scale(speech_rate_syll) + Sentiment_label_float + Party_status + Party_orientation_float + Sentiment_label_float : Party_orientation_float,syll,Speaker_ID,2026-06-19_15-43-51,,,,,False,False
INT_SENTIMENT_X_ORIENTATION,GEE_NB_Indep,INT_SENTIMENT_X_ORIENTATION_GEE_NB_Indep,PL,PL_int_sentiment_x_orientation,False,sentiment_x_orientation,Sentiment_label_float:Party_orientation_float,0.9897,0.9809,0.9987,0.0247,117305,342,1.220230,,fp_count ~ Speaker_gender + I((Speaker_age_at_session - 51.186846) / 10) + scale(speech_rate_syll) + Sentiment_label_float + Party_status + Party_orientation_float + Sentiment_label_float : Party_orientation_float,syll,Speaker_ID,2026-06-19_15-43-51,,,,,False,False
INT_SENTIMENT_X_ORIENTATION,GLM_NB_Cluster,INT_SENTIMENT_X_ORIENTATION_GLM_NB_Cluster,PL,PL_int_sentiment_x_orientation,False,sentiment_x_orientation,Intercept,0.0476,0.0352,0.0643,0.0,117305,342,1.220230,,fp_count ~ Speaker_gender + I((Speaker_age_at_session - 51.186846) / 10) + scale(speech_rate_syll) + Sentiment_label_float + Party_status + Party_orientation_float + Sentiment_label_float : Party_orientation_float,syll,Speaker_ID,2026-06-19_15-43-51,,,,,False,False
INT_SENTIMENT_X_ORIENTATION,GLM_NB_Cluster,INT_SENTIMENT_X_ORIENTATION_GLM_NB_Cluster,PL,PL_int_sentiment_x_orientation,False,sentiment_x_orientation,Speaker_gender[T.M],1.1333,0.8464,1.5174,0.4008,117305,342,1.220230,,fp_count ~ Speaker_gender + I((Speaker_age_at_session - 51.186846) / 10) + scale(speech_rate_syll) + Sentiment_label_float + Party_status + Party_orientation_float + Sentiment_label_float : Party_orientation_float,syll,Speaker_ID,2026-06-19_15-43-51,,,,,False,False
INT_SENTIMENT_X_ORIENTATION,GLM_NB_Cluster,INT_SENTIMENT_X_ORIENTATION_GLM_NB_Cluster,PL,PL_int_sentiment_x_orientation,False,sentiment_x_orientation,I((Speaker_age_at_session - 51.186846) / 10),0.9193,0.8441,1.0012,0.0533,117305,342,1.220230,,fp_count ~ Speaker_gender + I((Speaker_age_at_session - 51.186846) / 10) + scale(speech_rate_syll) + Sentiment_label_float + Party_status + Party_orientation_float + Sentiment_label_float : Party_orientation_float,syll,Speaker_ID,2026-06-19_15-43-51,,,,,False,False
INT_SENTIMENT_X_ORIENTATION,GLM_NB_Cluster,INT_SENTIMENT_X_ORIENTATION_GLM_NB_Cluster,PL,PL_int_sentiment_x_orientation,False,sentiment_x_orientation,scale(speech_rate_syll),0.5969,0.5664,0.6291,0.0,117305,342,1.220230,,fp_count ~ Speaker_gender + I((Speaker_age_at_session - 51.186846) / 10) + scale(speech_rate_syll) + Sentiment_label_float + Party_status + Party_orientation_float + Sentiment_label_float : Party_orientation_float,syll,Speaker_ID,2026-06-19_15-43-51,,,,,False,False
INT_SENTIMENT_X_ORIENTATION,GLM_NB_Cluster,INT_SENTIMENT_X_ORIENTATION_GLM_NB_Cluster,PL,PL_int_sentiment_x_orientation,False,sentiment_x_orientation,Sentiment_label_float,1.0421,1.0247,1.0598,0.0,117305,342,1.220230,,fp_count ~ Speaker_gender + I((Speaker_age_at_session - 51.186846) / 10) + scale(speech_rate_syll) + Sentiment_label_float + Party_status + Party_orientation_float + Sentiment_label_float : Party_orientation_float,syll,Speaker_ID,2026-06-19_15-43-51,,,,,False,False
INT_SENTIMENT_X_ORIENTATION,GLM_NB_Cluster,INT_SENTIMENT_X_ORIENTATION_GLM_NB_Cluster,PL,PL_int_sentiment_x_orientation,False,sentiment_x_orientation,Party_status,0.8806,0.67,1.1575,0.3621,117305,342,1.220230,,fp_count ~ Speaker_gender + I((Speaker_age_at_session - 51.186846) / 10) + scale(speech_rate_syll) + Sentiment_label_float + Party_status + Party_orientation_float + Sentiment_label_float : Party_orientation_float,syll,Speaker_ID,2026-06-19_15-43-51,,,,,False,False
INT_SENTIMENT_X_ORIENTATION,GLM_NB_Cluster,INT_SENTIMENT_X_ORIENTATION_GLM_NB_Cluster,PL,PL_int_sentiment_x_orientation,False,sentiment_x_orientation,Party_orientation_float,1.0469,0.9294,1.1794,0.4506,117305,342,1.220230,,fp_count ~ Speaker_gender + I((Speaker_age_at_session - 51.186846) / 10) + scale(speech_rate_syll) + Sentiment_label_float + Party_status + Party_orientation_float + Sentiment_label_float : Party_orientation_float,syll,Speaker_ID,2026-06-19_15-43-51,,,,,False,False
INT_SENTIMENT_X_ORIENTATION,GLM_NB_Cluster,INT_SENTIMENT_X_ORIENTATION_GLM_NB_Cluster,PL,PL_int_sentiment_x_orientation,False,sentiment_x_orientation,Sentiment_label_float:Party_orientation_float,0.9897,0.9808,0.9988,0.0258,117305,342,1.220230,,fp_count ~ Speaker_gender + I((Speaker_age_at_session - 51.186846) / 10) + scale(speech_rate_syll) + Sentiment_label_float + Party_status + Party_orientation_float + Sentiment_label_float : Party_orientation_float,syll,Speaker_ID,2026-06-19_15-43-51,,,,,False,False
INT_SENTIMENT_X_ORIENTATION,GLM_NB,INT_SENTIMENT_X_ORIENTATION_GLM_NB,PL,PL_int_sentiment_x_orientation,False,sentiment_x_orientation,Intercept,0.0476,0.0462,0.049,0.0,117305,342,1.220230,,fp_count ~ Speaker_gender + I((Speaker_age_at_session - 51.186846) / 10) + scale(speech_rate_syll) + Sentiment_label_float + Party_status + Party_orientation_float + Sentiment_label_float : Party_orientation_float,syll,Speaker_ID,2026-06-19_15-43-51,,,,,False,False
INT_SENTIMENT_X_ORIENTATION,GLM_NB,INT_SENTIMENT_X_ORIENTATION_GLM_NB,PL,PL_int_sentiment_x_orientation,False,sentiment_x_orientation,Speaker_gender[T.M],1.1333,1.1062,1.161,0.0,117305,342,1.220230,,fp_count ~ Speaker_gender + I((Speaker_age_at_session - 51.186846) / 10) + scale(speech_rate_syll) + Sentiment_label_float + Party_status + Party_orientation_float + Sentiment_label_float : Party_orientation_float,syll,Speaker_ID,2026-06-19_15-43-51,,,,,False,False
INT_SENTIMENT_X_ORIENTATION,GLM_NB,INT_SENTIMENT_X_ORIENTATION_GLM_NB,PL,PL_int_sentiment_x_orientation,False,sentiment_x_orientation,I((Speaker_age_at_session - 51.186846) / 10),0.9193,0.9105,0.9282,0.0,117305,342,1.220230,,fp_count ~ Speaker_gender + I((Speaker_age_at_session - 51.186846) / 10) + scale(speech_rate_syll) + Sentiment_label_float + Party_status + Party_orientation_float + Sentiment_label_float : Party_orientation_float,syll,Speaker_ID,2026-06-19_15-43-51,,,,,False,False
INT_SENTIMENT_X_ORIENTATION,GLM_NB,INT_SENTIMENT_X_ORIENTATION_GLM_NB,PL,PL_int_sentiment_x_orientation,False,sentiment_x_orientation,scale(speech_rate_syll),0.5969,0.5903,0.6036,0.0,117305,342,1.220230,,fp_count ~ Speaker_gender + I((Speaker_age_at_session - 51.186846) / 10) + scale(speech_rate_syll) + Sentiment_label_float + Party_status + Party_orientation_float + Sentiment_label_float : Party_orientation_float,syll,Speaker_ID,2026-06-19_15-43-51,,,,,False,False
INT_SENTIMENT_X_ORIENTATION,GLM_NB,INT_SENTIMENT_X_ORIENTATION_GLM_NB,PL,PL_int_sentiment_x_orientation,False,sentiment_x_orientation,Sentiment_label_float,1.0421,1.0343,1.0499,0.0,117305,342,1.220230,,fp_count ~ Speaker_gender + I((Speaker_age_at_session - 51.186846) / 10) + scale(speech_rate_syll) + Sentiment_label_float + Party_status + Party_orientation_float + Sentiment_label_float : Party_orientation_float,syll,Speaker_ID,2026-06-19_15-43-51,,,,,False,False
INT_SENTIMENT_X_ORIENTATION,GLM_NB,INT_SENTIMENT_X_ORIENTATION_GLM_NB,PL,PL_int_sentiment_x_orientation,False,sentiment_x_orientation,Party_status,0.8806,0.8555,0.9065,0.0,117305,342,1.220230,,fp_count ~ Speaker_gender + I((Speaker_age_at_session - 51.186846) / 10) + scale(speech_rate_syll) + Sentiment_label_float + Party_status + Party_orientation_float + Sentiment_label_float : Party_orientation_float,syll,Speaker_ID,2026-06-19_15-43-51,,,,,False,False
INT_SENTIMENT_X_ORIENTATION,GLM_NB,INT_SENTIMENT_X_ORIENTATION_GLM_NB,PL,PL_int_sentiment_x_orientation,False,sentiment_x_orientation,Party_orientation_float,1.0469,1.0363,1.0577,0.0,117305,342,1.220230,,fp_count ~ Speaker_gender + I((Speaker_age_at_session - 51.186846) / 10) + scale(speech_rate_syll) + Sentiment_label_float + Party_status + Party_orientation_float + Sentiment_label_float : Party_orientation_float,syll,Speaker_ID,2026-06-19_15-43-51,,,,,False,False
INT_SENTIMENT_X_ORIENTATION,GLM_NB,INT_SENTIMENT_X_ORIENTATION_GLM_NB,PL,PL_int_sentiment_x_orientation,False,sentiment_x_orientation,Sentiment_label_float:Party_orientation_float,0.9897,0.9858,0.9938,0.0,117305,342,1.220230,,fp_count ~ Speaker_gender + I((Speaker_age_at_session - 51.186846) / 10) + scale(speech_rate_syll) + Sentiment_label_float + Party_status + Party_orientation_float + Sentiment_label_float : Party_orientation_float,syll,Speaker_ID,2026-06-19_15-43-51,,,,,False,False
INT_SENTIMENT_X_ORIENTATION,GEE_NB_Exch,INT_SENTIMENT_X_ORIENTATION_GEE_NB_Exch,CZ,CZ_int_sentiment_x_orientation,False,sentiment_x_orientation,Intercept,0.0479,0.0377,0.0609,0.0,219878,405,1.051497,0.1695,fp_count ~ Speaker_gender + I((Speaker_age_at_session - 50.381261) / 10) + scale(speech_rate_syll) + Sentiment_label_float + Party_status + Party_orientation_float + Sentiment_label_float : Party_orientation_float,syll,Speaker_ID,2026-06-19_15-43-51,,,,,False,False
INT_SENTIMENT_X_ORIENTATION,GEE_NB_Exch,INT_SENTIMENT_X_ORIENTATION_GEE_NB_Exch,CZ,CZ_int_sentiment_x_orientation,False,sentiment_x_orientation,Speaker_gender[T.M],1.017,0.7806,1.3249,0.9007,219878,405,1.051497,0.1695,fp_count ~ Speaker_gender + I((Speaker_age_at_session - 50.381261) / 10) + scale(speech_rate_syll) + Sentiment_label_float + Party_status + Party_orientation_float + Sentiment_label_float : Party_orientation_float,syll,Speaker_ID,2026-06-19_15-43-51,,,,,False,False
INT_SENTIMENT_X_ORIENTATION,GEE_NB_Exch,INT_SENTIMENT_X_ORIENTATION_GEE_NB_Exch,CZ,CZ_int_sentiment_x_orientation,False,sentiment_x_orientation,I((Speaker_age_at_session - 50.381261) / 10),0.8696,0.7862,0.9618,0.0066,219878,405,1.051497,0.1695,fp_count ~ Speaker_gender + I((Speaker_age_at_session - 50.381261) / 10) + scale(speech_rate_syll) + Sentiment_label_float + Party_status + Party_orientation_float + Sentiment_label_float : Party_orientation_float,syll,Speaker_ID,2026-06-19_15-43-51,,,,,False,False
INT_SENTIMENT_X_ORIENTATION,GEE_NB_Exch,INT_SENTIMENT_X_ORIENTATION_GEE_NB_Exch,CZ,CZ_int_sentiment_x_orientation,False,sentiment_x_orientation,scale(speech_rate_syll),0.5989,0.5758,0.6229,0.0,219878,405,1.051497,0.1695,fp_count ~ Speaker_gender + I((Speaker_age_at_session - 50.381261) / 10) + scale(speech_rate_syll) + Sentiment_label_float + Party_status + Party_orientation_float + Sentiment_label_float : Party_orientation_float,syll,Speaker_ID,2026-06-19_15-43-51,,,,,False,False
INT_SENTIMENT_X_ORIENTATION,GEE_NB_Exch,INT_SENTIMENT_X_ORIENTATION_GEE_NB_Exch,CZ,CZ_int_sentiment_x_orientation,False,sentiment_x_orientation,Sentiment_label_float,1.0562,1.0492,1.0632,0.0,219878,405,1.051497,0.1695,fp_count ~ Speaker_gender + I((Speaker_age_at_session - 50.381261) / 10) + scale(speech_rate_syll) + Sentiment_label_float + Party_status + Party_orientation_float + Sentiment_label_float : Party_orientation_float,syll,Speaker_ID,2026-06-19_15-43-51,,,,,False,False
INT_SENTIMENT_X_ORIENTATION,GEE_NB_Exch,INT_SENTIMENT_X_ORIENTATION_GEE_NB_Exch,CZ,CZ_int_sentiment_x_orientation,False,sentiment_x_orientation,Party_status,0.9123,0.8317,1.0008,0.0519,219878,405,1.051497,0.1695,fp_count ~ Speaker_gender + I((Speaker_age_at_session - 50.381261) / 10) + scale(speech_rate_syll) + Sentiment_label_float + Party_status + Party_orientation_float + Sentiment_label_float : Party_orientation_float,syll,Speaker_ID,2026-06-19_15-43-51,,,,,False,False
INT_SENTIMENT_X_ORIENTATION,GEE_NB_Exch,INT_SENTIMENT_X_ORIENTATION_GEE_NB_Exch,CZ,CZ_int_sentiment_x_orientation,False,sentiment_x_orientation,Party_orientation_float,0.9945,0.9168,1.0788,0.8943,219878,405,1.051497,0.1695,fp_count ~ Speaker_gender + I((Speaker_age_at_session - 50.381261) / 10) + scale(speech_rate_syll) + Sentiment_label_float + Party_status + Party_orientation_float + Sentiment_label_float : Party_orientation_float,syll,Speaker_ID,2026-06-19_15-43-51,,,,,False,False
INT_SENTIMENT_X_ORIENTATION,GEE_NB_Exch,INT_SENTIMENT_X_ORIENTATION_GEE_NB_Exch,CZ,CZ_int_sentiment_x_orientation,False,sentiment_x_orientation,Sentiment_label_float:Party_orientation_float,0.9986,0.9944,1.0029,0.5355,219878,405,1.051497,0.1695,fp_count ~ Speaker_gender + I((Speaker_age_at_session - 50.381261) / 10) + scale(speech_rate_syll) + Sentiment_label_float + Party_status + Party_orientation_float + Sentiment_label_float : Party_orientation_float,syll,Speaker_ID,2026-06-19_15-43-51,,,,,False,False
INT_SENTIMENT_X_ORIENTATION,GEE_NB_Indep,INT_SENTIMENT_X_ORIENTATION_GEE_NB_Indep,CZ,CZ_int_sentiment_x_orientation,False,sentiment_x_orientation,Intercept,0.0469,0.0365,0.0604,0.0,219878,405,1.051497,,fp_count ~ Speaker_gender + I((Speaker_age_at_session - 50.381261) / 10) + scale(speech_rate_syll) + Sentiment_label_float + Party_status + Party_orientation_float + Sentiment_label_float : Party_orientation_float,syll,Speaker_ID,2026-06-19_15-43-51,,,,,False,False
INT_SENTIMENT_X_ORIENTATION,GEE_NB_Indep,INT_SENTIMENT_X_ORIENTATION_GEE_NB_Indep,CZ,CZ_int_sentiment_x_orientation,False,sentiment_x_orientation,Speaker_gender[T.M],1.112,0.8332,1.484,0.4711,219878,405,1.051497,,fp_count ~ Speaker_gender + I((Speaker_age_at_session - 50.381261) / 10) + scale(speech_rate_syll) + Sentiment_label_float + Party_status + Party_orientation_float + Sentiment_label_float : Party_orientation_float,syll,Speaker_ID,2026-06-19_15-43-51,,,,,False,False
INT_SENTIMENT_X_ORIENTATION,GEE_NB_Indep,INT_SENTIMENT_X_ORIENTATION_GEE_NB_Indep,CZ,CZ_int_sentiment_x_orientation,False,sentiment_x_orientation,I((Speaker_age_at_session - 50.381261) / 10),0.7692,0.6883,0.8597,0.0,219878,405,1.051497,,fp_count ~ Speaker_gender + I((Speaker_age_at_session - 50.381261) / 10) + scale(speech_rate_syll) + Sentiment_label_float + Party_status + Party_orientation_float + Sentiment_label_float : Party_orientation_float,syll,Speaker_ID,2026-06-19_15-43-51,,,,,False,False
INT_SENTIMENT_X_ORIENTATION,GEE_NB_Indep,INT_SENTIMENT_X_ORIENTATION_GEE_NB_Indep,CZ,CZ_int_sentiment_x_orientation,False,sentiment_x_orientation,scale(speech_rate_syll),0.5829,0.5524,0.6151,0.0,219878,405,1.051497,,fp_count ~ Speaker_gender + I((Speaker_age_at_session - 50.381261) / 10) + scale(speech_rate_syll) + Sentiment_label_float + Party_status + Party_orientation_float + Sentiment_label_float : Party_orientation_float,syll,Speaker_ID,2026-06-19_15-43-51,,,,,False,False
INT_SENTIMENT_X_ORIENTATION,GEE_NB_Indep,INT_SENTIMENT_X_ORIENTATION_GEE_NB_Indep,CZ,CZ_int_sentiment_x_orientation,False,sentiment_x_orientation,Sentiment_label_float,1.0692,1.0548,1.0838,0.0,219878,405,1.051497,,fp_count ~ Speaker_gender + I((Speaker_age_at_session - 50.381261) / 10) + scale(speech_rate_syll) + Sentiment_label_float + Party_status + Party_orientation_float + Sentiment_label_float : Party_orientation_float,syll,Speaker_ID,2026-06-19_15-43-51,,,,,False,False
INT_SENTIMENT_X_ORIENTATION,GEE_NB_Indep,INT_SENTIMENT_X_ORIENTATION_GEE_NB_Indep,CZ,CZ_int_sentiment_x_orientation,False,sentiment_x_orientation,Party_status,0.7774,0.6549,0.9227,0.004,219878,405,1.051497,,fp_count ~ Speaker_gender + I((Speaker_age_at_session - 50.381261) / 10) + scale(speech_rate_syll) + Sentiment_label_float + Party_status + Party_orientation_float + Sentiment_label_float : Party_orientation_float,syll,Speaker_ID,2026-06-19_15-43-51,,,,,False,False
INT_SENTIMENT_X_ORIENTATION,GEE_NB_Indep,INT_SENTIMENT_X_ORIENTATION_GEE_NB_Indep,CZ,CZ_int_sentiment_x_orientation,False,sentiment_x_orientation,Party_orientation_float,1.0298,0.9619,1.1024,0.3989,219878,405,1.051497,,fp_count ~ Speaker_gender + I((Speaker_age_at_session - 50.381261) / 10) + scale(speech_rate_syll) + Sentiment_label_float + Party_status + Party_orientation_float + Sentiment_label_float : Party_orientation_float,syll,Speaker_ID,2026-06-19_15-43-51,,,,,False,False
INT_SENTIMENT_X_ORIENTATION,GEE_NB_Indep,INT_SENTIMENT_X_ORIENTATION_GEE_NB_Indep,CZ,CZ_int_sentiment_x_orientation,False,sentiment_x_orientation,Sentiment_label_float:Party_orientation_float,1.0006,0.9912,1.0101,0.8983,219878,405,1.051497,,fp_count ~ Speaker_gender + I((Speaker_age_at_session - 50.381261) / 10) + scale(speech_rate_syll) + Sentiment_label_float + Party_status + Party_orientation_float + Sentiment_label_float : Party_orientation_float,syll,Speaker_ID,2026-06-19_15-43-51,,,,,False,False
INT_SENTIMENT_X_ORIENTATION,GLM_NB_Cluster,INT_SENTIMENT_X_ORIENTATION_GLM_NB_Cluster,CZ,CZ_int_sentiment_x_orientation,False,sentiment_x_orientation,Intercept,0.0469,0.0365,0.0603,0.0,219878,405,1.051497,,fp_count ~ Speaker_gender + I((Speaker_age_at_session - 50.381261) / 10) + scale(speech_rate_syll) + Sentiment_label_float + Party_status + Party_orientation_float + Sentiment_label_float : Party_orientation_float,syll,Speaker_ID,2026-06-19_15-43-51,,,,,False,False
INT_SENTIMENT_X_ORIENTATION,GLM_NB_Cluster,INT_SENTIMENT_X_ORIENTATION_GLM_NB_Cluster,CZ,CZ_int_sentiment_x_orientation,False,sentiment_x_orientation,Speaker_gender[T.M],1.112,0.8357,1.4796,0.4665,219878,405,1.051497,,fp_count ~ Speaker_gender + I((Speaker_age_at_session - 50.381261) / 10) + scale(speech_rate_syll) + Sentiment_label_float + Party_status + Party_orientation_float + Sentiment_label_float : Party_orientation_float,syll,Speaker_ID,2026-06-19_15-43-51,,,,,False,False
INT_SENTIMENT_X_ORIENTATION,GLM_NB_Cluster,INT_SENTIMENT_X_ORIENTATION_GLM_NB_Cluster,CZ,CZ_int_sentiment_x_orientation,False,sentiment_x_orientation,I((Speaker_age_at_session - 50.381261) / 10),0.7692,0.6901,0.8574,0.0,219878,405,1.051497,,fp_count ~ Speaker_gender + I((Speaker_age_at_session - 50.381261) / 10) + scale(speech_rate_syll) + Sentiment_label_float + Party_status + Party_orientation_float + Sentiment_label_float : Party_orientation_float,syll,Speaker_ID,2026-06-19_15-43-51,,,,,False,False
INT_SENTIMENT_X_ORIENTATION,GLM_NB_Cluster,INT_SENTIMENT_X_ORIENTATION_GLM_NB_Cluster,CZ,CZ_int_sentiment_x_orientation,False,sentiment_x_orientation,scale(speech_rate_syll),0.5829,0.5521,0.6155,0.0,219878,405,1.051497,,fp_count ~ Speaker_gender + I((Speaker_age_at_session - 50.381261) / 10) + scale(speech_rate_syll) + Sentiment_label_float + Party_status + Party_orientation_float + Sentiment_label_float : Party_orientation_float,syll,Speaker_ID,2026-06-19_15-43-51,,,,,False,False
INT_SENTIMENT_X_ORIENTATION,GLM_NB_Cluster,INT_SENTIMENT_X_ORIENTATION_GLM_NB_Cluster,CZ,CZ_int_sentiment_x_orientation,False,sentiment_x_orientation,Sentiment_label_float,1.0692,1.0546,1.084,0.0,219878,405,1.051497,,fp_count ~ Speaker_gender + I((Speaker_age_at_session - 50.381261) / 10) + scale(speech_rate_syll) + Sentiment_label_float + Party_status + Party_orientation_float + Sentiment_label_float : Party_orientation_float,syll,Speaker_ID,2026-06-19_15-43-51,,,,,False,False
INT_SENTIMENT_X_ORIENTATION,GLM_NB_Cluster,INT_SENTIMENT_X_ORIENTATION_GLM_NB_Cluster,CZ,CZ_int_sentiment_x_orientation,False,sentiment_x_orientation,Party_status,0.7774,0.655,0.9226,0.004,219878,405,1.051497,,fp_count ~ Speaker_gender + I((Speaker_age_at_session - 50.381261) / 10) + scale(speech_rate_syll) + Sentiment_label_float + Party_status + Party_orientation_float + Sentiment_label_float : Party_orientation_float,syll,Speaker_ID,2026-06-19_15-43-51,,,,,False,False
INT_SENTIMENT_X_ORIENTATION,GLM_NB_Cluster,INT_SENTIMENT_X_ORIENTATION_GLM_NB_Cluster,CZ,CZ_int_sentiment_x_orientation,False,sentiment_x_orientation,Party_orientation_float,1.0298,0.956,1.1093,0.4395,219878,405,1.051497,,fp_count ~ Speaker_gender + I((Speaker_age_at_session - 50.381261) / 10) + scale(speech_rate_syll) + Sentiment_label_float + Party_status + Party_orientation_float + Sentiment_label_float : Party_orientation_float,syll,Speaker_ID,2026-06-19_15-43-51,,,,,False,False
INT_SENTIMENT_X_ORIENTATION,GLM_NB_Cluster,INT_SENTIMENT_X_ORIENTATION_GLM_NB_Cluster,CZ,CZ_int_sentiment_x_orientation,False,sentiment_x_orientation,Sentiment_label_float:Party_orientation_float,1.0006,0.9904,1.0109,0.9059,219878,405,1.051497,,fp_count ~ Speaker_gender + I((Speaker_age_at_session - 50.381261) / 10) + scale(speech_rate_syll) + Sentiment_label_float + Party_status + Party_orientation_float + Sentiment_label_float : Party_orientation_float,syll,Speaker_ID,2026-06-19_15-43-51,,,,,False,False
INT_SENTIMENT_X_ORIENTATION,GLM_NB,INT_SENTIMENT_X_ORIENTATION_GLM_NB,CZ,CZ_int_sentiment_x_orientation,False,sentiment_x_orientation,Intercept,0.0469,0.046,0.0479,0.0,219878,405,1.051497,,fp_count ~ Speaker_gender + I((Speaker_age_at_session - 50.381261) / 10) + scale(speech_rate_syll) + Sentiment_label_float + Party_status + Party_orientation_float + Sentiment_label_float : Party_orientation_float,syll,Speaker_ID,2026-06-19_15-43-51,,,,,False,False
INT_SENTIMENT_X_ORIENTATION,GLM_NB,INT_SENTIMENT_X_ORIENTATION_GLM_NB,CZ,CZ_int_sentiment_x_orientation,False,sentiment_x_orientation,Speaker_gender[T.M],1.112,1.0916,1.1327,0.0,219878,405,1.051497,,fp_count ~ Speaker_gender + I((Speaker_age_at_session - 50.381261) / 10) + scale(speech_rate_syll) + Sentiment_label_float + Party_status + Party_orientation_float + Sentiment_label_float : Party_orientation_float,syll,Speaker_ID,2026-06-19_15-43-51,,,,,False,False
INT_SENTIMENT_X_ORIENTATION,GLM_NB,INT_SENTIMENT_X_ORIENTATION_GLM_NB,CZ,CZ_int_sentiment_x_orientation,False,sentiment_x_orientation,I((Speaker_age_at_session - 50.381261) / 10),0.7692,0.7631,0.7754,0.0,219878,405,1.051497,,fp_count ~ Speaker_gender + I((Speaker_age_at_session - 50.381261) / 10) + scale(speech_rate_syll) + Sentiment_label_float + Party_status + Party_orientation_float + Sentiment_label_float : Party_orientation_float,syll,Speaker_ID,2026-06-19_15-43-51,,,,,False,False
INT_SENTIMENT_X_ORIENTATION,GLM_NB,INT_SENTIMENT_X_ORIENTATION_GLM_NB,CZ,CZ_int_sentiment_x_orientation,False,sentiment_x_orientation,scale(speech_rate_syll),0.5829,0.5779,0.588,0.0,219878,405,1.051497,,fp_count ~ Speaker_gender + I((Speaker_age_at_session - 50.381261) / 10) + scale(speech_rate_syll) + Sentiment_label_float + Party_status + Party_orientation_float + Sentiment_label_float : Party_orientation_float,syll,Speaker_ID,2026-06-19_15-43-51,,,,,False,False
INT_SENTIMENT_X_ORIENTATION,GLM_NB,INT_SENTIMENT_X_ORIENTATION_GLM_NB,CZ,CZ_int_sentiment_x_orientation,False,sentiment_x_orientation,Sentiment_label_float,1.0692,1.0642,1.0743,0.0,219878,405,1.051497,,fp_count ~ Speaker_gender + I((Speaker_age_at_session - 50.381261) / 10) + scale(speech_rate_syll) + Sentiment_label_float + Party_status + Party_orientation_float + Sentiment_label_float : Party_orientation_float,syll,Speaker_ID,2026-06-19_15-43-51,,,,,False,False
INT_SENTIMENT_X_ORIENTATION,GLM_NB,INT_SENTIMENT_X_ORIENTATION_GLM_NB,CZ,CZ_int_sentiment_x_orientation,False,sentiment_x_orientation,Party_status,0.7774,0.7642,0.7908,0.0,219878,405,1.051497,,fp_count ~ Speaker_gender + I((Speaker_age_at_session - 50.381261) / 10) + scale(speech_rate_syll) + Sentiment_label_float + Party_status + Party_orientation_float + Sentiment_label_float : Party_orientation_float,syll,Speaker_ID,2026-06-19_15-43-51,,,,,False,False
INT_SENTIMENT_X_ORIENTATION,GLM_NB,INT_SENTIMENT_X_ORIENTATION_GLM_NB,CZ,CZ_int_sentiment_x_orientation,False,sentiment_x_orientation,Party_orientation_float,1.0298,1.023,1.0366,0.0,219878,405,1.051497,,fp_count ~ Speaker_gender + I((Speaker_age_at_session - 50.381261) / 10) + scale(speech_rate_syll) + Sentiment_label_float + Party_status + Party_orientation_float + Sentiment_label_float : Party_orientation_float,syll,Speaker_ID,2026-06-19_15-43-51,,,,,False,False
INT_SENTIMENT_X_ORIENTATION,GLM_NB,INT_SENTIMENT_X_ORIENTATION_GLM_NB,CZ,CZ_int_sentiment_x_orientation,False,sentiment_x_orientation,Sentiment_label_float:Party_orientation_float,1.0006,0.9972,1.004,0.7223,219878,405,1.051497,,fp_count ~ Speaker_gender + I((Speaker_age_at_session - 50.381261) / 10) + scale(speech_rate_syll) + Sentiment_label_float + Party_status + Party_orientation_float + Sentiment_label_float : Party_orientation_float,syll,Speaker_ID,2026-06-19_15-43-51,,,,,False,False
INT_GENDER_X_POWER,GEE_NB_Exch,INT_GENDER_X_POWER_GEE_NB_Exch,CZ,CZ_int_gender_x_power,False,gender_x_power,Intercept,0.049,0.039,0.0615,0.0,219878,405,1.051345,0.1696,fp_count ~ Speaker_gender + I((Speaker_age_at_session - 50.381261) / 10) + scale(speech_rate_syll) + Sentiment_label_float + Party_status + Party_orientation_float + Speaker_gender : Party_status,syll,Speaker_ID,2026-06-19_15-43-51,,,,,False,False
INT_GENDER_X_POWER,GEE_NB_Exch,INT_GENDER_X_POWER_GEE_NB_Exch,CZ,CZ_int_gender_x_power,False,gender_x_power,Speaker_gender[T.M],0.9914,0.7698,1.2768,0.9468,219878,405,1.051345,0.1696,fp_count ~ Speaker_gender + I((Speaker_age_at_session - 50.381261) / 10) + scale(speech_rate_syll) + Sentiment_label_float + Party_status + Party_orientation_float + Speaker_gender : Party_status,syll,Speaker_ID,2026-06-19_15-43-51,,,,,False,False
INT_GENDER_X_POWER,GEE_NB_Exch,INT_GENDER_X_POWER_GEE_NB_Exch,CZ,CZ_int_gender_x_power,False,gender_x_power,I((Speaker_age_at_session - 50.381261) / 10),0.8698,0.7862,0.9623,0.0068,219878,405,1.051345,0.1696,fp_count ~ Speaker_gender + I((Speaker_age_at_session - 50.381261) / 10) + scale(speech_rate_syll) + Sentiment_label_float + Party_status + Party_orientation_float + Speaker_gender : Party_status,syll,Speaker_ID,2026-06-19_15-43-51,,,,,False,False
INT_GENDER_X_POWER,GEE_NB_Exch,INT_GENDER_X_POWER_GEE_NB_Exch,CZ,CZ_int_gender_x_power,False,gender_x_power,scale(speech_rate_syll),0.5989,0.5758,0.6229,0.0,219878,405,1.051345,0.1696,fp_count ~ Speaker_gender + I((Speaker_age_at_session - 50.381261) / 10) + scale(speech_rate_syll) + Sentiment_label_float + Party_status + Party_orientation_float + Speaker_gender : Party_status,syll,Speaker_ID,2026-06-19_15-43-51,,,,,False,False
INT_GENDER_X_POWER,GEE_NB_Exch,INT_GENDER_X_POWER_GEE_NB_Exch,CZ,CZ_int_gender_x_power,False,gender_x_power,Sentiment_label_float,1.0553,1.0484,1.0624,0.0,219878,405,1.051345,0.1696,fp_count ~ Speaker_gender + I((Speaker_age_at_session - 50.381261) / 10) + scale(speech_rate_syll) + Sentiment_label_float + Party_status + Party_orientation_float + Speaker_gender : Party_status,syll,Speaker_ID,2026-06-19_15-43-51,,,,,False,False
INT_GENDER_X_POWER,GEE_NB_Exch,INT_GENDER_X_POWER_GEE_NB_Exch,CZ,CZ_int_gender_x_power,False,gender_x_power,Party_status,0.8859,0.7823,1.0032,0.0562,219878,405,1.051345,0.1696,fp_count ~ Speaker_gender + I((Speaker_age_at_session - 50.381261) / 10) + scale(speech_rate_syll) + Sentiment_label_float + Party_status + Party_orientation_float + Speaker_gender : Party_status,syll,Speaker_ID,2026-06-19_15-43-51,,,,,False,False
INT_GENDER_X_POWER,GEE_NB_Exch,INT_GENDER_X_POWER_GEE_NB_Exch,CZ,CZ_int_gender_x_power,False,gender_x_power,Speaker_gender[T.M]:Party_status,1.0374,0.8793,1.2238,0.6637,219878,405,1.051345,0.1696,fp_count ~ Speaker_gender + I((Speaker_age_at_session - 50.381261) / 10) + scale(speech_rate_syll) + Sentiment_label_float + Party_status + Party_orientation_float + Speaker_gender : Party_status,syll,Speaker_ID,2026-06-19_15-43-51,,,,,False,False
INT_GENDER_X_POWER,GEE_NB_Exch,INT_GENDER_X_POWER_GEE_NB_Exch,CZ,CZ_int_gender_x_power,False,gender_x_power,Party_orientation_float,0.994,0.9162,1.0784,0.8848,219878,405,1.051345,0.1696,fp_count ~ Speaker_gender + I((Speaker_age_at_session - 50.381261) / 10) + scale(speech_rate_syll) + Sentiment_label_float + Party_status + Party_orientation_float + Speaker_gender : Party_status,syll,Speaker_ID,2026-06-19_15-43-51,,,,,False,False
INT_GENDER_X_POWER,GEE_NB_Indep,INT_GENDER_X_POWER_GEE_NB_Indep,CZ,CZ_int_gender_x_power,False,gender_x_power,Intercept,0.0461,0.0346,0.0615,0.0,219878,405,1.051345,,fp_count ~ Speaker_gender + I((Speaker_age_at_session - 50.381261) / 10) + scale(speech_rate_syll) + Sentiment_label_float + Party_status + Party_orientation_float + Speaker_gender : Party_status,syll,Speaker_ID,2026-06-19_15-43-51,,,,,False,False
INT_GENDER_X_POWER,GEE_NB_Indep,INT_GENDER_X_POWER_GEE_NB_Indep,CZ,CZ_int_gender_x_power,False,gender_x_power,Speaker_gender[T.M],1.1351,0.8296,1.553,0.4283,219878,405,1.051345,,fp_count ~ Speaker_gender + I((Speaker_age_at_session - 50.381261) / 10) + scale(speech_rate_syll) + Sentiment_label_float + Party_status + Party_orientation_float + Speaker_gender : Party_status,syll,Speaker_ID,2026-06-19_15-43-51,,,,,False,False
INT_GENDER_X_POWER,GEE_NB_Indep,INT_GENDER_X_POWER_GEE_NB_Indep,CZ,CZ_int_gender_x_power,False,gender_x_power,I((Speaker_age_at_session - 50.381261) / 10),0.7694,0.6877,0.8608,0.0,219878,405,1.051345,,fp_count ~ Speaker_gender + I((Speaker_age_at_session - 50.381261) / 10) + scale(speech_rate_syll) + Sentiment_label_float + Party_status + Party_orientation_float + Speaker_gender : Party_status,syll,Speaker_ID,2026-06-19_15-43-51,,,,,False,False
INT_GENDER_X_POWER,GEE_NB_Indep,INT_GENDER_X_POWER_GEE_NB_Indep,CZ,CZ_int_gender_x_power,False,gender_x_power,scale(speech_rate_syll),0.5829,0.552,0.6155,0.0,219878,405,1.051345,,fp_count ~ Speaker_gender + I((Speaker_age_at_session - 50.381261) / 10) + scale(speech_rate_syll) + Sentiment_label_float + Party_status + Party_orientation_float + Speaker_gender : Party_status,syll,Speaker_ID,2026-06-19_15-43-51,,,,,False,False
INT_GENDER_X_POWER,GEE_NB_Indep,INT_GENDER_X_POWER_GEE_NB_Indep,CZ,CZ_int_gender_x_power,False,gender_x_power,Sentiment_label_float,1.0696,1.0533,1.0862,0.0,219878,405,1.051345,,fp_count ~ Speaker_gender + I((Speaker_age_at_session - 50.381261) / 10) + scale(speech_rate_syll) + Sentiment_label_float + Party_status + Party_orientation_float + Speaker_gender : Party_status,syll,Speaker_ID,2026-06-19_15-43-51,,,,,False,False
INT_GENDER_X_POWER,GEE_NB_Indep,INT_GENDER_X_POWER_GEE_NB_Indep,CZ,CZ_int_gender_x_power,False,gender_x_power,Party_status,0.7954,0.524,1.2073,0.2822,219878,405,1.051345,,fp_count ~ Speaker_gender + I((Speaker_age_at_session - 50.381261) / 10) + scale(speech_rate_syll) + Sentiment_label_float + Party_status + Party_orientation_float + Speaker_gender : Party_status,syll,Speaker_ID,2026-06-19_15-43-51,,,,,False,False
INT_GENDER_X_POWER,GEE_NB_Indep,INT_GENDER_X_POWER_GEE_NB_Indep,CZ,CZ_int_gender_x_power,False,gender_x_power,Speaker_gender[T.M]:Party_status,0.9725,0.6076,1.5563,0.9073,219878,405,1.051345,,fp_count ~ Speaker_gender + I((Speaker_age_at_session - 50.381261) / 10) + scale(speech_rate_syll) + Sentiment_label_float + Party_status + Party_orientation_float + Speaker_gender : Party_status,syll,Speaker_ID,2026-06-19_15-43-51,,,,,False,False
INT_GENDER_X_POWER,GEE_NB_Indep,INT_GENDER_X_POWER_GEE_NB_Indep,CZ,CZ_int_gender_x_power,False,gender_x_power,Party_orientation_float,1.0294,0.9593,1.1046,0.4204,219878,405,1.051345,,fp_count ~ Speaker_gender + I((Speaker_age_at_session - 50.381261) / 10) + scale(speech_rate_syll) + Sentiment_label_float + Party_status + Party_orientation_float + Speaker_gender : Party_status,syll,Speaker_ID,2026-06-19_15-43-51,,,,,False,False
INT_GENDER_X_POWER,GLM_NB_Cluster,INT_GENDER_X_POWER_GLM_NB_Cluster,CZ,CZ_int_gender_x_power,False,gender_x_power,Intercept,0.0461,0.0344,0.0618,0.0,219878,405,1.051345,,fp_count ~ Speaker_gender + I((Speaker_age_at_session - 50.381261) / 10) + scale(speech_rate_syll) + Sentiment_label_float + Party_status + Party_orientation_float + Speaker_gender : Party_status,syll,Speaker_ID,2026-06-19_15-43-51,,,,,False,False
INT_GENDER_X_POWER,GLM_NB_Cluster,INT_GENDER_X_POWER_GLM_NB_Cluster,CZ,CZ_int_gender_x_power,False,gender_x_power,Speaker_gender[T.M],1.1351,0.8247,1.5622,0.4369,219878,405,1.051345,,fp_count ~ Speaker_gender + I((Speaker_age_at_session - 50.381261) / 10) + scale(speech_rate_syll) + Sentiment_label_float + Party_status + Party_orientation_float + Speaker_gender : Party_status,syll,Speaker_ID,2026-06-19_15-43-51,,,,,False,False
INT_GENDER_X_POWER,GLM_NB_Cluster,INT_GENDER_X_POWER_GLM_NB_Cluster,CZ,CZ_int_gender_x_power,False,gender_x_power,I((Speaker_age_at_session - 50.381261) / 10),0.7694,0.6897,0.8583,0.0,219878,405,1.051345,,fp_count ~ Speaker_gender + I((Speaker_age_at_session - 50.381261) / 10) + scale(speech_rate_syll) + Sentiment_label_float + Party_status + Party_orientation_float + Speaker_gender : Party_status,syll,Speaker_ID,2026-06-19_15-43-51,,,,,False,False
INT_GENDER_X_POWER,GLM_NB_Cluster,INT_GENDER_X_POWER_GLM_NB_Cluster,CZ,CZ_int_gender_x_power,False,gender_x_power,scale(speech_rate_syll),0.5829,0.5522,0.6154,0.0,219878,405,1.051345,,fp_count ~ Speaker_gender + I((Speaker_age_at_session - 50.381261) / 10) + scale(speech_rate_syll) + Sentiment_label_float + Party_status + Party_orientation_float + Speaker_gender : Party_status,syll,Speaker_ID,2026-06-19_15-43-51,,,,,False,False
INT_GENDER_X_POWER,GLM_NB_Cluster,INT_GENDER_X_POWER_GLM_NB_Cluster,CZ,CZ_int_gender_x_power,False,gender_x_power,Sentiment_label_float,1.0696,1.0532,1.0863,0.0,219878,405,1.051345,,fp_count ~ Speaker_gender + I((Speaker_age_at_session - 50.381261) / 10) + scale(speech_rate_syll) + Sentiment_label_float + Party_status + Party_orientation_float + Speaker_gender : Party_status,syll,Speaker_ID,2026-06-19_15-43-51,,,,,False,False
INT_GENDER_X_POWER,GLM_NB_Cluster,INT_GENDER_X_POWER_GLM_NB_Cluster,CZ,CZ_int_gender_x_power,False,gender_x_power,Party_status,0.7954,0.524,1.2072,0.2822,219878,405,1.051345,,fp_count ~ Speaker_gender + I((Speaker_age_at_session - 50.381261) / 10) + scale(speech_rate_syll) + Sentiment_label_float + Party_status + Party_orientation_float + Speaker_gender : Party_status,syll,Speaker_ID,2026-06-19_15-43-51,,,,,False,False
INT_GENDER_X_POWER,GLM_NB_Cluster,INT_GENDER_X_POWER_GLM_NB_Cluster,CZ,CZ_int_gender_x_power,False,gender_x_power,Speaker_gender[T.M]:Party_status,0.9725,0.6085,1.554,0.907,219878,405,1.051345,,fp_count ~ Speaker_gender + I((Speaker_age_at_session - 50.381261) / 10) + scale(speech_rate_syll) + Sentiment_label_float + Party_status + Party_orientation_float + Speaker_gender : Party_status,syll,Speaker_ID,2026-06-19_15-43-51,,,,,False,False
INT_GENDER_X_POWER,GLM_NB_Cluster,INT_GENDER_X_POWER_GLM_NB_Cluster,CZ,CZ_int_gender_x_power,False,gender_x_power,Party_orientation_float,1.0294,0.9537,1.1111,0.4571,219878,405,1.051345,,fp_count ~ Speaker_gender + I((Speaker_age_at_session - 50.381261) / 10) + scale(speech_rate_syll) + Sentiment_label_float + Party_status + Party_orientation_float + Speaker_gender : Party_status,syll,Speaker_ID,2026-06-19_15-43-51,,,,,False,False
INT_GENDER_X_POWER,GLM_NB,INT_GENDER_X_POWER_GLM_NB,CZ,CZ_int_gender_x_power,False,gender_x_power,Intercept,0.0461,0.0447,0.0477,0.0,219878,405,1.051345,,fp_count ~ Speaker_gender + I((Speaker_age_at_session - 50.381261) / 10) + scale(speech_rate_syll) + Sentiment_label_float + Party_status + Party_orientation_float + Speaker_gender : Party_status,syll,Speaker_ID,2026-06-19_15-43-51,,,,,False,False
INT_GENDER_X_POWER,GLM_NB,INT_GENDER_X_POWER_GLM_NB,CZ,CZ_int_gender_x_power,False,gender_x_power,Speaker_gender[T.M],1.1351,1.0954,1.1763,0.0,219878,405,1.051345,,fp_count ~ Speaker_gender + I((Speaker_age_at_session - 50.381261) / 10) + scale(speech_rate_syll) + Sentiment_label_float + Party_status + Party_orientation_float + Speaker_gender : Party_status,syll,Speaker_ID,2026-06-19_15-43-51,,,,,False,False
INT_GENDER_X_POWER,GLM_NB,INT_GENDER_X_POWER_GLM_NB,CZ,CZ_int_gender_x_power,False,gender_x_power,I((Speaker_age_at_session - 50.381261) / 10),0.7694,0.7633,0.7756,0.0,219878,405,1.051345,,fp_count ~ Speaker_gender + I((Speaker_age_at_session - 50.381261) / 10) + scale(speech_rate_syll) + Sentiment_label_float + Party_status + Party_orientation_float + Speaker_gender : Party_status,syll,Speaker_ID,2026-06-19_15-43-51,,,,,False,False
INT_GENDER_X_POWER,GLM_NB,INT_GENDER_X_POWER_GLM_NB,CZ,CZ_int_gender_x_power,False,gender_x_power,scale(speech_rate_syll),0.5829,0.5779,0.588,0.0,219878,405,1.051345,,fp_count ~ Speaker_gender + I((Speaker_age_at_session - 50.381261) / 10) + scale(speech_rate_syll) + Sentiment_label_float + Party_status + Party_orientation_float + Speaker_gender : Party_status,syll,Speaker_ID,2026-06-19_15-43-51,,,,,False,False
INT_GENDER_X_POWER,GLM_NB,INT_GENDER_X_POWER_GLM_NB,CZ,CZ_int_gender_x_power,False,gender_x_power,Sentiment_label_float,1.0696,1.0651,1.0742,0.0,219878,405,1.051345,,fp_count ~ Speaker_gender + I((Speaker_age_at_session - 50.381261) / 10) + scale(speech_rate_syll) + Sentiment_label_float + Party_status + Party_orientation_float + Speaker_gender : Party_status,syll,Speaker_ID,2026-06-19_15-43-51,,,,,False,False
INT_GENDER_X_POWER,GLM_NB,INT_GENDER_X_POWER_GLM_NB,CZ,CZ_int_gender_x_power,False,gender_x_power,Party_status,0.7954,0.7657,0.8261,0.0,219878,405,1.051345,,fp_count ~ Speaker_gender + I((Speaker_age_at_session - 50.381261) / 10) + scale(speech_rate_syll) + Sentiment_label_float + Party_status + Party_orientation_float + Speaker_gender : Party_status,syll,Speaker_ID,2026-06-19_15-43-51,,,,,False,False
INT_GENDER_X_POWER,GLM_NB,INT_GENDER_X_POWER_GLM_NB,CZ,CZ_int_gender_x_power,False,gender_x_power,Speaker_gender[T.M]:Party_status,0.9725,0.9329,1.0137,0.1877,219878,405,1.051345,,fp_count ~ Speaker_gender + I((Speaker_age_at_session - 50.381261) / 10) + scale(speech_rate_syll) + Sentiment_label_float + Party_status + Party_orientation_float + Speaker_gender : Party_status,syll,Speaker_ID,2026-06-19_15-43-51,,,,,False,False
INT_GENDER_X_POWER,GLM_NB,INT_GENDER_X_POWER_GLM_NB,CZ,CZ_int_gender_x_power,False,gender_x_power,Party_orientation_float,1.0294,1.023,1.0358,0.0,219878,405,1.051345,,fp_count ~ Speaker_gender + I((Speaker_age_at_session - 50.381261) / 10) + scale(speech_rate_syll) + Sentiment_label_float + Party_status + Party_orientation_float + Speaker_gender : Party_status,syll,Speaker_ID,2026-06-19_15-43-51,,,,,False,False
MUNDLAK,GEE_NB_Indep,MUNDLAK_GEE_NB_Indep,HR,HR_mundlak,True,,Intercept,0.0481,0.0411,0.0564,0.0,484243,280,1.738465,,fp_count ~ Speaker_gender + I((Speaker_age_at_session - 49.556365) / 10) + scale(speech_rate_syll_mean) + scale(speech_rate_syll_dev) + Sentiment_label_float_mean + Sentiment_label_float_dev + Party_status_mean + Party_status_dev + Party_orientation_float_mean + Party_orientation_float_dev,syll,Speaker_ID,2026-06-19_15-43-51,,,,,False,False
MUNDLAK,GEE_NB_Indep,MUNDLAK_GEE_NB_Indep,HR,HR_mundlak,True,,Speaker_gender[T.M],0.5226,0.4301,0.6351,0.0,484243,280,1.738465,,fp_count ~ Speaker_gender + I((Speaker_age_at_session - 49.556365) / 10) + scale(speech_rate_syll_mean) + scale(speech_rate_syll_dev) + Sentiment_label_float_mean + Sentiment_label_float_dev + Party_status_mean + Party_status_dev + Party_orientation_float_mean + Party_orientation_float_dev,syll,Speaker_ID,2026-06-19_15-43-51,,,,,False,False
MUNDLAK,GEE_NB_Indep,MUNDLAK_GEE_NB_Indep,HR,HR_mundlak,True,,I((Speaker_age_at_session - 49.556365) / 10),0.923,0.8115,1.0497,0.2222,484243,280,1.738465,,fp_count ~ Speaker_gender + I((Speaker_age_at_session - 49.556365) / 10) + scale(speech_rate_syll_mean) + scale(speech_rate_syll_dev) + Sentiment_label_float_mean + Sentiment_label_float_dev + Party_status_mean + Party_status_dev + Party_orientation_float_mean + Party_orientation_float_dev,syll,Speaker_ID,2026-06-19_15-43-51,,,,,False,False
MUNDLAK,GEE_NB_Indep,MUNDLAK_GEE_NB_Indep,HR,HR_mundlak,True,,scale(speech_rate_syll_mean),0.915,0.8238,1.0163,0.0974,484243,280,1.738465,,fp_count ~ Speaker_gender + I((Speaker_age_at_session - 49.556365) / 10) + scale(speech_rate_syll_mean) + scale(speech_rate_syll_dev) + Sentiment_label_float_mean + Sentiment_label_float_dev + Party_status_mean + Party_status_dev + Party_orientation_float_mean + Party_orientation_float_dev,syll,Speaker_ID,2026-06-19_15-43-51,,,,,False,False
MUNDLAK,GEE_NB_Indep,MUNDLAK_GEE_NB_Indep,HR,HR_mundlak,True,,scale(speech_rate_syll_dev),0.7019,0.6817,0.7226,0.0,484243,280,1.738465,,fp_count ~ Speaker_gender + I((Speaker_age_at_session - 49.556365) / 10) + scale(speech_rate_syll_mean) + scale(speech_rate_syll_dev) + Sentiment_label_float_mean + Sentiment_label_float_dev + Party_status_mean + Party_status_dev + Party_orientation_float_mean + Party_orientation_float_dev,syll,Speaker_ID,2026-06-19_15-43-51,,,,,False,False
MUNDLAK,GEE_NB_Indep,MUNDLAK_GEE_NB_Indep,HR,HR_mundlak,True,,Sentiment_label_float_mean,1.0959,0.9244,1.2992,0.2916,484243,280,1.738465,,fp_count ~ Speaker_gender + I((Speaker_age_at_session - 49.556365) / 10) + scale(speech_rate_syll_mean) + scale(speech_rate_syll_dev) + Sentiment_label_float_mean + Sentiment_label_float_dev + Party_status_mean + Party_status_dev + Party_orientation_float_mean + Party_orientation_float_dev,syll,Speaker_ID,2026-06-19_15-43-51,,,,,False,False
MUNDLAK,GEE_NB_Indep,MUNDLAK_GEE_NB_Indep,HR,HR_mundlak,True,,Sentiment_label_float_dev,1.0495,1.0394,1.0598,0.0,484243,280,1.738465,,fp_count ~ Speaker_gender + I((Speaker_age_at_session - 49.556365) / 10) + scale(speech_rate_syll_mean) + scale(speech_rate_syll_dev) + Sentiment_label_float_mean + Sentiment_label_float_dev + Party_status_mean + Party_status_dev + Party_orientation_float_mean + Party_orientation_float_dev,syll,Speaker_ID,2026-06-19_15-43-51,,,,,False,False
MUNDLAK,GEE_NB_Indep,MUNDLAK_GEE_NB_Indep,HR,HR_mundlak,True,,Party_status_mean,0.654,0.4732,0.904,0.0101,484243,280,1.738465,,fp_count ~ Speaker_gender + I((Speaker_age_at_session - 49.556365) / 10) + scale(speech_rate_syll_mean) + scale(speech_rate_syll_dev) + Sentiment_label_float_mean + Sentiment_label_float_dev + Party_status_mean + Party_status_dev + Party_orientation_float_mean + Party_orientation_float_dev,syll,Speaker_ID,2026-06-19_15-43-51,,,,,False,False
MUNDLAK,GEE_NB_Indep,MUNDLAK_GEE_NB_Indep,HR,HR_mundlak,True,,Party_status_dev,1.1319,1.0053,1.2744,0.0406,484243,280,1.738465,,fp_count ~ Speaker_gender + I((Speaker_age_at_session - 49.556365) / 10) + scale(speech_rate_syll_mean) + scale(speech_rate_syll_dev) + Sentiment_label_float_mean + Sentiment_label_float_dev + Party_status_mean + Party_status_dev + Party_orientation_float_mean + Party_orientation_float_dev,syll,Speaker_ID,2026-06-19_15-43-51,,,,,False,False
MUNDLAK,GEE_NB_Indep,MUNDLAK_GEE_NB_Indep,HR,HR_mundlak,True,,Party_orientation_float_mean,1.0145,0.9191,1.1198,0.775,484243,280,1.738465,,fp_count ~ Speaker_gender + I((Speaker_age_at_session - 49.556365) / 10) + scale(speech_rate_syll_mean) + scale(speech_rate_syll_dev) + Sentiment_label_float_mean + Sentiment_label_float_dev + Party_status_mean + Party_status_dev + Party_orientation_float_mean + Party_orientation_float_dev,syll,Speaker_ID,2026-06-19_15-43-51,,,,,False,False
MUNDLAK,GEE_NB_Indep,MUNDLAK_GEE_NB_Indep,HR,HR_mundlak,True,,Party_orientation_float_dev,1.3905,1.0227,1.8904,0.0354,484243,280,1.738465,,fp_count ~ Speaker_gender + I((Speaker_age_at_session - 49.556365) / 10) + scale(speech_rate_syll_mean) + scale(speech_rate_syll_dev) + Sentiment_label_float_mean + Sentiment_label_float_dev + Party_status_mean + Party_status_dev + Party_orientation_float_mean + Party_orientation_float_dev,syll,Speaker_ID,2026-06-19_15-43-51,,,,,False,False
MUNDLAK,GLM_NB_Cluster,MUNDLAK_GLM_NB_Cluster,HR,HR_mundlak,True,,Intercept,0.0481,0.041,0.0565,0.0,484243,280,1.738465,,fp_count ~ Speaker_gender + I((Speaker_age_at_session - 49.556365) / 10) + scale(speech_rate_syll_mean) + scale(speech_rate_syll_dev) + Sentiment_label_float_mean + Sentiment_label_float_dev + Party_status_mean + Party_status_dev + Party_orientation_float_mean + Party_orientation_float_dev,syll,Speaker_ID,2026-06-19_15-43-51,,,,,False,False
MUNDLAK,GLM_NB_Cluster,MUNDLAK_GLM_NB_Cluster,HR,HR_mundlak,True,,Speaker_gender[T.M],0.5226,0.4296,0.6358,0.0,484243,280,1.738465,,fp_count ~ Speaker_gender + I((Speaker_age_at_session - 49.556365) / 10) + scale(speech_rate_syll_mean) + scale(speech_rate_syll_dev) + Sentiment_label_float_mean + Sentiment_label_float_dev + Party_status_mean + Party_status_dev + Party_orientation_float_mean + Party_orientation_float_dev,syll,Speaker_ID,2026-06-19_15-43-51,,,,,False,False
MUNDLAK,GLM_NB_Cluster,MUNDLAK_GLM_NB_Cluster,HR,HR_mundlak,True,,I((Speaker_age_at_session - 49.556365) / 10),0.923,0.8082,1.0541,0.2368,484243,280,1.738465,,fp_count ~ Speaker_gender + I((Speaker_age_at_session - 49.556365) / 10) + scale(speech_rate_syll_mean) + scale(speech_rate_syll_dev) + Sentiment_label_float_mean + Sentiment_label_float_dev + Party_status_mean + Party_status_dev + Party_orientation_float_mean + Party_orientation_float_dev,syll,Speaker_ID,2026-06-19_15-43-51,,,,,False,False
MUNDLAK,GLM_NB_Cluster,MUNDLAK_GLM_NB_Cluster,HR,HR_mundlak,True,,scale(speech_rate_syll_mean),0.915,0.8252,1.0146,0.0919,484243,280,1.738465,,fp_count ~ Speaker_gender + I((Speaker_age_at_session - 49.556365) / 10) + scale(speech_rate_syll_mean) + scale(speech_rate_syll_dev) + Sentiment_label_float_mean + Sentiment_label_float_dev + Party_status_mean + Party_status_dev + Party_orientation_float_mean + Party_orientation_float_dev,syll,Speaker_ID,2026-06-19_15-43-51,,,,,False,False
MUNDLAK,GLM_NB_Cluster,MUNDLAK_GLM_NB_Cluster,HR,HR_mundlak,True,,scale(speech_rate_syll_dev),0.7019,0.6806,0.7238,0.0,484243,280,1.738465,,fp_count ~ Speaker_gender + I((Speaker_age_at_session - 49.556365) / 10) + scale(speech_rate_syll_mean) + scale(speech_rate_syll_dev) + Sentiment_label_float_mean + Sentiment_label_float_dev + Party_status_mean + Party_status_dev + Party_orientation_float_mean + Party_orientation_float_dev,syll,Speaker_ID,2026-06-19_15-43-51,,,,,False,False
MUNDLAK,GLM_NB_Cluster,MUNDLAK_GLM_NB_Cluster,HR,HR_mundlak,True,,Sentiment_label_float_mean,1.0959,0.9205,1.3047,0.3036,484243,280,1.738465,,fp_count ~ Speaker_gender + I((Speaker_age_at_session - 49.556365) / 10) + scale(speech_rate_syll_mean) + scale(speech_rate_syll_dev) + Sentiment_label_float_mean + Sentiment_label_float_dev + Party_status_mean + Party_status_dev + Party_orientation_float_mean + Party_orientation_float_dev,syll,Speaker_ID,2026-06-19_15-43-51,,,,,False,False
MUNDLAK,GLM_NB_Cluster,MUNDLAK_GLM_NB_Cluster,HR,HR_mundlak,True,,Sentiment_label_float_dev,1.0495,1.0393,1.0599,0.0,484243,280,1.738465,,fp_count ~ Speaker_gender + I((Speaker_age_at_session - 49.556365) / 10) + scale(speech_rate_syll_mean) + scale(speech_rate_syll_dev) + Sentiment_label_float_mean + Sentiment_label_float_dev + Party_status_mean + Party_status_dev + Party_orientation_float_mean + Party_orientation_float_dev,syll,Speaker_ID,2026-06-19_15-43-51,,,,,False,False
MUNDLAK,GLM_NB_Cluster,MUNDLAK_GLM_NB_Cluster,HR,HR_mundlak,True,,Party_status_mean,0.654,0.4683,0.9134,0.0127,484243,280,1.738465,,fp_count ~ Speaker_gender + I((Speaker_age_at_session - 49.556365) / 10) + scale(speech_rate_syll_mean) + scale(speech_rate_syll_dev) + Sentiment_label_float_mean + Sentiment_label_float_dev + Party_status_mean + Party_status_dev + Party_orientation_float_mean + Party_orientation_float_dev,syll,Speaker_ID,2026-06-19_15-43-51,,,,,False,False
MUNDLAK,GLM_NB_Cluster,MUNDLAK_GLM_NB_Cluster,HR,HR_mundlak,True,,Party_status_dev,1.1319,0.9834,1.3027,0.0841,484243,280,1.738465,,fp_count ~ Speaker_gender + I((Speaker_age_at_session - 49.556365) / 10) + scale(speech_rate_syll_mean) + scale(speech_rate_syll_dev) + Sentiment_label_float_mean + Sentiment_label_float_dev + Party_status_mean + Party_status_dev + Party_orientation_float_mean + Party_orientation_float_dev,syll,Speaker_ID,2026-06-19_15-43-51,,,,,False,False
MUNDLAK,GLM_NB_Cluster,MUNDLAK_GLM_NB_Cluster,HR,HR_mundlak,True,,Party_orientation_float_mean,1.0145,0.9152,1.1246,0.7841,484243,280,1.738465,,fp_count ~ Speaker_gender + I((Speaker_age_at_session - 49.556365) / 10) + scale(speech_rate_syll_mean) + scale(speech_rate_syll_dev) + Sentiment_label_float_mean + Sentiment_label_float_dev + Party_status_mean + Party_status_dev + Party_orientation_float_mean + Party_orientation_float_dev,syll,Speaker_ID,2026-06-19_15-43-51,,,,,False,False
MUNDLAK,GLM_NB_Cluster,MUNDLAK_GLM_NB_Cluster,HR,HR_mundlak,True,,Party_orientation_float_dev,1.3904,0.9318,2.0747,0.1065,484243,280,1.738465,,fp_count ~ Speaker_gender + I((Speaker_age_at_session - 49.556365) / 10) + scale(speech_rate_syll_mean) + scale(speech_rate_syll_dev) + Sentiment_label_float_mean + Sentiment_label_float_dev + Party_status_mean + Party_status_dev + Party_orientation_float_mean + Party_orientation_float_dev,syll,Speaker_ID,2026-06-19_15-43-51,,,,,False,False
MUNDLAK,GLM_NB,MUNDLAK_GLM_NB,HR,HR_mundlak,True,,Intercept,0.0481,0.0476,0.0487,0.0,484243,280,1.738465,,fp_count ~ Speaker_gender + I((Speaker_age_at_session - 49.556365) / 10) + scale(speech_rate_syll_mean) + scale(speech_rate_syll_dev) + Sentiment_label_float_mean + Sentiment_label_float_dev + Party_status_mean + Party_status_dev + Party_orientation_float_mean + Party_orientation_float_dev,syll,Speaker_ID,2026-06-19_15-43-51,,,,,False,False
MUNDLAK,GLM_NB,MUNDLAK_GLM_NB,HR,HR_mundlak,True,,Speaker_gender[T.M],0.5226,0.5156,0.5298,0.0,484243,280,1.738465,,fp_count ~ Speaker_gender + I((Speaker_age_at_session - 49.556365) / 10) + scale(speech_rate_syll_mean) + scale(speech_rate_syll_dev) + Sentiment_label_float_mean + Sentiment_label_float_dev + Party_status_mean + Party_status_dev + Party_orientation_float_mean + Party_orientation_float_dev,syll,Speaker_ID,2026-06-19_15-43-51,,,,,False,False
MUNDLAK,GLM_NB,MUNDLAK_GLM_NB,HR,HR_mundlak,True,,I((Speaker_age_at_session - 49.556365) / 10),0.923,0.9159,0.93,0.0,484243,280,1.738465,,fp_count ~ Speaker_gender + I((Speaker_age_at_session - 49.556365) / 10) + scale(speech_rate_syll_mean) + scale(speech_rate_syll_dev) + Sentiment_label_float_mean + Sentiment_label_float_dev + Party_status_mean + Party_status_dev + Party_orientation_float_mean + Party_orientation_float_dev,syll,Speaker_ID,2026-06-19_15-43-51,,,,,False,False
MUNDLAK,GLM_NB,MUNDLAK_GLM_NB,HR,HR_mundlak,True,,scale(speech_rate_syll_mean),0.915,0.9091,0.921,0.0,484243,280,1.738465,,fp_count ~ Speaker_gender + I((Speaker_age_at_session - 49.556365) / 10) + scale(speech_rate_syll_mean) + scale(speech_rate_syll_dev) + Sentiment_label_float_mean + Sentiment_label_float_dev + Party_status_mean + Party_status_dev + Party_orientation_float_mean + Party_orientation_float_dev,syll,Speaker_ID,2026-06-19_15-43-51,,,,,False,False
MUNDLAK,GLM_NB,MUNDLAK_GLM_NB,HR,HR_mundlak,True,,scale(speech_rate_syll_dev),0.7019,0.6972,0.7066,0.0,484243,280,1.738465,,fp_count ~ Speaker_gender + I((Speaker_age_at_session - 49.556365) / 10) + scale(speech_rate_syll_mean) + scale(speech_rate_syll_dev) + Sentiment_label_float_mean + Sentiment_label_float_dev + Party_status_mean + Party_status_dev + Party_orientation_float_mean + Party_orientation_float_dev,syll,Speaker_ID,2026-06-19_15-43-51,,,,,False,False
MUNDLAK,GLM_NB,MUNDLAK_GLM_NB,HR,HR_mundlak,True,,Sentiment_label_float_mean,1.0959,1.0836,1.1083,0.0,484243,280,1.738465,,fp_count ~ Speaker_gender + I((Speaker_age_at_session - 49.556365) / 10) + scale(speech_rate_syll_mean) + scale(speech_rate_syll_dev) + Sentiment_label_float_mean + Sentiment_label_float_dev + Party_status_mean + Party_status_dev + Party_orientation_float_mean + Party_orientation_float_dev,syll,Speaker_ID,2026-06-19_15-43-51,,,,,False,False
MUNDLAK,GLM_NB,MUNDLAK_GLM_NB,HR,HR_mundlak,True,,Sentiment_label_float_dev,1.0495,1.046,1.0531,0.0,484243,280,1.738465,,fp_count ~ Speaker_gender + I((Speaker_age_at_session - 49.556365) / 10) + scale(speech_rate_syll_mean) + scale(speech_rate_syll_dev) + Sentiment_label_float_mean + Sentiment_label_float_dev + Party_status_mean + Party_status_dev + Party_orientation_float_mean + Party_orientation_float_dev,syll,Speaker_ID,2026-06-19_15-43-51,,,,,False,False
MUNDLAK,GLM_NB,MUNDLAK_GLM_NB,HR,HR_mundlak,True,,Party_status_mean,0.654,0.6426,0.6656,0.0,484243,280,1.738465,,fp_count ~ Speaker_gender + I((Speaker_age_at_session - 49.556365) / 10) + scale(speech_rate_syll_mean) + scale(speech_rate_syll_dev) + Sentiment_label_float_mean + Sentiment_label_float_dev + Party_status_mean + Party_status_dev + Party_orientation_float_mean + Party_orientation_float_dev,syll,Speaker_ID,2026-06-19_15-43-51,,,,,False,False
MUNDLAK,GLM_NB,MUNDLAK_GLM_NB,HR,HR_mundlak,True,,Party_status_dev,1.1319,1.0786,1.1877,0.0,484243,280,1.738465,,fp_count ~ Speaker_gender + I((Speaker_age_at_session - 49.556365) / 10) + scale(speech_rate_syll_mean) + scale(speech_rate_syll_dev) + Sentiment_label_float_mean + Sentiment_label_float_dev + Party_status_mean + Party_status_dev + Party_orientation_float_mean + Party_orientation_float_dev,syll,Speaker_ID,2026-06-19_15-43-51,,,,,False,False
MUNDLAK,GLM_NB,MUNDLAK_GLM_NB,HR,HR_mundlak,True,,Party_orientation_float_mean,1.0145,1.0085,1.0206,0.0,484243,280,1.738465,,fp_count ~ Speaker_gender + I((Speaker_age_at_session - 49.556365) / 10) + scale(speech_rate_syll_mean) + scale(speech_rate_syll_dev) + Sentiment_label_float_mean + Sentiment_label_float_dev + Party_status_mean + Party_status_dev + Party_orientation_float_mean + Party_orientation_float_dev,syll,Speaker_ID,2026-06-19_15-43-51,,,,,False,False
MUNDLAK,GLM_NB,MUNDLAK_GLM_NB,HR,HR_mundlak,True,,Party_orientation_float_dev,1.3904,1.1995,1.6118,0.0,484243,280,1.738465,,fp_count ~ Speaker_gender + I((Speaker_age_at_session - 49.556365) / 10) + scale(speech_rate_syll_mean) + scale(speech_rate_syll_dev) + Sentiment_label_float_mean + Sentiment_label_float_dev + Party_status_mean + Party_status_dev + Party_orientation_float_mean + Party_orientation_float_dev,syll,Speaker_ID,2026-06-19_15-43-51,,,,,False,False
INT_SENTIMENT_X_POWER,GEE_NB_Exch,INT_SENTIMENT_X_POWER_GEE_NB_Exch,CZ,CZ_int_sentiment_x_power,False,sentiment_x_power,Intercept,0.0479,0.0377,0.0608,0.0,219878,405,1.050116,0.1695,fp_count ~ Speaker_gender + I((Speaker_age_at_session - 50.381261) / 10) + scale(speech_rate_syll) + Sentiment_label_float + Party_status + Party_orientation_float + Sentiment_label_float : Party_status,syll,Speaker_ID,2026-06-19_15-43-51,,,,,False,False
INT_SENTIMENT_X_POWER,GEE_NB_Exch,INT_SENTIMENT_X_POWER_GEE_NB_Exch,CZ,CZ_int_sentiment_x_power,False,sentiment_x_power,Speaker_gender[T.M],1.0189,0.7828,1.3263,0.889,219878,405,1.050116,0.1695,fp_count ~ Speaker_gender + I((Speaker_age_at_session - 50.381261) / 10) + scale(speech_rate_syll) + Sentiment_label_float + Party_status + Party_orientation_float + Sentiment_label_float : Party_status,syll,Speaker_ID,2026-06-19_15-43-51,,,,,False,False
INT_SENTIMENT_X_POWER,GEE_NB_Exch,INT_SENTIMENT_X_POWER_GEE_NB_Exch,CZ,CZ_int_sentiment_x_power,False,sentiment_x_power,I((Speaker_age_at_session - 50.381261) / 10),0.8694,0.7862,0.9614,0.0064,219878,405,1.050116,0.1695,fp_count ~ Speaker_gender + I((Speaker_age_at_session - 50.381261) / 10) + scale(speech_rate_syll) + Sentiment_label_float + Party_status + Party_orientation_float + Sentiment_label_float : Party_status,syll,Speaker_ID,2026-06-19_15-43-51,,,,,False,False
INT_SENTIMENT_X_POWER,GEE_NB_Exch,INT_SENTIMENT_X_POWER_GEE_NB_Exch,CZ,CZ_int_sentiment_x_power,False,sentiment_x_power,scale(speech_rate_syll),0.599,0.576,0.623,0.0,219878,405,1.050116,0.1695,fp_count ~ Speaker_gender + I((Speaker_age_at_session - 50.381261) / 10) + scale(speech_rate_syll) + Sentiment_label_float + Party_status + Party_orientation_float + Sentiment_label_float : Party_status,syll,Speaker_ID,2026-06-19_15-43-51,,,,,False,False
INT_SENTIMENT_X_POWER,GEE_NB_Exch,INT_SENTIMENT_X_POWER_GEE_NB_Exch,CZ,CZ_int_sentiment_x_power,False,sentiment_x_power,Sentiment_label_float,1.0353,1.0231,1.0476,0.0,219878,405,1.050116,0.1695,fp_count ~ Speaker_gender + I((Speaker_age_at_session - 50.381261) / 10) + scale(speech_rate_syll) + Sentiment_label_float + Party_status + Party_orientation_float + Sentiment_label_float : Party_status,syll,Speaker_ID,2026-06-19_15-43-51,,,,,False,False
INT_SENTIMENT_X_POWER,GEE_NB_Exch,INT_SENTIMENT_X_POWER_GEE_NB_Exch,CZ,CZ_int_sentiment_x_power,False,sentiment_x_power,Party_status,0.9164,0.8362,1.0044,0.062,219878,405,1.050116,0.1695,fp_count ~ Speaker_gender + I((Speaker_age_at_session - 50.381261) / 10) + scale(speech_rate_syll) + Sentiment_label_float + Party_status + Party_orientation_float + Sentiment_label_float : Party_status,syll,Speaker_ID,2026-06-19_15-43-51,,,,,False,False
INT_SENTIMENT_X_POWER,GEE_NB_Exch,INT_SENTIMENT_X_POWER_GEE_NB_Exch,CZ,CZ_int_sentiment_x_power,False,sentiment_x_power,Party_orientation_float,0.9948,0.9167,1.0795,0.9003,219878,405,1.050116,0.1695,fp_count ~ Speaker_gender + I((Speaker_age_at_session - 50.381261) / 10) + scale(speech_rate_syll) + Sentiment_label_float + Party_status + Party_orientation_float + Sentiment_label_float : Party_status,syll,Speaker_ID,2026-06-19_15-43-51,,,,,False,False
INT_SENTIMENT_X_POWER,GEE_NB_Exch,INT_SENTIMENT_X_POWER_GEE_NB_Exch,CZ,CZ_int_sentiment_x_power,False,sentiment_x_power,Sentiment_label_float:Party_status,1.028,1.0142,1.042,0.0001,219878,405,1.050116,0.1695,fp_count ~ Speaker_gender + I((Speaker_age_at_session - 50.381261) / 10) + scale(speech_rate_syll) + Sentiment_label_float + Party_status + Party_orientation_float + Sentiment_label_float : Party_status,syll,Speaker_ID,2026-06-19_15-43-51,,,,,False,False
INT_SENTIMENT_X_POWER,GEE_NB_Indep,INT_SENTIMENT_X_POWER_GEE_NB_Indep,CZ,CZ_int_sentiment_x_power,False,sentiment_x_power,Intercept,0.0468,0.0364,0.0601,0.0,219878,405,1.050116,,fp_count ~ Speaker_gender + I((Speaker_age_at_session - 50.381261) / 10) + scale(speech_rate_syll) + Sentiment_label_float + Party_status + Party_orientation_float + Sentiment_label_float : Party_status,syll,Speaker_ID,2026-06-19_15-43-51,,,,,False,False
INT_SENTIMENT_X_POWER,GEE_NB_Indep,INT_SENTIMENT_X_POWER_GEE_NB_Indep,CZ,CZ_int_sentiment_x_power,False,sentiment_x_power,Speaker_gender[T.M],1.1115,0.8332,1.4827,0.4723,219878,405,1.050116,,fp_count ~ Speaker_gender + I((Speaker_age_at_session - 50.381261) / 10) + scale(speech_rate_syll) + Sentiment_label_float + Party_status + Party_orientation_float + Sentiment_label_float : Party_status,syll,Speaker_ID,2026-06-19_15-43-51,,,,,False,False
INT_SENTIMENT_X_POWER,GEE_NB_Indep,INT_SENTIMENT_X_POWER_GEE_NB_Indep,CZ,CZ_int_sentiment_x_power,False,sentiment_x_power,I((Speaker_age_at_session - 50.381261) / 10),0.7689,0.688,0.8592,0.0,219878,405,1.050116,,fp_count ~ Speaker_gender + I((Speaker_age_at_session - 50.381261) / 10) + scale(speech_rate_syll) + Sentiment_label_float + Party_status + Party_orientation_float + Sentiment_label_float : Party_status,syll,Speaker_ID,2026-06-19_15-43-51,,,,,False,False
INT_SENTIMENT_X_POWER,GEE_NB_Indep,INT_SENTIMENT_X_POWER_GEE_NB_Indep,CZ,CZ_int_sentiment_x_power,False,sentiment_x_power,scale(speech_rate_syll),0.5829,0.5524,0.6151,0.0,219878,405,1.050116,,fp_count ~ Speaker_gender + I((Speaker_age_at_session - 50.381261) / 10) + scale(speech_rate_syll) + Sentiment_label_float + Party_status + Party_orientation_float + Sentiment_label_float : Party_status,syll,Speaker_ID,2026-06-19_15-43-51,,,,,False,False
INT_SENTIMENT_X_POWER,GEE_NB_Indep,INT_SENTIMENT_X_POWER_GEE_NB_Indep,CZ,CZ_int_sentiment_x_power,False,sentiment_x_power,Sentiment_label_float,1.0449,1.0244,1.0658,0.0,219878,405,1.050116,,fp_count ~ Speaker_gender + I((Speaker_age_at_session - 50.381261) / 10) + scale(speech_rate_syll) + Sentiment_label_float + Party_status + Party_orientation_float + Sentiment_label_float : Party_status,syll,Speaker_ID,2026-06-19_15-43-51,,,,,False,False
INT_SENTIMENT_X_POWER,GEE_NB_Indep,INT_SENTIMENT_X_POWER_GEE_NB_Indep,CZ,CZ_int_sentiment_x_power,False,sentiment_x_power,Party_status,0.786,0.6646,0.9297,0.0049,219878,405,1.050116,,fp_count ~ Speaker_gender + I((Speaker_age_at_session - 50.381261) / 10) + scale(speech_rate_syll) + Sentiment_label_float + Party_status + Party_orientation_float + Sentiment_label_float : Party_status,syll,Speaker_ID,2026-06-19_15-43-51,,,,,False,False
INT_SENTIMENT_X_POWER,GEE_NB_Indep,INT_SENTIMENT_X_POWER_GEE_NB_Indep,CZ,CZ_int_sentiment_x_power,False,sentiment_x_power,Party_orientation_float,1.0301,0.96,1.1053,0.41,219878,405,1.050116,,fp_count ~ Speaker_gender + I((Speaker_age_at_session - 50.381261) / 10) + scale(speech_rate_syll) + Sentiment_label_float + Party_status + Party_orientation_float + Sentiment_label_float : Party_status,syll,Speaker_ID,2026-06-19_15-43-51,,,,,False,False
INT_SENTIMENT_X_POWER,GEE_NB_Indep,INT_SENTIMENT_X_POWER_GEE_NB_Indep,CZ,CZ_int_sentiment_x_power,False,sentiment_x_power,Sentiment_label_float:Party_status,1.0341,1.0071,1.0618,0.0131,219878,405,1.050116,,fp_count ~ Speaker_gender + I((Speaker_age_at_session - 50.381261) / 10) + scale(speech_rate_syll) + Sentiment_label_float + Party_status + Party_orientation_float + Sentiment_label_float : Party_status,syll,Speaker_ID,2026-06-19_15-43-51,,,,,False,False
INT_SENTIMENT_X_POWER,GLM_NB_Cluster,INT_SENTIMENT_X_POWER_GLM_NB_Cluster,CZ,CZ_int_sentiment_x_power,False,sentiment_x_power,Intercept,0.0468,0.0364,0.06,0.0,219878,405,1.050116,,fp_count ~ Speaker_gender + I((Speaker_age_at_session - 50.381261) / 10) + scale(speech_rate_syll) + Sentiment_label_float + Party_status + Party_orientation_float + Sentiment_label_float : Party_status,syll,Speaker_ID,2026-06-19_15-43-51,,,,,False,False
INT_SENTIMENT_X_POWER,GLM_NB_Cluster,INT_SENTIMENT_X_POWER_GLM_NB_Cluster,CZ,CZ_int_sentiment_x_power,False,sentiment_x_power,Speaker_gender[T.M],1.1115,0.8358,1.4781,0.4675,219878,405,1.050116,,fp_count ~ Speaker_gender + I((Speaker_age_at_session - 50.381261) / 10) + scale(speech_rate_syll) + Sentiment_label_float + Party_status + Party_orientation_float + Sentiment_label_float : Party_status,syll,Speaker_ID,2026-06-19_15-43-51,,,,,False,False
INT_SENTIMENT_X_POWER,GLM_NB_Cluster,INT_SENTIMENT_X_POWER_GLM_NB_Cluster,CZ,CZ_int_sentiment_x_power,False,sentiment_x_power,I((Speaker_age_at_session - 50.381261) / 10),0.7689,0.6899,0.8569,0.0,219878,405,1.050116,,fp_count ~ Speaker_gender + I((Speaker_age_at_session - 50.381261) / 10) + scale(speech_rate_syll) + Sentiment_label_float + Party_status + Party_orientation_float + Sentiment_label_float : Party_status,syll,Speaker_ID,2026-06-19_15-43-51,,,,,False,False
INT_SENTIMENT_X_POWER,GLM_NB_Cluster,INT_SENTIMENT_X_POWER_GLM_NB_Cluster,CZ,CZ_int_sentiment_x_power,False,sentiment_x_power,scale(speech_rate_syll),0.5829,0.5521,0.6154,0.0,219878,405,1.050116,,fp_count ~ Speaker_gender + I((Speaker_age_at_session - 50.381261) / 10) + scale(speech_rate_syll) + Sentiment_label_float + Party_status + Party_orientation_float + Sentiment_label_float : Party_status,syll,Speaker_ID,2026-06-19_15-43-51,,,,,False,False
INT_SENTIMENT_X_POWER,GLM_NB_Cluster,INT_SENTIMENT_X_POWER_GLM_NB_Cluster,CZ,CZ_int_sentiment_x_power,False,sentiment_x_power,Sentiment_label_float,1.0449,1.0241,1.0661,0.0,219878,405,1.050116,,fp_count ~ Speaker_gender + I((Speaker_age_at_session - 50.381261) / 10) + scale(speech_rate_syll) + Sentiment_label_float + Party_status + Party_orientation_float + Sentiment_label_float : Party_status,syll,Speaker_ID,2026-06-19_15-43-51,,,,,False,False
INT_SENTIMENT_X_POWER,GLM_NB_Cluster,INT_SENTIMENT_X_POWER_GLM_NB_Cluster,CZ,CZ_int_sentiment_x_power,False,sentiment_x_power,Party_status,0.786,0.6643,0.93,0.005,219878,405,1.050116,,fp_count ~ Speaker_gender + I((Speaker_age_at_session - 50.381261) / 10) + scale(speech_rate_syll) + Sentiment_label_float + Party_status + Party_orientation_float + Sentiment_label_float : Party_status,syll,Speaker_ID,2026-06-19_15-43-51,,,,,False,False
INT_SENTIMENT_X_POWER,GLM_NB_Cluster,INT_SENTIMENT_X_POWER_GLM_NB_Cluster,CZ,CZ_int_sentiment_x_power,False,sentiment_x_power,Party_orientation_float,1.0301,0.9541,1.1121,0.4485,219878,405,1.050116,,fp_count ~ Speaker_gender + I((Speaker_age_at_session - 50.381261) / 10) + scale(speech_rate_syll) + Sentiment_label_float + Party_status + Party_orientation_float + Sentiment_label_float : Party_status,syll,Speaker_ID,2026-06-19_15-43-51,,,,,False,False
INT_SENTIMENT_X_POWER,GLM_NB_Cluster,INT_SENTIMENT_X_POWER_GLM_NB_Cluster,CZ,CZ_int_sentiment_x_power,False,sentiment_x_power,Sentiment_label_float:Party_status,1.0341,1.007,1.0619,0.0132,219878,405,1.050116,,fp_count ~ Speaker_gender + I((Speaker_age_at_session - 50.381261) / 10) + scale(speech_rate_syll) + Sentiment_label_float + Party_status + Party_orientation_float + Sentiment_label_float : Party_status,syll,Speaker_ID,2026-06-19_15-43-51,,,,,False,False
INT_SENTIMENT_X_POWER,GLM_NB,INT_SENTIMENT_X_POWER_GLM_NB,CZ,CZ_int_sentiment_x_power,False,sentiment_x_power,Intercept,0.0468,0.0458,0.0477,0.0,219878,405,1.050116,,fp_count ~ Speaker_gender + I((Speaker_age_at_session - 50.381261) / 10) + scale(speech_rate_syll) + Sentiment_label_float + Party_status + Party_orientation_float + Sentiment_label_float : Party_status,syll,Speaker_ID,2026-06-19_15-43-51,,,,,False,False
INT_SENTIMENT_X_POWER,GLM_NB,INT_SENTIMENT_X_POWER_GLM_NB,CZ,CZ_int_sentiment_x_power,False,sentiment_x_power,Speaker_gender[T.M],1.1115,1.0912,1.1322,0.0,219878,405,1.050116,,fp_count ~ Speaker_gender + I((Speaker_age_at_session - 50.381261) / 10) + scale(speech_rate_syll) + Sentiment_label_float + Party_status + Party_orientation_float + Sentiment_label_float : Party_status,syll,Speaker_ID,2026-06-19_15-43-51,,,,,False,False
INT_SENTIMENT_X_POWER,GLM_NB,INT_SENTIMENT_X_POWER_GLM_NB,CZ,CZ_int_sentiment_x_power,False,sentiment_x_power,I((Speaker_age_at_session - 50.381261) / 10),0.7689,0.7627,0.775,0.0,219878,405,1.050116,,fp_count ~ Speaker_gender + I((Speaker_age_at_session - 50.381261) / 10) + scale(speech_rate_syll) + Sentiment_label_float + Party_status + Party_orientation_float + Sentiment_label_float : Party_status,syll,Speaker_ID,2026-06-19_15-43-51,,,,,False,False
INT_SENTIMENT_X_POWER,GLM_NB,INT_SENTIMENT_X_POWER_GLM_NB,CZ,CZ_int_sentiment_x_power,False,sentiment_x_power,scale(speech_rate_syll),0.5829,0.5779,0.588,0.0,219878,405,1.050116,,fp_count ~ Speaker_gender + I((Speaker_age_at_session - 50.381261) / 10) + scale(speech_rate_syll) + Sentiment_label_float + Party_status + Party_orientation_float + Sentiment_label_float : Party_status,syll,Speaker_ID,2026-06-19_15-43-51,,,,,False,False
INT_SENTIMENT_X_POWER,GLM_NB,INT_SENTIMENT_X_POWER_GLM_NB,CZ,CZ_int_sentiment_x_power,False,sentiment_x_power,Sentiment_label_float,1.0449,1.0368,1.053,0.0,219878,405,1.050116,,fp_count ~ Speaker_gender + I((Speaker_age_at_session - 50.381261) / 10) + scale(speech_rate_syll) + Sentiment_label_float + Party_status + Party_orientation_float + Sentiment_label_float : Party_status,syll,Speaker_ID,2026-06-19_15-43-51,,,,,False,False
INT_SENTIMENT_X_POWER,GLM_NB,INT_SENTIMENT_X_POWER_GLM_NB,CZ,CZ_int_sentiment_x_power,False,sentiment_x_power,Party_status,0.786,0.7726,0.7998,0.0,219878,405,1.050116,,fp_count ~ Speaker_gender + I((Speaker_age_at_session - 50.381261) / 10) + scale(speech_rate_syll) + Sentiment_label_float + Party_status + Party_orientation_float + Sentiment_label_float : Party_status,syll,Speaker_ID,2026-06-19_15-43-51,,,,,False,False
INT_SENTIMENT_X_POWER,GLM_NB,INT_SENTIMENT_X_POWER_GLM_NB,CZ,CZ_int_sentiment_x_power,False,sentiment_x_power,Party_orientation_float,1.0301,1.0237,1.0365,0.0,219878,405,1.050116,,fp_count ~ Speaker_gender + I((Speaker_age_at_session - 50.381261) / 10) + scale(speech_rate_syll) + Sentiment_label_float + Party_status + Party_orientation_float + Sentiment_label_float : Party_status,syll,Speaker_ID,2026-06-19_15-43-51,,,,,False,False
INT_SENTIMENT_X_POWER,GLM_NB,INT_SENTIMENT_X_POWER_GLM_NB,CZ,CZ_int_sentiment_x_power,False,sentiment_x_power,Sentiment_label_float:Party_status,1.0341,1.0246,1.0437,0.0,219878,405,1.050116,,fp_count ~ Speaker_gender + I((Speaker_age_at_session - 50.381261) / 10) + scale(speech_rate_syll) + Sentiment_label_float + Party_status + Party_orientation_float + Sentiment_label_float : Party_status,syll,Speaker_ID,2026-06-19_15-43-51,,,,,False,False
INT_AGE_X_ORIENTATION,GEE_NB_Exch,INT_AGE_X_ORIENTATION_GEE_NB_Exch,PL,PL_int_age_x_orientation,False,age_x_orientation,Intercept,0.0581,0.0455,0.0741,0.0,117305,342,1.214898,0.2616,fp_count ~ Speaker_gender + I((Speaker_age_at_session - 51.186846) / 10) + scale(speech_rate_syll) + Sentiment_label_float + Party_status + Party_orientation_float + I((Speaker_age_at_session - 51.186846) / 10) : Party_orientation_float,syll,Speaker_ID,2026-06-19_15-43-51,,,,,False,False
INT_AGE_X_ORIENTATION,GEE_NB_Exch,INT_AGE_X_ORIENTATION_GEE_NB_Exch,PL,PL_int_age_x_orientation,False,age_x_orientation,Speaker_gender[T.M],1.062,0.8626,1.3074,0.5711,117305,342,1.214898,0.2616,fp_count ~ Speaker_gender + I((Speaker_age_at_session - 51.186846) / 10) + scale(speech_rate_syll) + Sentiment_label_float + Party_status + Party_orientation_float + I((Speaker_age_at_session - 51.186846) / 10) : Party_orientation_float,syll,Speaker_ID,2026-06-19_15-43-51,,,,,False,False
INT_AGE_X_ORIENTATION,GEE_NB_Exch,INT_AGE_X_ORIENTATION_GEE_NB_Exch,PL,PL_int_age_x_orientation,False,age_x_orientation,I((Speaker_age_at_session - 51.186846) / 10),1.0848,0.972,1.2108,0.1463,117305,342,1.214898,0.2616,fp_count ~ Speaker_gender + I((Speaker_age_at_session - 51.186846) / 10) + scale(speech_rate_syll) + Sentiment_label_float + Party_status + Party_orientation_float + I((Speaker_age_at_session - 51.186846) / 10) : Party_orientation_float,syll,Speaker_ID,2026-06-19_15-43-51,,,,,False,False
INT_AGE_X_ORIENTATION,GEE_NB_Exch,INT_AGE_X_ORIENTATION_GEE_NB_Exch,PL,PL_int_age_x_orientation,False,age_x_orientation,scale(speech_rate_syll),0.625,0.6105,0.6399,0.0,117305,342,1.214898,0.2616,fp_count ~ Speaker_gender + I((Speaker_age_at_session - 51.186846) / 10) + scale(speech_rate_syll) + Sentiment_label_float + Party_status + Party_orientation_float + I((Speaker_age_at_session - 51.186846) / 10) : Party_orientation_float,syll,Speaker_ID,2026-06-19_15-43-51,,,,,False,False
INT_AGE_X_ORIENTATION,GEE_NB_Exch,INT_AGE_X_ORIENTATION_GEE_NB_Exch,PL,PL_int_age_x_orientation,False,age_x_orientation,Sentiment_label_float,1.0247,1.0184,1.0311,0.0,117305,342,1.214898,0.2616,fp_count ~ Speaker_gender + I((Speaker_age_at_session - 51.186846) / 10) + scale(speech_rate_syll) + Sentiment_label_float + Party_status + Party_orientation_float + I((Speaker_age_at_session - 51.186846) / 10) : Party_orientation_float,syll,Speaker_ID,2026-06-19_15-43-51,,,,,False,False
INT_AGE_X_ORIENTATION,GEE_NB_Exch,INT_AGE_X_ORIENTATION_GEE_NB_Exch,PL,PL_int_age_x_orientation,False,age_x_orientation,Party_status,1.2691,1.0037,1.6046,0.0465,117305,342,1.214898,0.2616,fp_count ~ Speaker_gender + I((Speaker_age_at_session - 51.186846) / 10) + scale(speech_rate_syll) + Sentiment_label_float + Party_status + Party_orientation_float + I((Speaker_age_at_session - 51.186846) / 10) : Party_orientation_float,syll,Speaker_ID,2026-06-19_15-43-51,,,,,False,False
INT_AGE_X_ORIENTATION,GEE_NB_Exch,INT_AGE_X_ORIENTATION_GEE_NB_Exch,PL,PL_int_age_x_orientation,False,age_x_orientation,Party_orientation_float,1.0918,0.9921,1.2016,0.0722,117305,342,1.214898,0.2616,fp_count ~ Speaker_gender + I((Speaker_age_at_session - 51.186846) / 10) + scale(speech_rate_syll) + Sentiment_label_float + Party_status + Party_orientation_float + I((Speaker_age_at_session - 51.186846) / 10) : Party_orientation_float,syll,Speaker_ID,2026-06-19_15-43-51,,,,,False,False
INT_AGE_X_ORIENTATION,GEE_NB_Exch,INT_AGE_X_ORIENTATION_GEE_NB_Exch,PL,PL_int_age_x_orientation,False,age_x_orientation,I((Speaker_age_at_session - 51.186846) / 10):Party_orientation_float,0.9584,0.9053,1.0147,0.1443,117305,342,1.214898,0.2616,fp_count ~ Speaker_gender + I((Speaker_age_at_session - 51.186846) / 10) + scale(speech_rate_syll) + Sentiment_label_float + Party_status + Party_orientation_float + I((Speaker_age_at_session - 51.186846) / 10) : Party_orientation_float,syll,Speaker_ID,2026-06-19_15-43-51,,,,,False,False
INT_AGE_X_ORIENTATION,GEE_NB_Indep,INT_AGE_X_ORIENTATION_GEE_NB_Indep,PL,PL_int_age_x_orientation,False,age_x_orientation,Intercept,0.0486,0.0357,0.066,0.0,117305,342,1.214898,,fp_count ~ Speaker_gender + I((Speaker_age_at_session - 51.186846) / 10) + scale(speech_rate_syll) + Sentiment_label_float + Party_status + Party_orientation_float + I((Speaker_age_at_session - 51.186846) / 10) : Party_orientation_float,syll,Speaker_ID,2026-06-19_15-43-51,,,,,False,False
INT_AGE_X_ORIENTATION,GEE_NB_Indep,INT_AGE_X_ORIENTATION_GEE_NB_Indep,PL,PL_int_age_x_orientation,False,age_x_orientation,Speaker_gender[T.M],1.1139,0.835,1.4859,0.4633,117305,342,1.214898,,fp_count ~ Speaker_gender + I((Speaker_age_at_session - 51.186846) / 10) + scale(speech_rate_syll) + Sentiment_label_float + Party_status + Party_orientation_float + I((Speaker_age_at_session - 51.186846) / 10) : Party_orientation_float,syll,Speaker_ID,2026-06-19_15-43-51,,,,,False,False
INT_AGE_X_ORIENTATION,GEE_NB_Indep,INT_AGE_X_ORIENTATION_GEE_NB_Indep,PL,PL_int_age_x_orientation,False,age_x_orientation,I((Speaker_age_at_session - 51.186846) / 10),0.9726,0.842,1.1233,0.7051,117305,342,1.214898,,fp_count ~ Speaker_gender + I((Speaker_age_at_session - 51.186846) / 10) + scale(speech_rate_syll) + Sentiment_label_float + Party_status + Party_orientation_float + I((Speaker_age_at_session - 51.186846) / 10) : Party_orientation_float,syll,Speaker_ID,2026-06-19_15-43-51,,,,,False,False
INT_AGE_X_ORIENTATION,GEE_NB_Indep,INT_AGE_X_ORIENTATION_GEE_NB_Indep,PL,PL_int_age_x_orientation,False,age_x_orientation,scale(speech_rate_syll),0.6007,0.5714,0.6315,0.0,117305,342,1.214898,,fp_count ~ Speaker_gender + I((Speaker_age_at_session - 51.186846) / 10) + scale(speech_rate_syll) + Sentiment_label_float + Party_status + Party_orientation_float + I((Speaker_age_at_session - 51.186846) / 10) : Party_orientation_float,syll,Speaker_ID,2026-06-19_15-43-51,,,,,False,False
INT_AGE_X_ORIENTATION,GEE_NB_Indep,INT_AGE_X_ORIENTATION_GEE_NB_Indep,PL,PL_int_age_x_orientation,False,age_x_orientation,Sentiment_label_float,1.0293,1.0151,1.0436,0.0,117305,342,1.214898,,fp_count ~ Speaker_gender + I((Speaker_age_at_session - 51.186846) / 10) + scale(speech_rate_syll) + Sentiment_label_float + Party_status + Party_orientation_float + I((Speaker_age_at_session - 51.186846) / 10) : Party_orientation_float,syll,Speaker_ID,2026-06-19_15-43-51,,,,,False,False
INT_AGE_X_ORIENTATION,GEE_NB_Indep,INT_AGE_X_ORIENTATION_GEE_NB_Indep,PL,PL_int_age_x_orientation,False,age_x_orientation,Party_status,0.8566,0.6548,1.1206,0.2587,117305,342,1.214898,,fp_count ~ Speaker_gender + I((Speaker_age_at_session - 51.186846) / 10) + scale(speech_rate_syll) + Sentiment_label_float + Party_status + Party_orientation_float + I((Speaker_age_at_session - 51.186846) / 10) : Party_orientation_float,syll,Speaker_ID,2026-06-19_15-43-51,,,,,False,False
INT_AGE_X_ORIENTATION,GEE_NB_Indep,INT_AGE_X_ORIENTATION_GEE_NB_Indep,PL,PL_int_age_x_orientation,False,age_x_orientation,Party_orientation_float,1.0464,0.9252,1.1834,0.4705,117305,342,1.214898,,fp_count ~ Speaker_gender + I((Speaker_age_at_session - 51.186846) / 10) + scale(speech_rate_syll) + Sentiment_label_float + Party_status + Party_orientation_float + I((Speaker_age_at_session - 51.186846) / 10) : Party_orientation_float,syll,Speaker_ID,2026-06-19_15-43-51,,,,,False,False
INT_AGE_X_ORIENTATION,GEE_NB_Indep,INT_AGE_X_ORIENTATION_GEE_NB_Indep,PL,PL_int_age_x_orientation,False,age_x_orientation,I((Speaker_age_at_session - 51.186846) / 10):Party_orientation_float,0.9579,0.8909,1.03,0.2454,117305,342,1.214898,,fp_count ~ Speaker_gender + I((Speaker_age_at_session - 51.186846) / 10) + scale(speech_rate_syll) + Sentiment_label_float + Party_status + Party_orientation_float + I((Speaker_age_at_session - 51.186846) / 10) : Party_orientation_float,syll,Speaker_ID,2026-06-19_15-43-51,,,,,False,False
INT_AGE_X_ORIENTATION,GLM_NB_Cluster,INT_AGE_X_ORIENTATION_GLM_NB_Cluster,PL,PL_int_age_x_orientation,False,age_x_orientation,Intercept,0.0486,0.0355,0.0664,0.0,117305,342,1.214898,,fp_count ~ Speaker_gender + I((Speaker_age_at_session - 51.186846) / 10) + scale(speech_rate_syll) + Sentiment_label_float + Party_status + Party_orientation_float + I((Speaker_age_at_session - 51.186846) / 10) : Party_orientation_float,syll,Speaker_ID,2026-06-19_15-43-51,,,,,False,False
INT_AGE_X_ORIENTATION,GLM_NB_Cluster,INT_AGE_X_ORIENTATION_GLM_NB_Cluster,PL,PL_int_age_x_orientation,False,age_x_orientation,Speaker_gender[T.M],1.1139,0.8362,1.4837,0.4611,117305,342,1.214898,,fp_count ~ Speaker_gender + I((Speaker_age_at_session - 51.186846) / 10) + scale(speech_rate_syll) + Sentiment_label_float + Party_status + Party_orientation_float + I((Speaker_age_at_session - 51.186846) / 10) : Party_orientation_float,syll,Speaker_ID,2026-06-19_15-43-51,,,,,False,False
INT_AGE_X_ORIENTATION,GLM_NB_Cluster,INT_AGE_X_ORIENTATION_GLM_NB_Cluster,PL,PL_int_age_x_orientation,False,age_x_orientation,I((Speaker_age_at_session - 51.186846) / 10),0.9726,0.8377,1.1292,0.7149,117305,342,1.214898,,fp_count ~ Speaker_gender + I((Speaker_age_at_session - 51.186846) / 10) + scale(speech_rate_syll) + Sentiment_label_float + Party_status + Party_orientation_float + I((Speaker_age_at_session - 51.186846) / 10) : Party_orientation_float,syll,Speaker_ID,2026-06-19_15-43-51,,,,,False,False
INT_AGE_X_ORIENTATION,GLM_NB_Cluster,INT_AGE_X_ORIENTATION_GLM_NB_Cluster,PL,PL_int_age_x_orientation,False,age_x_orientation,scale(speech_rate_syll),0.6007,0.5696,0.6335,0.0,117305,342,1.214898,,fp_count ~ Speaker_gender + I((Speaker_age_at_session - 51.186846) / 10) + scale(speech_rate_syll) + Sentiment_label_float + Party_status + Party_orientation_float + I((Speaker_age_at_session - 51.186846) / 10) : Party_orientation_float,syll,Speaker_ID,2026-06-19_15-43-51,,,,,False,False
INT_AGE_X_ORIENTATION,GLM_NB_Cluster,INT_AGE_X_ORIENTATION_GLM_NB_Cluster,PL,PL_int_age_x_orientation,False,age_x_orientation,Sentiment_label_float,1.0293,1.015,1.0437,0.0,117305,342,1.214898,,fp_count ~ Speaker_gender + I((Speaker_age_at_session - 51.186846) / 10) + scale(speech_rate_syll) + Sentiment_label_float + Party_status + Party_orientation_float + I((Speaker_age_at_session - 51.186846) / 10) : Party_orientation_float,syll,Speaker_ID,2026-06-19_15-43-51,,,,,False,False
INT_AGE_X_ORIENTATION,GLM_NB_Cluster,INT_AGE_X_ORIENTATION_GLM_NB_Cluster,PL,PL_int_age_x_orientation,False,age_x_orientation,Party_status,0.8566,0.6515,1.1261,0.2674,117305,342,1.214898,,fp_count ~ Speaker_gender + I((Speaker_age_at_session - 51.186846) / 10) + scale(speech_rate_syll) + Sentiment_label_float + Party_status + Party_orientation_float + I((Speaker_age_at_session - 51.186846) / 10) : Party_orientation_float,syll,Speaker_ID,2026-06-19_15-43-51,,,,,False,False
INT_AGE_X_ORIENTATION,GLM_NB_Cluster,INT_AGE_X_ORIENTATION_GLM_NB_Cluster,PL,PL_int_age_x_orientation,False,age_x_orientation,Party_orientation_float,1.0464,0.9235,1.1855,0.4769,117305,342,1.214898,,fp_count ~ Speaker_gender + I((Speaker_age_at_session - 51.186846) / 10) + scale(speech_rate_syll) + Sentiment_label_float + Party_status + Party_orientation_float + I((Speaker_age_at_session - 51.186846) / 10) : Party_orientation_float,syll,Speaker_ID,2026-06-19_15-43-51,,,,,False,False
INT_AGE_X_ORIENTATION,GLM_NB_Cluster,INT_AGE_X_ORIENTATION_GLM_NB_Cluster,PL,PL_int_age_x_orientation,False,age_x_orientation,I((Speaker_age_at_session - 51.186846) / 10):Party_orientation_float,0.9579,0.8885,1.0328,0.2628,117305,342,1.214898,,fp_count ~ Speaker_gender + I((Speaker_age_at_session - 51.186846) / 10) + scale(speech_rate_syll) + Sentiment_label_float + Party_status + Party_orientation_float + I((Speaker_age_at_session - 51.186846) / 10) : Party_orientation_float,syll,Speaker_ID,2026-06-19_15-43-51,,,,,False,False
INT_AGE_X_ORIENTATION,GLM_NB,INT_AGE_X_ORIENTATION_GLM_NB,PL,PL_int_age_x_orientation,False,age_x_orientation,Intercept,0.0486,0.0472,0.05,0.0,117305,342,1.214898,,fp_count ~ Speaker_gender + I((Speaker_age_at_session - 51.186846) / 10) + scale(speech_rate_syll) + Sentiment_label_float + Party_status + Party_orientation_float + I((Speaker_age_at_session - 51.186846) / 10) : Party_orientation_float,syll,Speaker_ID,2026-06-19_15-43-51,,,,,False,False
INT_AGE_X_ORIENTATION,GLM_NB,INT_AGE_X_ORIENTATION_GLM_NB,PL,PL_int_age_x_orientation,False,age_x_orientation,Speaker_gender[T.M],1.1139,1.0871,1.1413,0.0,117305,342,1.214898,,fp_count ~ Speaker_gender + I((Speaker_age_at_session - 51.186846) / 10) + scale(speech_rate_syll) + Sentiment_label_float + Party_status + Party_orientation_float + I((Speaker_age_at_session - 51.186846) / 10) : Party_orientation_float,syll,Speaker_ID,2026-06-19_15-43-51,,,,,False,False
INT_AGE_X_ORIENTATION,GLM_NB,INT_AGE_X_ORIENTATION_GLM_NB,PL,PL_int_age_x_orientation,False,age_x_orientation,I((Speaker_age_at_session - 51.186846) / 10),0.9726,0.9601,0.9851,0.0,117305,342,1.214898,,fp_count ~ Speaker_gender + I((Speaker_age_at_session - 51.186846) / 10) + scale(speech_rate_syll) + Sentiment_label_float + Party_status + Party_orientation_float + I((Speaker_age_at_session - 51.186846) / 10) : Party_orientation_float,syll,Speaker_ID,2026-06-19_15-43-51,,,,,False,False
INT_AGE_X_ORIENTATION,GLM_NB,INT_AGE_X_ORIENTATION_GLM_NB,PL,PL_int_age_x_orientation,False,age_x_orientation,scale(speech_rate_syll),0.6007,0.594,0.6075,0.0,117305,342,1.214898,,fp_count ~ Speaker_gender + I((Speaker_age_at_session - 51.186846) / 10) + scale(speech_rate_syll) + Sentiment_label_float + Party_status + Party_orientation_float + I((Speaker_age_at_session - 51.186846) / 10) : Party_orientation_float,syll,Speaker_ID,2026-06-19_15-43-51,,,,,False,False
INT_AGE_X_ORIENTATION,GLM_NB,INT_AGE_X_ORIENTATION_GLM_NB,PL,PL_int_age_x_orientation,False,age_x_orientation,Sentiment_label_float,1.0293,1.0234,1.0352,0.0,117305,342,1.214898,,fp_count ~ Speaker_gender + I((Speaker_age_at_session - 51.186846) / 10) + scale(speech_rate_syll) + Sentiment_label_float + Party_status + Party_orientation_float + I((Speaker_age_at_session - 51.186846) / 10) : Party_orientation_float,syll,Speaker_ID,2026-06-19_15-43-51,,,,,False,False
INT_AGE_X_ORIENTATION,GLM_NB,INT_AGE_X_ORIENTATION_GLM_NB,PL,PL_int_age_x_orientation,False,age_x_orientation,Party_status,0.8566,0.832,0.8819,0.0,117305,342,1.214898,,fp_count ~ Speaker_gender + I((Speaker_age_at_session - 51.186846) / 10) + scale(speech_rate_syll) + Sentiment_label_float + Party_status + Party_orientation_float + I((Speaker_age_at_session - 51.186846) / 10) : Party_orientation_float,syll,Speaker_ID,2026-06-19_15-43-51,,,,,False,False
INT_AGE_X_ORIENTATION,GLM_NB,INT_AGE_X_ORIENTATION_GLM_NB,PL,PL_int_age_x_orientation,False,age_x_orientation,Party_orientation_float,1.0464,1.0362,1.0566,0.0,117305,342,1.214898,,fp_count ~ Speaker_gender + I((Speaker_age_at_session - 51.186846) / 10) + scale(speech_rate_syll) + Sentiment_label_float + Party_status + Party_orientation_float + I((Speaker_age_at_session - 51.186846) / 10) : Party_orientation_float,syll,Speaker_ID,2026-06-19_15-43-51,,,,,False,False
INT_AGE_X_ORIENTATION,GLM_NB,INT_AGE_X_ORIENTATION_GLM_NB,PL,PL_int_age_x_orientation,False,age_x_orientation,I((Speaker_age_at_session - 51.186846) / 10):Party_orientation_float,0.9579,0.9515,0.9643,0.0,117305,342,1.214898,,fp_count ~ Speaker_gender + I((Speaker_age_at_session - 51.186846) / 10) + scale(speech_rate_syll) + Sentiment_label_float + Party_status + Party_orientation_float + I((Speaker_age_at_session - 51.186846) / 10) : Party_orientation_float,syll,Speaker_ID,2026-06-19_15-43-51,,,,,False,False
INT_AGE_X_POWER,GEE_NB_Exch,INT_AGE_X_POWER_GEE_NB_Exch,CZ,CZ_int_age_x_power,False,age_x_power,Intercept,0.0478,0.0377,0.0606,0.0,219878,405,1.048958,0.1667,fp_count ~ Speaker_gender + I((Speaker_age_at_session - 50.381261) / 10) + scale(speech_rate_syll) + Sentiment_label_float + Party_status + Party_orientation_float + I((Speaker_age_at_session - 50.381261) / 10) : Party_status,syll,Speaker_ID,2026-06-19_15-43-51,,,,,False,False
INT_AGE_X_POWER,GEE_NB_Exch,INT_AGE_X_POWER_GEE_NB_Exch,CZ,CZ_int_age_x_power,False,age_x_power,Speaker_gender[T.M],1.0181,0.7811,1.327,0.8944,219878,405,1.048958,0.1667,fp_count ~ Speaker_gender + I((Speaker_age_at_session - 50.381261) / 10) + scale(speech_rate_syll) + Sentiment_label_float + Party_status + Party_orientation_float + I((Speaker_age_at_session - 50.381261) / 10) : Party_status,syll,Speaker_ID,2026-06-19_15-43-51,,,,,False,False
INT_AGE_X_POWER,GEE_NB_Exch,INT_AGE_X_POWER_GEE_NB_Exch,CZ,CZ_int_age_x_power,False,age_x_power,I((Speaker_age_at_session - 50.381261) / 10),0.9495,0.8644,1.043,0.2794,219878,405,1.048958,0.1667,fp_count ~ Speaker_gender + I((Speaker_age_at_session - 50.381261) / 10) + scale(speech_rate_syll) + Sentiment_label_float + Party_status + Party_orientation_float + I((Speaker_age_at_session - 50.381261) / 10) : Party_status,syll,Speaker_ID,2026-06-19_15-43-51,,,,,False,False
INT_AGE_X_POWER,GEE_NB_Exch,INT_AGE_X_POWER_GEE_NB_Exch,CZ,CZ_int_age_x_power,False,age_x_power,scale(speech_rate_syll),0.5981,0.5749,0.6223,0.0,219878,405,1.048958,0.1667,fp_count ~ Speaker_gender + I((Speaker_age_at_session - 50.381261) / 10) + scale(speech_rate_syll) + Sentiment_label_float + Party_status + Party_orientation_float + I((Speaker_age_at_session - 50.381261) / 10) : Party_status,syll,Speaker_ID,2026-06-19_15-43-51,,,,,False,False
INT_AGE_X_POWER,GEE_NB_Exch,INT_AGE_X_POWER_GEE_NB_Exch,CZ,CZ_int_age_x_power,False,age_x_power,Sentiment_label_float,1.0554,1.0485,1.0624,0.0,219878,405,1.048958,0.1667,fp_count ~ Speaker_gender + I((Speaker_age_at_session - 50.381261) / 10) + scale(speech_rate_syll) + Sentiment_label_float + Party_status + Party_orientation_float + I((Speaker_age_at_session - 50.381261) / 10) : Party_status,syll,Speaker_ID,2026-06-19_15-43-51,,,,,False,False
INT_AGE_X_POWER,GEE_NB_Exch,INT_AGE_X_POWER_GEE_NB_Exch,CZ,CZ_int_age_x_power,False,age_x_power,Party_status,0.8947,0.8185,0.9779,0.0142,219878,405,1.048958,0.1667,fp_count ~ Speaker_gender + I((Speaker_age_at_session - 50.381261) / 10) + scale(speech_rate_syll) + Sentiment_label_float + Party_status + Party_orientation_float + I((Speaker_age_at_session - 50.381261) / 10) : Party_status,syll,Speaker_ID,2026-06-19_15-43-51,,,,,False,False
INT_AGE_X_POWER,GEE_NB_Exch,INT_AGE_X_POWER_GEE_NB_Exch,CZ,CZ_int_age_x_power,False,age_x_power,Party_orientation_float,1.0032,0.9225,1.0909,0.9412,219878,405,1.048958,0.1667,fp_count ~ Speaker_gender + I((Speaker_age_at_session - 50.381261) / 10) + scale(speech_rate_syll) + Sentiment_label_float + Party_status + Party_orientation_float + I((Speaker_age_at_session - 50.381261) / 10) : Party_status,syll,Speaker_ID,2026-06-19_15-43-51,,,,,False,False
INT_AGE_X_POWER,GEE_NB_Exch,INT_AGE_X_POWER_GEE_NB_Exch,CZ,CZ_int_age_x_power,False,age_x_power,I((Speaker_age_at_session - 50.381261) / 10):Party_status,0.8789,0.7961,0.9703,0.0105,219878,405,1.048958,0.1667,fp_count ~ Speaker_gender + I((Speaker_age_at_session - 50.381261) / 10) + scale(speech_rate_syll) + Sentiment_label_float + Party_status + Party_orientation_float + I((Speaker_age_at_session - 50.381261) / 10) : Party_status,syll,Speaker_ID,2026-06-19_15-43-51,,,,,False,False
INT_AGE_X_POWER,GEE_NB_Indep,INT_AGE_X_POWER_GEE_NB_Indep,CZ,CZ_int_age_x_power,False,age_x_power,Intercept,0.0465,0.0361,0.0598,0.0,219878,405,1.048958,,fp_count ~ Speaker_gender + I((Speaker_age_at_session - 50.381261) / 10) + scale(speech_rate_syll) + Sentiment_label_float + Party_status + Party_orientation_float + I((Speaker_age_at_session - 50.381261) / 10) : Party_status,syll,Speaker_ID,2026-06-19_15-43-51,,,,,False,False
INT_AGE_X_POWER,GEE_NB_Indep,INT_AGE_X_POWER_GEE_NB_Indep,CZ,CZ_int_age_x_power,False,age_x_power,Speaker_gender[T.M],1.1169,0.8334,1.4968,0.4593,219878,405,1.048958,,fp_count ~ Speaker_gender + I((Speaker_age_at_session - 50.381261) / 10) + scale(speech_rate_syll) + Sentiment_label_float + Party_status + Party_orientation_float + I((Speaker_age_at_session - 50.381261) / 10) : Party_status,syll,Speaker_ID,2026-06-19_15-43-51,,,,,False,False
INT_AGE_X_POWER,GEE_NB_Indep,INT_AGE_X_POWER_GEE_NB_Indep,CZ,CZ_int_age_x_power,False,age_x_power,I((Speaker_age_at_session - 50.381261) / 10),0.8306,0.7182,0.9606,0.0124,219878,405,1.048958,,fp_count ~ Speaker_gender + I((Speaker_age_at_session - 50.381261) / 10) + scale(speech_rate_syll) + Sentiment_label_float + Party_status + Party_orientation_float + I((Speaker_age_at_session - 50.381261) / 10) : Party_status,syll,Speaker_ID,2026-06-19_15-43-51,,,,,False,False
INT_AGE_X_POWER,GEE_NB_Indep,INT_AGE_X_POWER_GEE_NB_Indep,CZ,CZ_int_age_x_power,False,age_x_power,scale(speech_rate_syll),0.5824,0.552,0.6145,0.0,219878,405,1.048958,,fp_count ~ Speaker_gender + I((Speaker_age_at_session - 50.381261) / 10) + scale(speech_rate_syll) + Sentiment_label_float + Party_status + Party_orientation_float + I((Speaker_age_at_session - 50.381261) / 10) : Party_status,syll,Speaker_ID,2026-06-19_15-43-51,,,,,False,False
INT_AGE_X_POWER,GEE_NB_Indep,INT_AGE_X_POWER_GEE_NB_Indep,CZ,CZ_int_age_x_power,False,age_x_power,Sentiment_label_float,1.0701,1.0545,1.086,0.0,219878,405,1.048958,,fp_count ~ Speaker_gender + I((Speaker_age_at_session - 50.381261) / 10) + scale(speech_rate_syll) + Sentiment_label_float + Party_status + Party_orientation_float + I((Speaker_age_at_session - 50.381261) / 10) : Party_status,syll,Speaker_ID,2026-06-19_15-43-51,,,,,False,False
INT_AGE_X_POWER,GEE_NB_Indep,INT_AGE_X_POWER_GEE_NB_Indep,CZ,CZ_int_age_x_power,False,age_x_power,Party_status,0.777,0.6556,0.9207,0.0036,219878,405,1.048958,,fp_count ~ Speaker_gender + I((Speaker_age_at_session - 50.381261) / 10) + scale(speech_rate_syll) + Sentiment_label_float + Party_status + Party_orientation_float + I((Speaker_age_at_session - 50.381261) / 10) : Party_status,syll,Speaker_ID,2026-06-19_15-43-51,,,,,False,False
INT_AGE_X_POWER,GEE_NB_Indep,INT_AGE_X_POWER_GEE_NB_Indep,CZ,CZ_int_age_x_power,False,age_x_power,Party_orientation_float,1.0321,0.9594,1.1103,0.3969,219878,405,1.048958,,fp_count ~ Speaker_gender + I((Speaker_age_at_session - 50.381261) / 10) + scale(speech_rate_syll) + Sentiment_label_float + Party_status + Party_orientation_float + I((Speaker_age_at_session - 50.381261) / 10) : Party_status,syll,Speaker_ID,2026-06-19_15-43-51,,,,,False,False
INT_AGE_X_POWER,GEE_NB_Indep,INT_AGE_X_POWER_GEE_NB_Indep,CZ,CZ_int_age_x_power,False,age_x_power,I((Speaker_age_at_session - 50.381261) / 10):Party_status,0.8978,0.7374,1.0932,0.2833,219878,405,1.048958,,fp_count ~ Speaker_gender + I((Speaker_age_at_session - 50.381261) / 10) + scale(speech_rate_syll) + Sentiment_label_float + Party_status + Party_orientation_float + I((Speaker_age_at_session - 50.381261) / 10) : Party_status,syll,Speaker_ID,2026-06-19_15-43-51,,,,,False,False
INT_AGE_X_POWER,GLM_NB_Cluster,INT_AGE_X_POWER_GLM_NB_Cluster,CZ,CZ_int_age_x_power,False,age_x_power,Intercept,0.0465,0.0361,0.0599,0.0,219878,405,1.048958,,fp_count ~ Speaker_gender + I((Speaker_age_at_session - 50.381261) / 10) + scale(speech_rate_syll) + Sentiment_label_float + Party_status + Party_orientation_float + I((Speaker_age_at_session - 50.381261) / 10) : Party_status,syll,Speaker_ID,2026-06-19_15-43-51,,,,,False,False
INT_AGE_X_POWER,GLM_NB_Cluster,INT_AGE_X_POWER_GLM_NB_Cluster,CZ,CZ_int_age_x_power,False,age_x_power,Speaker_gender[T.M],1.1169,0.8361,1.4919,0.4543,219878,405,1.048958,,fp_count ~ Speaker_gender + I((Speaker_age_at_session - 50.381261) / 10) + scale(speech_rate_syll) + Sentiment_label_float + Party_status + Party_orientation_float + I((Speaker_age_at_session - 50.381261) / 10) : Party_status,syll,Speaker_ID,2026-06-19_15-43-51,,,,,False,False
INT_AGE_X_POWER,GLM_NB_Cluster,INT_AGE_X_POWER_GLM_NB_Cluster,CZ,CZ_int_age_x_power,False,age_x_power,I((Speaker_age_at_session - 50.381261) / 10),0.8306,0.7219,0.9558,0.0095,219878,405,1.048958,,fp_count ~ Speaker_gender + I((Speaker_age_at_session - 50.381261) / 10) + scale(speech_rate_syll) + Sentiment_label_float + Party_status + Party_orientation_float + I((Speaker_age_at_session - 50.381261) / 10) : Party_status,syll,Speaker_ID,2026-06-19_15-43-51,,,,,False,False
INT_AGE_X_POWER,GLM_NB_Cluster,INT_AGE_X_POWER_GLM_NB_Cluster,CZ,CZ_int_age_x_power,False,age_x_power,scale(speech_rate_syll),0.5824,0.5519,0.6147,0.0,219878,405,1.048958,,fp_count ~ Speaker_gender + I((Speaker_age_at_session - 50.381261) / 10) + scale(speech_rate_syll) + Sentiment_label_float + Party_status + Party_orientation_float + I((Speaker_age_at_session - 50.381261) / 10) : Party_status,syll,Speaker_ID,2026-06-19_15-43-51,,,,,False,False
INT_AGE_X_POWER,GLM_NB_Cluster,INT_AGE_X_POWER_GLM_NB_Cluster,CZ,CZ_int_age_x_power,False,age_x_power,Sentiment_label_float,1.0701,1.0543,1.0862,0.0,219878,405,1.048958,,fp_count ~ Speaker_gender + I((Speaker_age_at_session - 50.381261) / 10) + scale(speech_rate_syll) + Sentiment_label_float + Party_status + Party_orientation_float + I((Speaker_age_at_session - 50.381261) / 10) : Party_status,syll,Speaker_ID,2026-06-19_15-43-51,,,,,False,False
INT_AGE_X_POWER,GLM_NB_Cluster,INT_AGE_X_POWER_GLM_NB_Cluster,CZ,CZ_int_age_x_power,False,age_x_power,Party_status,0.777,0.6555,0.9209,0.0036,219878,405,1.048958,,fp_count ~ Speaker_gender + I((Speaker_age_at_session - 50.381261) / 10) + scale(speech_rate_syll) + Sentiment_label_float + Party_status + Party_orientation_float + I((Speaker_age_at_session - 50.381261) / 10) : Party_status,syll,Speaker_ID,2026-06-19_15-43-51,,,,,False,False
INT_AGE_X_POWER,GLM_NB_Cluster,INT_AGE_X_POWER_GLM_NB_Cluster,CZ,CZ_int_age_x_power,False,age_x_power,Party_orientation_float,1.0321,0.954,1.1166,0.4315,219878,405,1.048958,,fp_count ~ Speaker_gender + I((Speaker_age_at_session - 50.381261) / 10) + scale(speech_rate_syll) + Sentiment_label_float + Party_status + Party_orientation_float + I((Speaker_age_at_session - 50.381261) / 10) : Party_status,syll,Speaker_ID,2026-06-19_15-43-51,,,,,False,False
INT_AGE_X_POWER,GLM_NB_Cluster,INT_AGE_X_POWER_GLM_NB_Cluster,CZ,CZ_int_age_x_power,False,age_x_power,I((Speaker_age_at_session - 50.381261) / 10):Party_status,0.8978,0.7414,1.0872,0.2697,219878,405,1.048958,,fp_count ~ Speaker_gender + I((Speaker_age_at_session - 50.381261) / 10) + scale(speech_rate_syll) + Sentiment_label_float + Party_status + Party_orientation_float + I((Speaker_age_at_session - 50.381261) / 10) : Party_status,syll,Speaker_ID,2026-06-19_15-43-51,,,,,False,False
INT_AGE_X_POWER,GLM_NB,INT_AGE_X_POWER_GLM_NB,CZ,CZ_int_age_x_power,False,age_x_power,Intercept,0.0465,0.0455,0.0475,0.0,219878,405,1.048958,,fp_count ~ Speaker_gender + I((Speaker_age_at_session - 50.381261) / 10) + scale(speech_rate_syll) + Sentiment_label_float + Party_status + Party_orientation_float + I((Speaker_age_at_session - 50.381261) / 10) : Party_status,syll,Speaker_ID,2026-06-19_15-43-51,,,,,False,False
INT_AGE_X_POWER,GLM_NB,INT_AGE_X_POWER_GLM_NB,CZ,CZ_int_age_x_power,False,age_x_power,Speaker_gender[T.M],1.1169,1.0964,1.1377,0.0,219878,405,1.048958,,fp_count ~ Speaker_gender + I((Speaker_age_at_session - 50.381261) / 10) + scale(speech_rate_syll) + Sentiment_label_float + Party_status + Party_orientation_float + I((Speaker_age_at_session - 50.381261) / 10) : Party_status,syll,Speaker_ID,2026-06-19_15-43-51,,,,,False,False
INT_AGE_X_POWER,GLM_NB,INT_AGE_X_POWER_GLM_NB,CZ,CZ_int_age_x_power,False,age_x_power,I((Speaker_age_at_session - 50.381261) / 10),0.8306,0.8183,0.8431,0.0,219878,405,1.048958,,fp_count ~ Speaker_gender + I((Speaker_age_at_session - 50.381261) / 10) + scale(speech_rate_syll) + Sentiment_label_float + Party_status + Party_orientation_float + I((Speaker_age_at_session - 50.381261) / 10) : Party_status,syll,Speaker_ID,2026-06-19_15-43-51,,,,,False,False
INT_AGE_X_POWER,GLM_NB,INT_AGE_X_POWER_GLM_NB,CZ,CZ_int_age_x_power,False,age_x_power,scale(speech_rate_syll),0.5824,0.5774,0.5875,0.0,219878,405,1.048958,,fp_count ~ Speaker_gender + I((Speaker_age_at_session - 50.381261) / 10) + scale(speech_rate_syll) + Sentiment_label_float + Party_status + Party_orientation_float + I((Speaker_age_at_session - 50.381261) / 10) : Party_status,syll,Speaker_ID,2026-06-19_15-43-51,,,,,False,False
INT_AGE_X_POWER,GLM_NB,INT_AGE_X_POWER_GLM_NB,CZ,CZ_int_age_x_power,False,age_x_power,Sentiment_label_float,1.0701,1.0656,1.0747,0.0,219878,405,1.048958,,fp_count ~ Speaker_gender + I((Speaker_age_at_session - 50.381261) / 10) + scale(speech_rate_syll) + Sentiment_label_float + Party_status + Party_orientation_float + I((Speaker_age_at_session - 50.381261) / 10) : Party_status,syll,Speaker_ID,2026-06-19_15-43-51,,,,,False,False
INT_AGE_X_POWER,GLM_NB,INT_AGE_X_POWER_GLM_NB,CZ,CZ_int_age_x_power,False,age_x_power,Party_status,0.777,0.7638,0.7904,0.0,219878,405,1.048958,,fp_count ~ Speaker_gender + I((Speaker_age_at_session - 50.381261) / 10) + scale(speech_rate_syll) + Sentiment_label_float + Party_status + Party_orientation_float + I((Speaker_age_at_session - 50.381261) / 10) : Party_status,syll,Speaker_ID,2026-06-19_15-43-51,,,,,False,False
INT_AGE_X_POWER,GLM_NB,INT_AGE_X_POWER_GLM_NB,CZ,CZ_int_age_x_power,False,age_x_power,Party_orientation_float,1.0321,1.0256,1.0386,0.0,219878,405,1.048958,,fp_count ~ Speaker_gender + I((Speaker_age_at_session - 50.381261) / 10) + scale(speech_rate_syll) + Sentiment_label_float + Party_status + Party_orientation_float + I((Speaker_age_at_session - 50.381261) / 10) : Party_status,syll,Speaker_ID,2026-06-19_15-43-51,,,,,False,False
INT_AGE_X_POWER,GLM_NB,INT_AGE_X_POWER_GLM_NB,CZ,CZ_int_age_x_power,False,age_x_power,I((Speaker_age_at_session - 50.381261) / 10):Party_status,0.8978,0.8823,0.9137,0.0,219878,405,1.048958,,fp_count ~ Speaker_gender + I((Speaker_age_at_session - 50.381261) / 10) + scale(speech_rate_syll) + Sentiment_label_float + Party_status + Party_orientation_float + I((Speaker_age_at_session - 50.381261) / 10) : Party_status,syll,Speaker_ID,2026-06-19_15-43-51,,,,,False,False
INT_AGE_X_ORIENTATION,GEE_NB_Exch,INT_AGE_X_ORIENTATION_GEE_NB_Exch,HR,HR_int_age_x_orientation,False,age_x_orientation,Intercept,0.0457,0.0372,0.0563,0.0,484243,280,1.744868,0.0490,fp_count ~ Speaker_gender + I((Speaker_age_at_session - 49.556365) / 10) + scale(speech_rate_syll) + Sentiment_label_float + Party_status + Party_orientation_float + I((Speaker_age_at_session - 49.556365) / 10) : Party_orientation_float,syll,Speaker_ID,2026-06-19_15-43-51,,,,,False,False
INT_AGE_X_ORIENTATION,GEE_NB_Exch,INT_AGE_X_ORIENTATION_GEE_NB_Exch,HR,HR_int_age_x_orientation,False,age_x_orientation,Speaker_gender[T.M],0.4417,0.3384,0.5766,0.0,484243,280,1.744868,0.0490,fp_count ~ Speaker_gender + I((Speaker_age_at_session - 49.556365) / 10) + scale(speech_rate_syll) + Sentiment_label_float + Party_status + Party_orientation_float + I((Speaker_age_at_session - 49.556365) / 10) : Party_orientation_float,syll,Speaker_ID,2026-06-19_15-43-51,,,,,False,False
INT_AGE_X_ORIENTATION,GEE_NB_Exch,INT_AGE_X_ORIENTATION_GEE_NB_Exch,HR,HR_int_age_x_orientation,False,age_x_orientation,I((Speaker_age_at_session - 49.556365) / 10),0.7404,0.6545,0.8377,0.0,484243,280,1.744868,0.0490,fp_count ~ Speaker_gender + I((Speaker_age_at_session - 49.556365) / 10) + scale(speech_rate_syll) + Sentiment_label_float + Party_status + Party_orientation_float + I((Speaker_age_at_session - 49.556365) / 10) : Party_orientation_float,syll,Speaker_ID,2026-06-19_15-43-51,,,,,False,False
INT_AGE_X_ORIENTATION,GEE_NB_Exch,INT_AGE_X_ORIENTATION_GEE_NB_Exch,HR,HR_int_age_x_orientation,False,age_x_orientation,scale(speech_rate_syll),0.6649,0.6432,0.6874,0.0,484243,280,1.744868,0.0490,fp_count ~ Speaker_gender + I((Speaker_age_at_session - 49.556365) / 10) + scale(speech_rate_syll) + Sentiment_label_float + Party_status + Party_orientation_float + I((Speaker_age_at_session - 49.556365) / 10) : Party_orientation_float,syll,Speaker_ID,2026-06-19_15-43-51,,,,,False,False
INT_AGE_X_ORIENTATION,GEE_NB_Exch,INT_AGE_X_ORIENTATION_GEE_NB_Exch,HR,HR_int_age_x_orientation,False,age_x_orientation,Sentiment_label_float,1.05,1.0405,1.0596,0.0,484243,280,1.744868,0.0490,fp_count ~ Speaker_gender + I((Speaker_age_at_session - 49.556365) / 10) + scale(speech_rate_syll) + Sentiment_label_float + Party_status + Party_orientation_float + I((Speaker_age_at_session - 49.556365) / 10) : Party_orientation_float,syll,Speaker_ID,2026-06-19_15-43-51,,,,,False,False
INT_AGE_X_ORIENTATION,GEE_NB_Exch,INT_AGE_X_ORIENTATION_GEE_NB_Exch,HR,HR_int_age_x_orientation,False,age_x_orientation,Party_status,0.9052,0.7808,1.0494,0.1866,484243,280,1.744868,0.0490,fp_count ~ Speaker_gender + I((Speaker_age_at_session - 49.556365) / 10) + scale(speech_rate_syll) + Sentiment_label_float + Party_status + Party_orientation_float + I((Speaker_age_at_session - 49.556365) / 10) : Party_orientation_float,syll,Speaker_ID,2026-06-19_15-43-51,,,,,False,False
INT_AGE_X_ORIENTATION,GEE_NB_Exch,INT_AGE_X_ORIENTATION_GEE_NB_Exch,HR,HR_int_age_x_orientation,False,age_x_orientation,Party_orientation_float,0.8888,0.7908,0.999,0.0481,484243,280,1.744868,0.0490,fp_count ~ Speaker_gender + I((Speaker_age_at_session - 49.556365) / 10) + scale(speech_rate_syll) + Sentiment_label_float + Party_status + Party_orientation_float + I((Speaker_age_at_session - 49.556365) / 10) : Party_orientation_float,syll,Speaker_ID,2026-06-19_15-43-51,,,,,False,False
INT_AGE_X_ORIENTATION,GEE_NB_Exch,INT_AGE_X_ORIENTATION_GEE_NB_Exch,HR,HR_int_age_x_orientation,False,age_x_orientation,I((Speaker_age_at_session - 49.556365) / 10):Party_orientation_float,1.0643,0.9531,1.1885,0.2683,484243,280,1.744868,0.0490,fp_count ~ Speaker_gender + I((Speaker_age_at_session - 49.556365) / 10) + scale(speech_rate_syll) + Sentiment_label_float + Party_status + Party_orientation_float + I((Speaker_age_at_session - 49.556365) / 10) : Party_orientation_float,syll,Speaker_ID,2026-06-19_15-43-51,,,,,False,False
INT_AGE_X_ORIENTATION,GEE_NB_Indep,INT_AGE_X_ORIENTATION_GEE_NB_Indep,HR,HR_int_age_x_orientation,False,age_x_orientation,Intercept,0.0466,0.0403,0.0539,0.0,484243,280,1.744868,,fp_count ~ Speaker_gender + I((Speaker_age_at_session - 49.556365) / 10) + scale(speech_rate_syll) + Sentiment_label_float + Party_status + Party_orientation_float + I((Speaker_age_at_session - 49.556365) / 10) : Party_orientation_float,syll,Speaker_ID,2026-06-19_15-43-51,,,,,False,False
INT_AGE_X_ORIENTATION,GEE_NB_Indep,INT_AGE_X_ORIENTATION_GEE_NB_Indep,HR,HR_int_age_x_orientation,False,age_x_orientation,Speaker_gender[T.M],0.5299,0.4437,0.6328,0.0,484243,280,1.744868,,fp_count ~ Speaker_gender + I((Speaker_age_at_session - 49.556365) / 10) + scale(speech_rate_syll) + Sentiment_label_float + Party_status + Party_orientation_float + I((Speaker_age_at_session - 49.556365) / 10) : Party_orientation_float,syll,Speaker_ID,2026-06-19_15-43-51,,,,,False,False
INT_AGE_X_ORIENTATION,GEE_NB_Indep,INT_AGE_X_ORIENTATION_GEE_NB_Indep,HR,HR_int_age_x_orientation,False,age_x_orientation,I((Speaker_age_at_session - 49.556365) / 10),0.8905,0.7974,0.9945,0.0396,484243,280,1.744868,,fp_count ~ Speaker_gender + I((Speaker_age_at_session - 49.556365) / 10) + scale(speech_rate_syll) + Sentiment_label_float + Party_status + Party_orientation_float + I((Speaker_age_at_session - 49.556365) / 10) : Party_orientation_float,syll,Speaker_ID,2026-06-19_15-43-51,,,,,False,False
INT_AGE_X_ORIENTATION,GEE_NB_Indep,INT_AGE_X_ORIENTATION_GEE_NB_Indep,HR,HR_int_age_x_orientation,False,age_x_orientation,scale(speech_rate_syll),0.6987,0.6633,0.736,0.0,484243,280,1.744868,,fp_count ~ Speaker_gender + I((Speaker_age_at_session - 49.556365) / 10) + scale(speech_rate_syll) + Sentiment_label_float + Party_status + Party_orientation_float + I((Speaker_age_at_session - 49.556365) / 10) : Party_orientation_float,syll,Speaker_ID,2026-06-19_15-43-51,,,,,False,False
INT_AGE_X_ORIENTATION,GEE_NB_Indep,INT_AGE_X_ORIENTATION_GEE_NB_Indep,HR,HR_int_age_x_orientation,False,age_x_orientation,Sentiment_label_float,1.056,1.0372,1.0752,0.0,484243,280,1.744868,,fp_count ~ Speaker_gender + I((Speaker_age_at_session - 49.556365) / 10) + scale(speech_rate_syll) + Sentiment_label_float + Party_status + Party_orientation_float + I((Speaker_age_at_session - 49.556365) / 10) : Party_orientation_float,syll,Speaker_ID,2026-06-19_15-43-51,,,,,False,False
INT_AGE_X_ORIENTATION,GEE_NB_Indep,INT_AGE_X_ORIENTATION_GEE_NB_Indep,HR,HR_int_age_x_orientation,False,age_x_orientation,Party_status,0.7111,0.5617,0.9004,0.0046,484243,280,1.744868,,fp_count ~ Speaker_gender + I((Speaker_age_at_session - 49.556365) / 10) + scale(speech_rate_syll) + Sentiment_label_float + Party_status + Party_orientation_float + I((Speaker_age_at_session - 49.556365) / 10) : Party_orientation_float,syll,Speaker_ID,2026-06-19_15-43-51,,,,,False,False
INT_AGE_X_ORIENTATION,GEE_NB_Indep,INT_AGE_X_ORIENTATION_GEE_NB_Indep,HR,HR_int_age_x_orientation,False,age_x_orientation,Party_orientation_float,1.01,0.9287,1.0985,0.816,484243,280,1.744868,,fp_count ~ Speaker_gender + I((Speaker_age_at_session - 49.556365) / 10) + scale(speech_rate_syll) + Sentiment_label_float + Party_status + Party_orientation_float + I((Speaker_age_at_session - 49.556365) / 10) : Party_orientation_float,syll,Speaker_ID,2026-06-19_15-43-51,,,,,False,False
INT_AGE_X_ORIENTATION,GEE_NB_Indep,INT_AGE_X_ORIENTATION_GEE_NB_Indep,HR,HR_int_age_x_orientation,False,age_x_orientation,I((Speaker_age_at_session - 49.556365) / 10):Party_orientation_float,1.0723,0.9758,1.1783,0.147,484243,280,1.744868,,fp_count ~ Speaker_gender + I((Speaker_age_at_session - 49.556365) / 10) + scale(speech_rate_syll) + Sentiment_label_float + Party_status + Party_orientation_float + I((Speaker_age_at_session - 49.556365) / 10) : Party_orientation_float,syll,Speaker_ID,2026-06-19_15-43-51,,,,,False,False
INT_AGE_X_ORIENTATION,GLM_NB_Cluster,INT_AGE_X_ORIENTATION_GLM_NB_Cluster,HR,HR_int_age_x_orientation,False,age_x_orientation,Intercept,0.0466,0.0402,0.054,0.0,484243,280,1.744868,,fp_count ~ Speaker_gender + I((Speaker_age_at_session - 49.556365) / 10) + scale(speech_rate_syll) + Sentiment_label_float + Party_status + Party_orientation_float + I((Speaker_age_at_session - 49.556365) / 10) : Party_orientation_float,syll,Speaker_ID,2026-06-19_15-43-51,,,,,False,False
INT_AGE_X_ORIENTATION,GLM_NB_Cluster,INT_AGE_X_ORIENTATION_GLM_NB_Cluster,HR,HR_int_age_x_orientation,False,age_x_orientation,Speaker_gender[T.M],0.5299,0.4426,0.6344,0.0,484243,280,1.744868,,fp_count ~ Speaker_gender + I((Speaker_age_at_session - 49.556365) / 10) + scale(speech_rate_syll) + Sentiment_label_float + Party_status + Party_orientation_float + I((Speaker_age_at_session - 49.556365) / 10) : Party_orientation_float,syll,Speaker_ID,2026-06-19_15-43-51,,,,,False,False
INT_AGE_X_ORIENTATION,GLM_NB_Cluster,INT_AGE_X_ORIENTATION_GLM_NB_Cluster,HR,HR_int_age_x_orientation,False,age_x_orientation,I((Speaker_age_at_session - 49.556365) / 10),0.8905,0.7964,0.9958,0.042,484243,280,1.744868,,fp_count ~ Speaker_gender + I((Speaker_age_at_session - 49.556365) / 10) + scale(speech_rate_syll) + Sentiment_label_float + Party_status + Party_orientation_float + I((Speaker_age_at_session - 49.556365) / 10) : Party_orientation_float,syll,Speaker_ID,2026-06-19_15-43-51,,,,,False,False
INT_AGE_X_ORIENTATION,GLM_NB_Cluster,INT_AGE_X_ORIENTATION_GLM_NB_Cluster,HR,HR_int_age_x_orientation,False,age_x_orientation,scale(speech_rate_syll),0.6987,0.661,0.7386,0.0,484243,280,1.744868,,fp_count ~ Speaker_gender + I((Speaker_age_at_session - 49.556365) / 10) + scale(speech_rate_syll) + Sentiment_label_float + Party_status + Party_orientation_float + I((Speaker_age_at_session - 49.556365) / 10) : Party_orientation_float,syll,Speaker_ID,2026-06-19_15-43-51,,,,,False,False
INT_AGE_X_ORIENTATION,GLM_NB_Cluster,INT_AGE_X_ORIENTATION_GLM_NB_Cluster,HR,HR_int_age_x_orientation,False,age_x_orientation,Sentiment_label_float,1.056,1.0368,1.0756,0.0,484243,280,1.744868,,fp_count ~ Speaker_gender + I((Speaker_age_at_session - 49.556365) / 10) + scale(speech_rate_syll) + Sentiment_label_float + Party_status + Party_orientation_float + I((Speaker_age_at_session - 49.556365) / 10) : Party_orientation_float,syll,Speaker_ID,2026-06-19_15-43-51,,,,,False,False
INT_AGE_X_ORIENTATION,GLM_NB_Cluster,INT_AGE_X_ORIENTATION_GLM_NB_Cluster,HR,HR_int_age_x_orientation,False,age_x_orientation,Party_status,0.7111,0.5562,0.9093,0.0066,484243,280,1.744868,,fp_count ~ Speaker_gender + I((Speaker_age_at_session - 49.556365) / 10) + scale(speech_rate_syll) + Sentiment_label_float + Party_status + Party_orientation_float + I((Speaker_age_at_session - 49.556365) / 10) : Party_orientation_float,syll,Speaker_ID,2026-06-19_15-43-51,,,,,False,False
INT_AGE_X_ORIENTATION,GLM_NB_Cluster,INT_AGE_X_ORIENTATION_GLM_NB_Cluster,HR,HR_int_age_x_orientation,False,age_x_orientation,Party_orientation_float,1.01,0.9266,1.101,0.8208,484243,280,1.744868,,fp_count ~ Speaker_gender + I((Speaker_age_at_session - 49.556365) / 10) + scale(speech_rate_syll) + Sentiment_label_float + Party_status + Party_orientation_float + I((Speaker_age_at_session - 49.556365) / 10) : Party_orientation_float,syll,Speaker_ID,2026-06-19_15-43-51,,,,,False,False
INT_AGE_X_ORIENTATION,GLM_NB_Cluster,INT_AGE_X_ORIENTATION_GLM_NB_Cluster,HR,HR_int_age_x_orientation,False,age_x_orientation,I((Speaker_age_at_session - 49.556365) / 10):Party_orientation_float,1.0723,0.9726,1.1822,0.161,484243,280,1.744868,,fp_count ~ Speaker_gender + I((Speaker_age_at_session - 49.556365) / 10) + scale(speech_rate_syll) + Sentiment_label_float + Party_status + Party_orientation_float + I((Speaker_age_at_session - 49.556365) / 10) : Party_orientation_float,syll,Speaker_ID,2026-06-19_15-43-51,,,,,False,False
INT_AGE_X_ORIENTATION,GLM_NB,INT_AGE_X_ORIENTATION_GLM_NB,HR,HR_int_age_x_orientation,False,age_x_orientation,Intercept,0.0466,0.0461,0.0471,0.0,484243,280,1.744868,,fp_count ~ Speaker_gender + I((Speaker_age_at_session - 49.556365) / 10) + scale(speech_rate_syll) + Sentiment_label_float + Party_status + Party_orientation_float + I((Speaker_age_at_session - 49.556365) / 10) : Party_orientation_float,syll,Speaker_ID,2026-06-19_15-43-51,,,,,False,False
INT_AGE_X_ORIENTATION,GLM_NB,INT_AGE_X_ORIENTATION_GLM_NB,HR,HR_int_age_x_orientation,False,age_x_orientation,Speaker_gender[T.M],0.5299,0.5229,0.5369,0.0,484243,280,1.744868,,fp_count ~ Speaker_gender + I((Speaker_age_at_session - 49.556365) / 10) + scale(speech_rate_syll) + Sentiment_label_float + Party_status + Party_orientation_float + I((Speaker_age_at_session - 49.556365) / 10) : Party_orientation_float,syll,Speaker_ID,2026-06-19_15-43-51,,,,,False,False
INT_AGE_X_ORIENTATION,GLM_NB,INT_AGE_X_ORIENTATION_GLM_NB,HR,HR_int_age_x_orientation,False,age_x_orientation,I((Speaker_age_at_session - 49.556365) / 10),0.8905,0.8843,0.8968,0.0,484243,280,1.744868,,fp_count ~ Speaker_gender + I((Speaker_age_at_session - 49.556365) / 10) + scale(speech_rate_syll) + Sentiment_label_float + Party_status + Party_orientation_float + I((Speaker_age_at_session - 49.556365) / 10) : Party_orientation_float,syll,Speaker_ID,2026-06-19_15-43-51,,,,,False,False
INT_AGE_X_ORIENTATION,GLM_NB,INT_AGE_X_ORIENTATION_GLM_NB,HR,HR_int_age_x_orientation,False,age_x_orientation,scale(speech_rate_syll),0.6987,0.694,0.7034,0.0,484243,280,1.744868,,fp_count ~ Speaker_gender + I((Speaker_age_at_session - 49.556365) / 10) + scale(speech_rate_syll) + Sentiment_label_float + Party_status + Party_orientation_float + I((Speaker_age_at_session - 49.556365) / 10) : Party_orientation_float,syll,Speaker_ID,2026-06-19_15-43-51,,,,,False,False
INT_AGE_X_ORIENTATION,GLM_NB,INT_AGE_X_ORIENTATION_GLM_NB,HR,HR_int_age_x_orientation,False,age_x_orientation,Sentiment_label_float,1.056,1.0526,1.0594,0.0,484243,280,1.744868,,fp_count ~ Speaker_gender + I((Speaker_age_at_session - 49.556365) / 10) + scale(speech_rate_syll) + Sentiment_label_float + Party_status + Party_orientation_float + I((Speaker_age_at_session - 49.556365) / 10) : Party_orientation_float,syll,Speaker_ID,2026-06-19_15-43-51,,,,,False,False
INT_AGE_X_ORIENTATION,GLM_NB,INT_AGE_X_ORIENTATION_GLM_NB,HR,HR_int_age_x_orientation,False,age_x_orientation,Party_status,0.7111,0.6995,0.7229,0.0,484243,280,1.744868,,fp_count ~ Speaker_gender + I((Speaker_age_at_session - 49.556365) / 10) + scale(speech_rate_syll) + Sentiment_label_float + Party_status + Party_orientation_float + I((Speaker_age_at_session - 49.556365) / 10) : Party_orientation_float,syll,Speaker_ID,2026-06-19_15-43-51,,,,,False,False
INT_AGE_X_ORIENTATION,GLM_NB,INT_AGE_X_ORIENTATION_GLM_NB,HR,HR_int_age_x_orientation,False,age_x_orientation,Party_orientation_float,1.01,1.0043,1.0157,0.0005,484243,280,1.744868,,fp_count ~ Speaker_gender + I((Speaker_age_at_session - 49.556365) / 10) + scale(speech_rate_syll) + Sentiment_label_float + Party_status + Party_orientation_float + I((Speaker_age_at_session - 49.556365) / 10) : Party_orientation_float,syll,Speaker_ID,2026-06-19_15-43-51,,,,,False,False
INT_AGE_X_ORIENTATION,GLM_NB,INT_AGE_X_ORIENTATION_GLM_NB,HR,HR_int_age_x_orientation,False,age_x_orientation,I((Speaker_age_at_session - 49.556365) / 10):Party_orientation_float,1.0723,1.0655,1.0791,0.0,484243,280,1.744868,,fp_count ~ Speaker_gender + I((Speaker_age_at_session - 49.556365) / 10) + scale(speech_rate_syll) + Sentiment_label_float + Party_status + Party_orientation_float + I((Speaker_age_at_session - 49.556365) / 10) : Party_orientation_float,syll,Speaker_ID,2026-06-19_15-43-51,,,,,False,False
INT_AGE_X_POWER,GEE_NB_Exch,INT_AGE_X_POWER_GEE_NB_Exch,PL,PL_int_age_x_power,False,age_x_power,Intercept,0.0556,0.0441,0.0702,0.0,117305,342,1.219016,0.2614,fp_count ~ Speaker_gender + I((Speaker_age_at_session - 51.186846) / 10) + scale(speech_rate_syll) + Sentiment_label_float + Party_status + Party_orientation_float + I((Speaker_age_at_session - 51.186846) / 10) : Party_status,syll,Speaker_ID,2026-06-19_15-43-51,,,,,False,False
INT_AGE_X_POWER,GEE_NB_Exch,INT_AGE_X_POWER_GEE_NB_Exch,PL,PL_int_age_x_power,False,age_x_power,Speaker_gender[T.M],1.0772,0.8711,1.3321,0.4925,117305,342,1.219016,0.2614,fp_count ~ Speaker_gender + I((Speaker_age_at_session - 51.186846) / 10) + scale(speech_rate_syll) + Sentiment_label_float + Party_status + Party_orientation_float + I((Speaker_age_at_session - 51.186846) / 10) : Party_status,syll,Speaker_ID,2026-06-19_15-43-51,,,,,False,False
INT_AGE_X_POWER,GEE_NB_Exch,INT_AGE_X_POWER_GEE_NB_Exch,PL,PL_int_age_x_power,False,age_x_power,I((Speaker_age_at_session - 51.186846) / 10),1.0224,0.9164,1.1406,0.6915,117305,342,1.219016,0.2614,fp_count ~ Speaker_gender + I((Speaker_age_at_session - 51.186846) / 10) + scale(speech_rate_syll) + Sentiment_label_float + Party_status + Party_orientation_float + I((Speaker_age_at_session - 51.186846) / 10) : Party_status,syll,Speaker_ID,2026-06-19_15-43-51,,,,,False,False
INT_AGE_X_POWER,GEE_NB_Exch,INT_AGE_X_POWER_GEE_NB_Exch,PL,PL_int_age_x_power,False,age_x_power,scale(speech_rate_syll),0.6248,0.6104,0.6396,0.0,117305,342,1.219016,0.2614,fp_count ~ Speaker_gender + I((Speaker_age_at_session - 51.186846) / 10) + scale(speech_rate_syll) + Sentiment_label_float + Party_status + Party_orientation_float + I((Speaker_age_at_session - 51.186846) / 10) : Party_status,syll,Speaker_ID,2026-06-19_15-43-51,,,,,False,False
INT_AGE_X_POWER,GEE_NB_Exch,INT_AGE_X_POWER_GEE_NB_Exch,PL,PL_int_age_x_power,False,age_x_power,Sentiment_label_float,1.0249,1.0187,1.0312,0.0,117305,342,1.219016,0.2614,fp_count ~ Speaker_gender + I((Speaker_age_at_session - 51.186846) / 10) + scale(speech_rate_syll) + Sentiment_label_float + Party_status + Party_orientation_float + I((Speaker_age_at_session - 51.186846) / 10) : Party_status,syll,Speaker_ID,2026-06-19_15-43-51,,,,,False,False
INT_AGE_X_POWER,GEE_NB_Exch,INT_AGE_X_POWER_GEE_NB_Exch,PL,PL_int_age_x_power,False,age_x_power,Party_status,1.3133,1.0379,1.6618,0.0232,117305,342,1.219016,0.2614,fp_count ~ Speaker_gender + I((Speaker_age_at_session - 51.186846) / 10) + scale(speech_rate_syll) + Sentiment_label_float + Party_status + Party_orientation_float + I((Speaker_age_at_session - 51.186846) / 10) : Party_status,syll,Speaker_ID,2026-06-19_15-43-51,,,,,False,False
INT_AGE_X_POWER,GEE_NB_Exch,INT_AGE_X_POWER_GEE_NB_Exch,PL,PL_int_age_x_power,False,age_x_power,Party_orientation_float,1.1093,1.0109,1.2174,0.0286,117305,342,1.219016,0.2614,fp_count ~ Speaker_gender + I((Speaker_age_at_session - 51.186846) / 10) + scale(speech_rate_syll) + Sentiment_label_float + Party_status + Party_orientation_float + I((Speaker_age_at_session - 51.186846) / 10) : Party_status,syll,Speaker_ID,2026-06-19_15-43-51,,,,,False,False
INT_AGE_X_POWER,GEE_NB_Exch,INT_AGE_X_POWER_GEE_NB_Exch,PL,PL_int_age_x_power,False,age_x_power,I((Speaker_age_at_session - 51.186846) / 10):Party_status,1.0056,0.8651,1.1689,0.942,117305,342,1.219016,0.2614,fp_count ~ Speaker_gender + I((Speaker_age_at_session - 51.186846) / 10) + scale(speech_rate_syll) + Sentiment_label_float + Party_status + Party_orientation_float + I((Speaker_age_at_session - 51.186846) / 10) : Party_status,syll,Speaker_ID,2026-06-19_15-43-51,,,,,False,False
INT_AGE_X_POWER,GEE_NB_Indep,INT_AGE_X_POWER_GEE_NB_Indep,PL,PL_int_age_x_power,False,age_x_power,Intercept,0.0464,0.0344,0.0625,0.0,117305,342,1.219016,,fp_count ~ Speaker_gender + I((Speaker_age_at_session - 51.186846) / 10) + scale(speech_rate_syll) + Sentiment_label_float + Party_status + Party_orientation_float + I((Speaker_age_at_session - 51.186846) / 10) : Party_status,syll,Speaker_ID,2026-06-19_15-43-51,,,,,False,False
INT_AGE_X_POWER,GEE_NB_Indep,INT_AGE_X_POWER_GEE_NB_Indep,PL,PL_int_age_x_power,False,age_x_power,Speaker_gender[T.M],1.1154,0.8341,1.4917,0.4613,117305,342,1.219016,,fp_count ~ Speaker_gender + I((Speaker_age_at_session - 51.186846) / 10) + scale(speech_rate_syll) + Sentiment_label_float + Party_status + Party_orientation_float + I((Speaker_age_at_session - 51.186846) / 10) : Party_status,syll,Speaker_ID,2026-06-19_15-43-51,,,,,False,False
INT_AGE_X_POWER,GEE_NB_Indep,INT_AGE_X_POWER_GEE_NB_Indep,PL,PL_int_age_x_power,False,age_x_power,I((Speaker_age_at_session - 51.186846) / 10),0.8819,0.8062,0.9647,0.0061,117305,342,1.219016,,fp_count ~ Speaker_gender + I((Speaker_age_at_session - 51.186846) / 10) + scale(speech_rate_syll) + Sentiment_label_float + Party_status + Party_orientation_float + I((Speaker_age_at_session - 51.186846) / 10) : Party_status,syll,Speaker_ID,2026-06-19_15-43-51,,,,,False,False
INT_AGE_X_POWER,GEE_NB_Indep,INT_AGE_X_POWER_GEE_NB_Indep,PL,PL_int_age_x_power,False,age_x_power,scale(speech_rate_syll),0.5982,0.569,0.6289,0.0,117305,342,1.219016,,fp_count ~ Speaker_gender + I((Speaker_age_at_session - 51.186846) / 10) + scale(speech_rate_syll) + Sentiment_label_float + Party_status + Party_orientation_float + I((Speaker_age_at_session - 51.186846) / 10) : Party_status,syll,Speaker_ID,2026-06-19_15-43-51,,,,,False,False
INT_AGE_X_POWER,GEE_NB_Indep,INT_AGE_X_POWER_GEE_NB_Indep,PL,PL_int_age_x_power,False,age_x_power,Sentiment_label_float,1.0292,1.0149,1.0438,0.0001,117305,342,1.219016,,fp_count ~ Speaker_gender + I((Speaker_age_at_session - 51.186846) / 10) + scale(speech_rate_syll) + Sentiment_label_float + Party_status + Party_orientation_float + I((Speaker_age_at_session - 51.186846) / 10) : Party_status,syll,Speaker_ID,2026-06-19_15-43-51,,,,,False,False
INT_AGE_X_POWER,GEE_NB_Indep,INT_AGE_X_POWER_GEE_NB_Indep,PL,PL_int_age_x_power,False,age_x_power,Party_status,0.9176,0.6994,1.2039,0.5348,117305,342,1.219016,,fp_count ~ Speaker_gender + I((Speaker_age_at_session - 51.186846) / 10) + scale(speech_rate_syll) + Sentiment_label_float + Party_status + Party_orientation_float + I((Speaker_age_at_session - 51.186846) / 10) : Party_status,syll,Speaker_ID,2026-06-19_15-43-51,,,,,False,False
INT_AGE_X_POWER,GEE_NB_Indep,INT_AGE_X_POWER_GEE_NB_Indep,PL,PL_int_age_x_power,False,age_x_power,Party_orientation_float,1.0705,0.9512,1.2049,0.2584,117305,342,1.219016,,fp_count ~ Speaker_gender + I((Speaker_age_at_session - 51.186846) / 10) + scale(speech_rate_syll) + Sentiment_label_float + Party_status + Party_orientation_float + I((Speaker_age_at_session - 51.186846) / 10) : Party_status,syll,Speaker_ID,2026-06-19_15-43-51,,,,,False,False
INT_AGE_X_POWER,GEE_NB_Indep,INT_AGE_X_POWER_GEE_NB_Indep,PL,PL_int_age_x_power,False,age_x_power,I((Speaker_age_at_session - 51.186846) / 10):Party_status,1.0989,0.9331,1.2942,0.2585,117305,342,1.219016,,fp_count ~ Speaker_gender + I((Speaker_age_at_session - 51.186846) / 10) + scale(speech_rate_syll) + Sentiment_label_float + Party_status + Party_orientation_float + I((Speaker_age_at_session - 51.186846) / 10) : Party_status,syll,Speaker_ID,2026-06-19_15-43-51,,,,,False,False
INT_AGE_X_POWER,GLM_NB_Cluster,INT_AGE_X_POWER_GLM_NB_Cluster,PL,PL_int_age_x_power,False,age_x_power,Intercept,0.0464,0.0342,0.0628,0.0,117305,342,1.219016,,fp_count ~ Speaker_gender + I((Speaker_age_at_session - 51.186846) / 10) + scale(speech_rate_syll) + Sentiment_label_float + Party_status + Party_orientation_float + I((Speaker_age_at_session - 51.186846) / 10) : Party_status,syll,Speaker_ID,2026-06-19_15-43-51,,,,,False,False
INT_AGE_X_POWER,GLM_NB_Cluster,INT_AGE_X_POWER_GLM_NB_Cluster,PL,PL_int_age_x_power,False,age_x_power,Speaker_gender[T.M],1.1154,0.8354,1.4895,0.459,117305,342,1.219016,,fp_count ~ Speaker_gender + I((Speaker_age_at_session - 51.186846) / 10) + scale(speech_rate_syll) + Sentiment_label_float + Party_status + Party_orientation_float + I((Speaker_age_at_session - 51.186846) / 10) : Party_status,syll,Speaker_ID,2026-06-19_15-43-51,,,,,False,False
INT_AGE_X_POWER,GLM_NB_Cluster,INT_AGE_X_POWER_GLM_NB_Cluster,PL,PL_int_age_x_power,False,age_x_power,I((Speaker_age_at_session - 51.186846) / 10),0.8819,0.8054,0.9656,0.0066,117305,342,1.219016,,fp_count ~ Speaker_gender + I((Speaker_age_at_session - 51.186846) / 10) + scale(speech_rate_syll) + Sentiment_label_float + Party_status + Party_orientation_float + I((Speaker_age_at_session - 51.186846) / 10) : Party_status,syll,Speaker_ID,2026-06-19_15-43-51,,,,,False,False
INT_AGE_X_POWER,GLM_NB_Cluster,INT_AGE_X_POWER_GLM_NB_Cluster,PL,PL_int_age_x_power,False,age_x_power,scale(speech_rate_syll),0.5982,0.5673,0.6307,0.0,117305,342,1.219016,,fp_count ~ Speaker_gender + I((Speaker_age_at_session - 51.186846) / 10) + scale(speech_rate_syll) + Sentiment_label_float + Party_status + Party_orientation_float + I((Speaker_age_at_session - 51.186846) / 10) : Party_status,syll,Speaker_ID,2026-06-19_15-43-51,,,,,False,False
INT_AGE_X_POWER,GLM_NB_Cluster,INT_AGE_X_POWER_GLM_NB_Cluster,PL,PL_int_age_x_power,False,age_x_power,Sentiment_label_float,1.0292,1.0149,1.0438,0.0001,117305,342,1.219016,,fp_count ~ Speaker_gender + I((Speaker_age_at_session - 51.186846) / 10) + scale(speech_rate_syll) + Sentiment_label_float + Party_status + Party_orientation_float + I((Speaker_age_at_session - 51.186846) / 10) : Party_status,syll,Speaker_ID,2026-06-19_15-43-51,,,,,False,False
INT_AGE_X_POWER,GLM_NB_Cluster,INT_AGE_X_POWER_GLM_NB_Cluster,PL,PL_int_age_x_power,False,age_x_power,Party_status,0.9176,0.6933,1.2144,0.5475,117305,342,1.219016,,fp_count ~ Speaker_gender + I((Speaker_age_at_session - 51.186846) / 10) + scale(speech_rate_syll) + Sentiment_label_float + Party_status + Party_orientation_float + I((Speaker_age_at_session - 51.186846) / 10) : Party_status,syll,Speaker_ID,2026-06-19_15-43-51,,,,,False,False
INT_AGE_X_POWER,GLM_NB_Cluster,INT_AGE_X_POWER_GLM_NB_Cluster,PL,PL_int_age_x_power,False,age_x_power,Party_orientation_float,1.0705,0.9496,1.2068,0.2649,117305,342,1.219016,,fp_count ~ Speaker_gender + I((Speaker_age_at_session - 51.186846) / 10) + scale(speech_rate_syll) + Sentiment_label_float + Party_status + Party_orientation_float + I((Speaker_age_at_session - 51.186846) / 10) : Party_status,syll,Speaker_ID,2026-06-19_15-43-51,,,,,False,False
INT_AGE_X_POWER,GLM_NB_Cluster,INT_AGE_X_POWER_GLM_NB_Cluster,PL,PL_int_age_x_power,False,age_x_power,I((Speaker_age_at_session - 51.186846) / 10):Party_status,1.0989,0.9316,1.2962,0.2631,117305,342,1.219016,,fp_count ~ Speaker_gender + I((Speaker_age_at_session - 51.186846) / 10) + scale(speech_rate_syll) + Sentiment_label_float + Party_status + Party_orientation_float + I((Speaker_age_at_session - 51.186846) / 10) : Party_status,syll,Speaker_ID,2026-06-19_15-43-51,,,,,False,False
INT_AGE_X_POWER,GLM_NB,INT_AGE_X_POWER_GLM_NB,PL,PL_int_age_x_power,False,age_x_power,Intercept,0.0464,0.0451,0.0477,0.0,117305,342,1.219016,,fp_count ~ Speaker_gender + I((Speaker_age_at_session - 51.186846) / 10) + scale(speech_rate_syll) + Sentiment_label_float + Party_status + Party_orientation_float + I((Speaker_age_at_session - 51.186846) / 10) : Party_status,syll,Speaker_ID,2026-06-19_15-43-51,,,,,False,False
INT_AGE_X_POWER,GLM_NB,INT_AGE_X_POWER_GLM_NB,PL,PL_int_age_x_power,False,age_x_power,Speaker_gender[T.M],1.1154,1.0886,1.143,0.0,117305,342,1.219016,,fp_count ~ Speaker_gender + I((Speaker_age_at_session - 51.186846) / 10) + scale(speech_rate_syll) + Sentiment_label_float + Party_status + Party_orientation_float + I((Speaker_age_at_session - 51.186846) / 10) : Party_status,syll,Speaker_ID,2026-06-19_15-43-51,,,,,False,False
INT_AGE_X_POWER,GLM_NB,INT_AGE_X_POWER_GLM_NB,PL,PL_int_age_x_power,False,age_x_power,I((Speaker_age_at_session - 51.186846) / 10),0.8819,0.8707,0.8932,0.0,117305,342,1.219016,,fp_count ~ Speaker_gender + I((Speaker_age_at_session - 51.186846) / 10) + scale(speech_rate_syll) + Sentiment_label_float + Party_status + Party_orientation_float + I((Speaker_age_at_session - 51.186846) / 10) : Party_status,syll,Speaker_ID,2026-06-19_15-43-51,,,,,False,False
INT_AGE_X_POWER,GLM_NB,INT_AGE_X_POWER_GLM_NB,PL,PL_int_age_x_power,False,age_x_power,scale(speech_rate_syll),0.5982,0.5915,0.6049,0.0,117305,342,1.219016,,fp_count ~ Speaker_gender + I((Speaker_age_at_session - 51.186846) / 10) + scale(speech_rate_syll) + Sentiment_label_float + Party_status + Party_orientation_float + I((Speaker_age_at_session - 51.186846) / 10) : Party_status,syll,Speaker_ID,2026-06-19_15-43-51,,,,,False,False
INT_AGE_X_POWER,GLM_NB,INT_AGE_X_POWER_GLM_NB,PL,PL_int_age_x_power,False,age_x_power,Sentiment_label_float,1.0292,1.0233,1.0351,0.0,117305,342,1.219016,,fp_count ~ Speaker_gender + I((Speaker_age_at_session - 51.186846) / 10) + scale(speech_rate_syll) + Sentiment_label_float + Party_status + Party_orientation_float + I((Speaker_age_at_session - 51.186846) / 10) : Party_status,syll,Speaker_ID,2026-06-19_15-43-51,,,,,False,False
INT_AGE_X_POWER,GLM_NB,INT_AGE_X_POWER_GLM_NB,PL,PL_int_age_x_power,False,age_x_power,Party_status,0.9176,0.8918,0.9442,0.0,117305,342,1.219016,,fp_count ~ Speaker_gender + I((Speaker_age_at_session - 51.186846) / 10) + scale(speech_rate_syll) + Sentiment_label_float + Party_status + Party_orientation_float + I((Speaker_age_at_session - 51.186846) / 10) : Party_status,syll,Speaker_ID,2026-06-19_15-43-51,,,,,False,False
INT_AGE_X_POWER,GLM_NB,INT_AGE_X_POWER_GLM_NB,PL,PL_int_age_x_power,False,age_x_power,Party_orientation_float,1.0705,1.0599,1.0813,0.0,117305,342,1.219016,,fp_count ~ Speaker_gender + I((Speaker_age_at_session - 51.186846) / 10) + scale(speech_rate_syll) + Sentiment_label_float + Party_status + Party_orientation_float + I((Speaker_age_at_session - 51.186846) / 10) : Party_status,syll,Speaker_ID,2026-06-19_15-43-51,,,,,False,False
INT_AGE_X_POWER,GLM_NB,INT_AGE_X_POWER_GLM_NB,PL,PL_int_age_x_power,False,age_x_power,I((Speaker_age_at_session - 51.186846) / 10):Party_status,1.0989,1.0783,1.1199,0.0,117305,342,1.219016,,fp_count ~ Speaker_gender + I((Speaker_age_at_session - 51.186846) / 10) + scale(speech_rate_syll) + Sentiment_label_float + Party_status + Party_orientation_float + I((Speaker_age_at_session - 51.186846) / 10) : Party_status,syll,Speaker_ID,2026-06-19_15-43-51,,,,,False,False
INT_SENTIMENT_X_POWER,GEE_NB_Exch,INT_SENTIMENT_X_POWER_GEE_NB_Exch,PL,PL_int_sentiment_x_power,False,sentiment_x_power,Intercept,0.0563,0.0446,0.0711,0.0,117305,342,1.219961,0.2622,fp_count ~ Speaker_gender + I((Speaker_age_at_session - 51.186846) / 10) + scale(speech_rate_syll) + Sentiment_label_float + Party_status + Party_orientation_float + Sentiment_label_float : Party_status,syll,Speaker_ID,2026-06-19_15-43-51,,,,,False,False
INT_SENTIMENT_X_POWER,GEE_NB_Exch,INT_SENTIMENT_X_POWER_GEE_NB_Exch,PL,PL_int_sentiment_x_power,False,sentiment_x_power,Speaker_gender[T.M],1.0724,0.8682,1.3247,0.5168,117305,342,1.219961,0.2622,fp_count ~ Speaker_gender + I((Speaker_age_at_session - 51.186846) / 10) + scale(speech_rate_syll) + Sentiment_label_float + Party_status + Party_orientation_float + Sentiment_label_float : Party_status,syll,Speaker_ID,2026-06-19_15-43-51,,,,,False,False
INT_SENTIMENT_X_POWER,GEE_NB_Exch,INT_SENTIMENT_X_POWER_GEE_NB_Exch,PL,PL_int_sentiment_x_power,False,sentiment_x_power,I((Speaker_age_at_session - 51.186846) / 10),1.026,0.9508,1.1071,0.5087,117305,342,1.219961,0.2622,fp_count ~ Speaker_gender + I((Speaker_age_at_session - 51.186846) / 10) + scale(speech_rate_syll) + Sentiment_label_float + Party_status + Party_orientation_float + Sentiment_label_float : Party_status,syll,Speaker_ID,2026-06-19_15-43-51,,,,,False,False
INT_SENTIMENT_X_POWER,GEE_NB_Exch,INT_SENTIMENT_X_POWER_GEE_NB_Exch,PL,PL_int_sentiment_x_power,False,sentiment_x_power,scale(speech_rate_syll),0.625,0.6106,0.6398,0.0,117305,342,1.219961,0.2622,fp_count ~ Speaker_gender + I((Speaker_age_at_session - 51.186846) / 10) + scale(speech_rate_syll) + Sentiment_label_float + Party_status + Party_orientation_float + Sentiment_label_float : Party_status,syll,Speaker_ID,2026-06-19_15-43-51,,,,,False,False
INT_SENTIMENT_X_POWER,GEE_NB_Exch,INT_SENTIMENT_X_POWER_GEE_NB_Exch,PL,PL_int_sentiment_x_power,False,sentiment_x_power,Sentiment_label_float,1.0144,1.0055,1.0234,0.0015,117305,342,1.219961,0.2622,fp_count ~ Speaker_gender + I((Speaker_age_at_session - 51.186846) / 10) + scale(speech_rate_syll) + Sentiment_label_float + Party_status + Party_orientation_float + Sentiment_label_float : Party_status,syll,Speaker_ID,2026-06-19_15-43-51,,,,,False,False
INT_SENTIMENT_X_POWER,GEE_NB_Exch,INT_SENTIMENT_X_POWER_GEE_NB_Exch,PL,PL_int_sentiment_x_power,False,sentiment_x_power,Party_status,1.3115,1.0351,1.6617,0.0247,117305,342,1.219961,0.2622,fp_count ~ Speaker_gender + I((Speaker_age_at_session - 51.186846) / 10) + scale(speech_rate_syll) + Sentiment_label_float + Party_status + Party_orientation_float + Sentiment_label_float : Party_status,syll,Speaker_ID,2026-06-19_15-43-51,,,,,False,False
INT_SENTIMENT_X_POWER,GEE_NB_Exch,INT_SENTIMENT_X_POWER_GEE_NB_Exch,PL,PL_int_sentiment_x_power,False,sentiment_x_power,Party_orientation_float,1.1102,1.0099,1.2204,0.0304,117305,342,1.219961,0.2622,fp_count ~ Speaker_gender + I((Speaker_age_at_session - 51.186846) / 10) + scale(speech_rate_syll) + Sentiment_label_float + Party_status + Party_orientation_float + Sentiment_label_float : Party_status,syll,Speaker_ID,2026-06-19_15-43-51,,,,,False,False
INT_SENTIMENT_X_POWER,GEE_NB_Exch,INT_SENTIMENT_X_POWER_GEE_NB_Exch,PL,PL_int_sentiment_x_power,False,sentiment_x_power,Sentiment_label_float:Party_status,1.0241,1.0123,1.0361,0.0001,117305,342,1.219961,0.2622,fp_count ~ Speaker_gender + I((Speaker_age_at_session - 51.186846) / 10) + scale(speech_rate_syll) + Sentiment_label_float + Party_status + Party_orientation_float + Sentiment_label_float : Party_status,syll,Speaker_ID,2026-06-19_15-43-51,,,,,False,False
INT_SENTIMENT_X_POWER,GEE_NB_Indep,INT_SENTIMENT_X_POWER_GEE_NB_Indep,PL,PL_int_sentiment_x_power,False,sentiment_x_power,Intercept,0.0467,0.0347,0.0629,0.0,117305,342,1.219961,,fp_count ~ Speaker_gender + I((Speaker_age_at_session - 51.186846) / 10) + scale(speech_rate_syll) + Sentiment_label_float + Party_status + Party_orientation_float + Sentiment_label_float : Party_status,syll,Speaker_ID,2026-06-19_15-43-51,,,,,False,False
INT_SENTIMENT_X_POWER,GEE_NB_Indep,INT_SENTIMENT_X_POWER_GEE_NB_Indep,PL,PL_int_sentiment_x_power,False,sentiment_x_power,Speaker_gender[T.M],1.1339,0.8448,1.5219,0.4027,117305,342,1.219961,,fp_count ~ Speaker_gender + I((Speaker_age_at_session - 51.186846) / 10) + scale(speech_rate_syll) + Sentiment_label_float + Party_status + Party_orientation_float + Sentiment_label_float : Party_status,syll,Speaker_ID,2026-06-19_15-43-51,,,,,False,False
INT_SENTIMENT_X_POWER,GEE_NB_Indep,INT_SENTIMENT_X_POWER_GEE_NB_Indep,PL,PL_int_sentiment_x_power,False,sentiment_x_power,I((Speaker_age_at_session - 51.186846) / 10),0.9196,0.844,1.0019,0.0554,117305,342,1.219961,,fp_count ~ Speaker_gender + I((Speaker_age_at_session - 51.186846) / 10) + scale(speech_rate_syll) + Sentiment_label_float + Party_status + Party_orientation_float + Sentiment_label_float : Party_status,syll,Speaker_ID,2026-06-19_15-43-51,,,,,False,False
INT_SENTIMENT_X_POWER,GEE_NB_Indep,INT_SENTIMENT_X_POWER_GEE_NB_Indep,PL,PL_int_sentiment_x_power,False,sentiment_x_power,scale(speech_rate_syll),0.597,0.568,0.6276,0.0,117305,342,1.219961,,fp_count ~ Speaker_gender + I((Speaker_age_at_session - 51.186846) / 10) + scale(speech_rate_syll) + Sentiment_label_float + Party_status + Party_orientation_float + Sentiment_label_float : Party_status,syll,Speaker_ID,2026-06-19_15-43-51,,,,,False,False
INT_SENTIMENT_X_POWER,GEE_NB_Indep,INT_SENTIMENT_X_POWER_GEE_NB_Indep,PL,PL_int_sentiment_x_power,False,sentiment_x_power,Sentiment_label_float,1.0142,0.998,1.0307,0.0856,117305,342,1.219961,,fp_count ~ Speaker_gender + I((Speaker_age_at_session - 51.186846) / 10) + scale(speech_rate_syll) + Sentiment_label_float + Party_status + Party_orientation_float + Sentiment_label_float : Party_status,syll,Speaker_ID,2026-06-19_15-43-51,,,,,False,False
INT_SENTIMENT_X_POWER,GEE_NB_Indep,INT_SENTIMENT_X_POWER_GEE_NB_Indep,PL,PL_int_sentiment_x_power,False,sentiment_x_power,Party_status,0.9036,0.6913,1.181,0.4579,117305,342,1.219961,,fp_count ~ Speaker_gender + I((Speaker_age_at_session - 51.186846) / 10) + scale(speech_rate_syll) + Sentiment_label_float + Party_status + Party_orientation_float + Sentiment_label_float : Party_status,syll,Speaker_ID,2026-06-19_15-43-51,,,,,False,False
INT_SENTIMENT_X_POWER,GEE_NB_Indep,INT_SENTIMENT_X_POWER_GEE_NB_Indep,PL,PL_int_sentiment_x_power,False,sentiment_x_power,Party_orientation_float,1.0581,0.9384,1.1931,0.3566,117305,342,1.219961,,fp_count ~ Speaker_gender + I((Speaker_age_at_session - 51.186846) / 10) + scale(speech_rate_syll) + Sentiment_label_float + Party_status + Party_orientation_float + Sentiment_label_float : Party_status,syll,Speaker_ID,2026-06-19_15-43-51,,,,,False,False
INT_SENTIMENT_X_POWER,GEE_NB_Indep,INT_SENTIMENT_X_POWER_GEE_NB_Indep,PL,PL_int_sentiment_x_power,False,sentiment_x_power,Sentiment_label_float:Party_status,1.0343,1.0038,1.0657,0.027,117305,342,1.219961,,fp_count ~ Speaker_gender + I((Speaker_age_at_session - 51.186846) / 10) + scale(speech_rate_syll) + Sentiment_label_float + Party_status + Party_orientation_float + Sentiment_label_float : Party_status,syll,Speaker_ID,2026-06-19_15-43-51,,,,,False,False
INT_SENTIMENT_X_POWER,GLM_NB_Cluster,INT_SENTIMENT_X_POWER_GLM_NB_Cluster,PL,PL_int_sentiment_x_power,False,sentiment_x_power,Intercept,0.0467,0.0345,0.0631,0.0,117305,342,1.219961,,fp_count ~ Speaker_gender + I((Speaker_age_at_session - 51.186846) / 10) + scale(speech_rate_syll) + Sentiment_label_float + Party_status + Party_orientation_float + Sentiment_label_float : Party_status,syll,Speaker_ID,2026-06-19_15-43-51,,,,,False,False
INT_SENTIMENT_X_POWER,GLM_NB_Cluster,INT_SENTIMENT_X_POWER_GLM_NB_Cluster,PL,PL_int_sentiment_x_power,False,sentiment_x_power,Speaker_gender[T.M],1.1339,0.8468,1.5184,0.399,117305,342,1.219961,,fp_count ~ Speaker_gender + I((Speaker_age_at_session - 51.186846) / 10) + scale(speech_rate_syll) + Sentiment_label_float + Party_status + Party_orientation_float + Sentiment_label_float : Party_status,syll,Speaker_ID,2026-06-19_15-43-51,,,,,False,False
INT_SENTIMENT_X_POWER,GLM_NB_Cluster,INT_SENTIMENT_X_POWER_GLM_NB_Cluster,PL,PL_int_sentiment_x_power,False,sentiment_x_power,I((Speaker_age_at_session - 51.186846) / 10),0.9196,0.8445,1.0013,0.0536,117305,342,1.219961,,fp_count ~ Speaker_gender + I((Speaker_age_at_session - 51.186846) / 10) + scale(speech_rate_syll) + Sentiment_label_float + Party_status + Party_orientation_float + Sentiment_label_float : Party_status,syll,Speaker_ID,2026-06-19_15-43-51,,,,,False,False
INT_SENTIMENT_X_POWER,GLM_NB_Cluster,INT_SENTIMENT_X_POWER_GLM_NB_Cluster,PL,PL_int_sentiment_x_power,False,sentiment_x_power,scale(speech_rate_syll),0.597,0.5665,0.6293,0.0,117305,342,1.219961,,fp_count ~ Speaker_gender + I((Speaker_age_at_session - 51.186846) / 10) + scale(speech_rate_syll) + Sentiment_label_float + Party_status + Party_orientation_float + Sentiment_label_float : Party_status,syll,Speaker_ID,2026-06-19_15-43-51,,,,,False,False
INT_SENTIMENT_X_POWER,GLM_NB_Cluster,INT_SENTIMENT_X_POWER_GLM_NB_Cluster,PL,PL_int_sentiment_x_power,False,sentiment_x_power,Sentiment_label_float,1.0142,0.9977,1.031,0.0911,117305,342,1.219961,,fp_count ~ Speaker_gender + I((Speaker_age_at_session - 51.186846) / 10) + scale(speech_rate_syll) + Sentiment_label_float + Party_status + Party_orientation_float + Sentiment_label_float : Party_status,syll,Speaker_ID,2026-06-19_15-43-51,,,,,False,False
INT_SENTIMENT_X_POWER,GLM_NB_Cluster,INT_SENTIMENT_X_POWER_GLM_NB_Cluster,PL,PL_int_sentiment_x_power,False,sentiment_x_power,Party_status,0.9036,0.688,1.1867,0.4658,117305,342,1.219961,,fp_count ~ Speaker_gender + I((Speaker_age_at_session - 51.186846) / 10) + scale(speech_rate_syll) + Sentiment_label_float + Party_status + Party_orientation_float + Sentiment_label_float : Party_status,syll,Speaker_ID,2026-06-19_15-43-51,,,,,False,False
INT_SENTIMENT_X_POWER,GLM_NB_Cluster,INT_SENTIMENT_X_POWER_GLM_NB_Cluster,PL,PL_int_sentiment_x_power,False,sentiment_x_power,Party_orientation_float,1.0581,0.9378,1.1939,0.3592,117305,342,1.219961,,fp_count ~ Speaker_gender + I((Speaker_age_at_session - 51.186846) / 10) + scale(speech_rate_syll) + Sentiment_label_float + Party_status + Party_orientation_float + Sentiment_label_float : Party_status,syll,Speaker_ID,2026-06-19_15-43-51,,,,,False,False
INT_SENTIMENT_X_POWER,GLM_NB_Cluster,INT_SENTIMENT_X_POWER_GLM_NB_Cluster,PL,PL_int_sentiment_x_power,False,sentiment_x_power,Sentiment_label_float:Party_status,1.0343,1.004,1.0655,0.0261,117305,342,1.219961,,fp_count ~ Speaker_gender + I((Speaker_age_at_session - 51.186846) / 10) + scale(speech_rate_syll) + Sentiment_label_float + Party_status + Party_orientation_float + Sentiment_label_float : Party_status,syll,Speaker_ID,2026-06-19_15-43-51,,,,,False,False
INT_SENTIMENT_X_POWER,GLM_NB,INT_SENTIMENT_X_POWER_GLM_NB,PL,PL_int_sentiment_x_power,False,sentiment_x_power,Intercept,0.0467,0.0454,0.048,0.0,117305,342,1.219961,,fp_count ~ Speaker_gender + I((Speaker_age_at_session - 51.186846) / 10) + scale(speech_rate_syll) + Sentiment_label_float + Party_status + Party_orientation_float + Sentiment_label_float : Party_status,syll,Speaker_ID,2026-06-19_15-43-51,,,,,False,False
INT_SENTIMENT_X_POWER,GLM_NB,INT_SENTIMENT_X_POWER_GLM_NB,PL,PL_int_sentiment_x_power,False,sentiment_x_power,Speaker_gender[T.M],1.1339,1.1068,1.1616,0.0,117305,342,1.219961,,fp_count ~ Speaker_gender + I((Speaker_age_at_session - 51.186846) / 10) + scale(speech_rate_syll) + Sentiment_label_float + Party_status + Party_orientation_float + Sentiment_label_float : Party_status,syll,Speaker_ID,2026-06-19_15-43-51,,,,,False,False
INT_SENTIMENT_X_POWER,GLM_NB,INT_SENTIMENT_X_POWER_GLM_NB,PL,PL_int_sentiment_x_power,False,sentiment_x_power,I((Speaker_age_at_session - 51.186846) / 10),0.9196,0.9108,0.9285,0.0,117305,342,1.219961,,fp_count ~ Speaker_gender + I((Speaker_age_at_session - 51.186846) / 10) + scale(speech_rate_syll) + Sentiment_label_float + Party_status + Party_orientation_float + Sentiment_label_float : Party_status,syll,Speaker_ID,2026-06-19_15-43-51,,,,,False,False
INT_SENTIMENT_X_POWER,GLM_NB,INT_SENTIMENT_X_POWER_GLM_NB,PL,PL_int_sentiment_x_power,False,sentiment_x_power,scale(speech_rate_syll),0.597,0.5904,0.6038,0.0,117305,342,1.219961,,fp_count ~ Speaker_gender + I((Speaker_age_at_session - 51.186846) / 10) + scale(speech_rate_syll) + Sentiment_label_float + Party_status + Party_orientation_float + Sentiment_label_float : Party_status,syll,Speaker_ID,2026-06-19_15-43-51,,,,,False,False
INT_SENTIMENT_X_POWER,GLM_NB,INT_SENTIMENT_X_POWER_GLM_NB,PL,PL_int_sentiment_x_power,False,sentiment_x_power,Sentiment_label_float,1.0142,1.0065,1.022,0.0003,117305,342,1.219961,,fp_count ~ Speaker_gender + I((Speaker_age_at_session - 51.186846) / 10) + scale(speech_rate_syll) + Sentiment_label_float + Party_status + Party_orientation_float + Sentiment_label_float : Party_status,syll,Speaker_ID,2026-06-19_15-43-51,,,,,False,False
INT_SENTIMENT_X_POWER,GLM_NB,INT_SENTIMENT_X_POWER_GLM_NB,PL,PL_int_sentiment_x_power,False,sentiment_x_power,Party_status,0.9036,0.8782,0.9297,0.0,117305,342,1.219961,,fp_count ~ Speaker_gender + I((Speaker_age_at_session - 51.186846) / 10) + scale(speech_rate_syll) + Sentiment_label_float + Party_status + Party_orientation_float + Sentiment_label_float : Party_status,syll,Speaker_ID,2026-06-19_15-43-51,,,,,False,False
INT_SENTIMENT_X_POWER,GLM_NB,INT_SENTIMENT_X_POWER_GLM_NB,PL,PL_int_sentiment_x_power,False,sentiment_x_power,Party_orientation_float,1.0581,1.0479,1.0684,0.0,117305,342,1.219961,,fp_count ~ Speaker_gender + I((Speaker_age_at_session - 51.186846) / 10) + scale(speech_rate_syll) + Sentiment_label_float + Party_status + Party_orientation_float + Sentiment_label_float : Party_status,syll,Speaker_ID,2026-06-19_15-43-51,,,,,False,False
INT_SENTIMENT_X_POWER,GLM_NB,INT_SENTIMENT_X_POWER_GLM_NB,PL,PL_int_sentiment_x_power,False,sentiment_x_power,Sentiment_label_float:Party_status,1.0343,1.0224,1.0463,0.0,117305,342,1.219961,,fp_count ~ Speaker_gender + I((Speaker_age_at_session - 51.186846) / 10) + scale(speech_rate_syll) + Sentiment_label_float + Party_status + Party_orientation_float + Sentiment_label_float : Party_status,syll,Speaker_ID,2026-06-19_15-43-51,,,,,False,False
BASE,GEE_NB_Exch,BASE_GEE_NB_Exch,CZ,CZ_baseline,False,,Intercept,0.0479,0.0377,0.0609,0.0,219878,405,1.051500,0.1694,fp_count ~ Speaker_gender + I((Speaker_age_at_session - 50.381261) / 10) + scale(speech_rate_syll) + Sentiment_label_float + Party_status + Party_orientation_float,syll,Speaker_ID,2026-06-19_15-43-51,,,,,False,False
BASE,GEE_NB_Exch,BASE_GEE_NB_Exch,CZ,CZ_baseline,False,,Speaker_gender[T.M],1.0174,0.7809,1.3256,0.8982,219878,405,1.051500,0.1694,fp_count ~ Speaker_gender + I((Speaker_age_at_session - 50.381261) / 10) + scale(speech_rate_syll) + Sentiment_label_float + Party_status + Party_orientation_float,syll,Speaker_ID,2026-06-19_15-43-51,,,,,False,False
BASE,GEE_NB_Exch,BASE_GEE_NB_Exch,CZ,CZ_baseline,False,,I((Speaker_age_at_session - 50.381261) / 10),0.8696,0.7863,0.9619,0.0066,219878,405,1.051500,0.1694,fp_count ~ Speaker_gender + I((Speaker_age_at_session - 50.381261) / 10) + scale(speech_rate_syll) + Sentiment_label_float + Party_status + Party_orientation_float,syll,Speaker_ID,2026-06-19_15-43-51,,,,,False,False
BASE,GEE_NB_Exch,BASE_GEE_NB_Exch,CZ,CZ_baseline,False,,scale(speech_rate_syll),0.5989,0.5758,0.6229,0.0,219878,405,1.051500,0.1694,fp_count ~ Speaker_gender + I((Speaker_age_at_session - 50.381261) / 10) + scale(speech_rate_syll) + Sentiment_label_float + Party_status + Party_orientation_float,syll,Speaker_ID,2026-06-19_15-43-51,,,,,False,False
BASE,GEE_NB_Exch,BASE_GEE_NB_Exch,CZ,CZ_baseline,False,,Sentiment_label_float,1.0554,1.0484,1.0624,0.0,219878,405,1.051500,0.1694,fp_count ~ Speaker_gender + I((Speaker_age_at_session - 50.381261) / 10) + scale(speech_rate_syll) + Sentiment_label_float + Party_status + Party_orientation_float,syll,Speaker_ID,2026-06-19_15-43-51,,,,,False,False
BASE,GEE_NB_Exch,BASE_GEE_NB_Exch,CZ,CZ_baseline,False,,Party_status,0.9124,0.8318,1.0009,0.0523,219878,405,1.051500,0.1694,fp_count ~ Speaker_gender + I((Speaker_age_at_session - 50.381261) / 10) + scale(speech_rate_syll) + Sentiment_label_float + Party_status + Party_orientation_float,syll,Speaker_ID,2026-06-19_15-43-51,,,,,False,False
BASE,GEE_NB_Exch,BASE_GEE_NB_Exch,CZ,CZ_baseline,False,,Party_orientation_float,0.9948,0.9167,1.0795,0.9005,219878,405,1.051500,0.1694,fp_count ~ Speaker_gender + I((Speaker_age_at_session - 50.381261) / 10) + scale(speech_rate_syll) + Sentiment_label_float + Party_status + Party_orientation_float,syll,Speaker_ID,2026-06-19_15-43-51,,,,,False,False
BASE,GEE_NB_Indep,BASE_GEE_NB_Indep,CZ,CZ_baseline,False,,Intercept,0.0469,0.0365,0.0604,0.0,219878,405,1.051500,,fp_count ~ Speaker_gender + I((Speaker_age_at_session - 50.381261) / 10) + scale(speech_rate_syll) + Sentiment_label_float + Party_status + Party_orientation_float,syll,Speaker_ID,2026-06-19_15-43-51,,,,,False,False
BASE,GEE_NB_Indep,BASE_GEE_NB_Indep,CZ,CZ_baseline,False,,Speaker_gender[T.M],1.112,0.8332,1.484,0.4711,219878,405,1.051500,,fp_count ~ Speaker_gender + I((Speaker_age_at_session - 50.381261) / 10) + scale(speech_rate_syll) + Sentiment_label_float + Party_status + Party_orientation_float,syll,Speaker_ID,2026-06-19_15-43-51,,,,,False,False
BASE,GEE_NB_Indep,BASE_GEE_NB_Indep,CZ,CZ_baseline,False,,I((Speaker_age_at_session - 50.381261) / 10),0.7692,0.6883,0.8597,0.0,219878,405,1.051500,,fp_count ~ Speaker_gender + I((Speaker_age_at_session - 50.381261) / 10) + scale(speech_rate_syll) + Sentiment_label_float + Party_status + Party_orientation_float,syll,Speaker_ID,2026-06-19_15-43-51,,,,,False,False
BASE,GEE_NB_Indep,BASE_GEE_NB_Indep,CZ,CZ_baseline,False,,scale(speech_rate_syll),0.5829,0.5524,0.6151,0.0,219878,405,1.051500,,fp_count ~ Speaker_gender + I((Speaker_age_at_session - 50.381261) / 10) + scale(speech_rate_syll) + Sentiment_label_float + Party_status + Party_orientation_float,syll,Speaker_ID,2026-06-19_15-43-51,,,,,False,False
BASE,GEE_NB_Indep,BASE_GEE_NB_Indep,CZ,CZ_baseline,False,,Sentiment_label_float,1.0696,1.0535,1.086,0.0,219878,405,1.051500,,fp_count ~ Speaker_gender + I((Speaker_age_at_session - 50.381261) / 10) + scale(speech_rate_syll) + Sentiment_label_float + Party_status + Party_orientation_float,syll,Speaker_ID,2026-06-19_15-43-51,,,,,False,False
BASE,GEE_NB_Indep,BASE_GEE_NB_Indep,CZ,CZ_baseline,False,,Party_status,0.7774,0.6551,0.9226,0.004,219878,405,1.051500,,fp_count ~ Speaker_gender + I((Speaker_age_at_session - 50.381261) / 10) + scale(speech_rate_syll) + Sentiment_label_float + Party_status + Party_orientation_float,syll,Speaker_ID,2026-06-19_15-43-51,,,,,False,False
BASE,GEE_NB_Indep,BASE_GEE_NB_Indep,CZ,CZ_baseline,False,,Party_orientation_float,1.0293,0.9592,1.1047,0.4223,219878,405,1.051500,,fp_count ~ Speaker_gender + I((Speaker_age_at_session - 50.381261) / 10) + scale(speech_rate_syll) + Sentiment_label_float + Party_status + Party_orientation_float,syll,Speaker_ID,2026-06-19_15-43-51,,,,,False,False
BASE,GLM_NB_Cluster,BASE_GLM_NB_Cluster,CZ,CZ_baseline,False,,Intercept,0.0469,0.0365,0.0604,0.0,219878,405,1.051500,,fp_count ~ Speaker_gender + I((Speaker_age_at_session - 50.381261) / 10) + scale(speech_rate_syll) + Sentiment_label_float + Party_status + Party_orientation_float,syll,Speaker_ID,2026-06-19_15-43-51,,,,,False,False
BASE,GLM_NB_Cluster,BASE_GLM_NB_Cluster,CZ,CZ_baseline,False,,Speaker_gender[T.M],1.112,0.8357,1.4796,0.4665,219878,405,1.051500,,fp_count ~ Speaker_gender + I((Speaker_age_at_session - 50.381261) / 10) + scale(speech_rate_syll) + Sentiment_label_float + Party_status + Party_orientation_float,syll,Speaker_ID,2026-06-19_15-43-51,,,,,False,False
BASE,GLM_NB_Cluster,BASE_GLM_NB_Cluster,CZ,CZ_baseline,False,,I((Speaker_age_at_session - 50.381261) / 10),0.7692,0.6901,0.8574,0.0,219878,405,1.051500,,fp_count ~ Speaker_gender + I((Speaker_age_at_session - 50.381261) / 10) + scale(speech_rate_syll) + Sentiment_label_float + Party_status + Party_orientation_float,syll,Speaker_ID,2026-06-19_15-43-51,,,,,False,False
BASE,GLM_NB_Cluster,BASE_GLM_NB_Cluster,CZ,CZ_baseline,False,,scale(speech_rate_syll),0.5829,0.5521,0.6155,0.0,219878,405,1.051500,,fp_count ~ Speaker_gender + I((Speaker_age_at_session - 50.381261) / 10) + scale(speech_rate_syll) + Sentiment_label_float + Party_status + Party_orientation_float,syll,Speaker_ID,2026-06-19_15-43-51,,,,,False,False
BASE,GLM_NB_Cluster,BASE_GLM_NB_Cluster,CZ,CZ_baseline,False,,Sentiment_label_float,1.0696,1.0533,1.0862,0.0,219878,405,1.051500,,fp_count ~ Speaker_gender + I((Speaker_age_at_session - 50.381261) / 10) + scale(speech_rate_syll) + Sentiment_label_float + Party_status + Party_orientation_float,syll,Speaker_ID,2026-06-19_15-43-51,,,,,False,False
BASE,GLM_NB_Cluster,BASE_GLM_NB_Cluster,CZ,CZ_baseline,False,,Party_status,0.7774,0.6551,0.9226,0.0039,219878,405,1.051500,,fp_count ~ Speaker_gender + I((Speaker_age_at_session - 50.381261) / 10) + scale(speech_rate_syll) + Sentiment_label_float + Party_status + Party_orientation_float,syll,Speaker_ID,2026-06-19_15-43-51,,,,,False,False
BASE,GLM_NB_Cluster,BASE_GLM_NB_Cluster,CZ,CZ_baseline,False,,Party_orientation_float,1.0293,0.9532,1.1115,0.4606,219878,405,1.051500,,fp_count ~ Speaker_gender + I((Speaker_age_at_session - 50.381261) / 10) + scale(speech_rate_syll) + Sentiment_label_float + Party_status + Party_orientation_float,syll,Speaker_ID,2026-06-19_15-43-51,,,,,False,False
BASE,GLM_NB,BASE_GLM_NB,CZ,CZ_baseline,False,,Intercept,0.0469,0.046,0.0479,0.0,219878,405,1.051500,,fp_count ~ Speaker_gender + I((Speaker_age_at_session - 50.381261) / 10) + scale(speech_rate_syll) + Sentiment_label_float + Party_status + Party_orientation_float,syll,Speaker_ID,2026-06-19_15-43-51,,,,,False,False
BASE,GLM_NB,BASE_GLM_NB,CZ,CZ_baseline,False,,Speaker_gender[T.M],1.112,1.0916,1.1327,0.0,219878,405,1.051500,,fp_count ~ Speaker_gender + I((Speaker_age_at_session - 50.381261) / 10) + scale(speech_rate_syll) + Sentiment_label_float + Party_status + Party_orientation_float,syll,Speaker_ID,2026-06-19_15-43-51,,,,,False,False
BASE,GLM_NB,BASE_GLM_NB,CZ,CZ_baseline,False,,I((Speaker_age_at_session - 50.381261) / 10),0.7692,0.7631,0.7754,0.0,219878,405,1.051500,,fp_count ~ Speaker_gender + I((Speaker_age_at_session - 50.381261) / 10) + scale(speech_rate_syll) + Sentiment_label_float + Party_status + Party_orientation_float,syll,Speaker_ID,2026-06-19_15-43-51,,,,,False,False
BASE,GLM_NB,BASE_GLM_NB,CZ,CZ_baseline,False,,scale(speech_rate_syll),0.5829,0.5779,0.5879,0.0,219878,405,1.051500,,fp_count ~ Speaker_gender + I((Speaker_age_at_session - 50.381261) / 10) + scale(speech_rate_syll) + Sentiment_label_float + Party_status + Party_orientation_float,syll,Speaker_ID,2026-06-19_15-43-51,,,,,False,False
BASE,GLM_NB,BASE_GLM_NB,CZ,CZ_baseline,False,,Sentiment_label_float,1.0696,1.065,1.0742,0.0,219878,405,1.051500,,fp_count ~ Speaker_gender + I((Speaker_age_at_session - 50.381261) / 10) + scale(speech_rate_syll) + Sentiment_label_float + Party_status + Party_orientation_float,syll,Speaker_ID,2026-06-19_15-43-51,,,,,False,False
BASE,GLM_NB,BASE_GLM_NB,CZ,CZ_baseline,False,,Party_status,0.7774,0.7643,0.7908,0.0,219878,405,1.051500,,fp_count ~ Speaker_gender + I((Speaker_age_at_session - 50.381261) / 10) + scale(speech_rate_syll) + Sentiment_label_float + Party_status + Party_orientation_float,syll,Speaker_ID,2026-06-19_15-43-51,,,,,False,False
BASE,GLM_NB,BASE_GLM_NB,CZ,CZ_baseline,False,,Party_orientation_float,1.0293,1.0229,1.0358,0.0,219878,405,1.051500,,fp_count ~ Speaker_gender + I((Speaker_age_at_session - 50.381261) / 10) + scale(speech_rate_syll) + Sentiment_label_float + Party_status + Party_orientation_float,syll,Speaker_ID,2026-06-19_15-43-51,,,,,False,False
MUNDLAK,GEE_NB_Exch,MUNDLAK_GEE_NB_Exch,global,global_mundlak,True,,Intercept,0.0794,0.0619,0.1019,0.0,1001787,1561,1.548022,0.0932,fp_count ~ Speaker_gender + I((Speaker_age_at_session - 49.656757) / 10) + scale(speech_rate_syll_mean) + scale(speech_rate_syll_dev) + Sentiment_label_float_mean + Sentiment_label_float_dev + Party_status_mean + Party_status_dev + Party_orientation_float_mean + Party_orientation_float_dev + C(Lang),syll,Speaker_ID,2026-06-19_15-43-51,,,,,False,False
MUNDLAK,GEE_NB_Exch,MUNDLAK_GEE_NB_Exch,global,global_mundlak,True,,Speaker_gender[T.M],0.513,0.4233,0.6217,0.0,1001787,1561,1.548022,0.0932,fp_count ~ Speaker_gender + I((Speaker_age_at_session - 49.656757) / 10) + scale(speech_rate_syll_mean) + scale(speech_rate_syll_dev) + Sentiment_label_float_mean + Sentiment_label_float_dev + Party_status_mean + Party_status_dev + Party_orientation_float_mean + Party_orientation_float_dev + C(Lang),syll,Speaker_ID,2026-06-19_15-43-51,,,,,False,False
MUNDLAK,GEE_NB_Exch,MUNDLAK_GEE_NB_Exch,global,global_mundlak,True,,C(Lang)[T.HR],0.389,0.3185,0.4752,0.0,1001787,1561,1.548022,0.0932,fp_count ~ Speaker_gender + I((Speaker_age_at_session - 49.656757) / 10) + scale(speech_rate_syll_mean) + scale(speech_rate_syll_dev) + Sentiment_label_float_mean + Sentiment_label_float_dev + Party_status_mean + Party_status_dev + Party_orientation_float_mean + Party_orientation_float_dev + C(Lang),syll,Speaker_ID,2026-06-19_15-43-51,,,,,False,False
MUNDLAK,GEE_NB_Exch,MUNDLAK_GEE_NB_Exch,global,global_mundlak,True,,C(Lang)[T.PL],1.3317,1.1155,1.5898,0.0015,1001787,1561,1.548022,0.0932,fp_count ~ Speaker_gender + I((Speaker_age_at_session - 49.656757) / 10) + scale(speech_rate_syll_mean) + scale(speech_rate_syll_dev) + Sentiment_label_float_mean + Sentiment_label_float_dev + Party_status_mean + Party_status_dev + Party_orientation_float_mean + Party_orientation_float_dev + C(Lang),syll,Speaker_ID,2026-06-19_15-43-51,,,,,False,False
MUNDLAK,GEE_NB_Exch,MUNDLAK_GEE_NB_Exch,global,global_mundlak,True,,C(Lang)[T.RS],0.4131,0.329,0.5188,0.0,1001787,1561,1.548022,0.0932,fp_count ~ Speaker_gender + I((Speaker_age_at_session - 49.656757) / 10) + scale(speech_rate_syll_mean) + scale(speech_rate_syll_dev) + Sentiment_label_float_mean + Sentiment_label_float_dev + Party_status_mean + Party_status_dev + Party_orientation_float_mean + Party_orientation_float_dev + C(Lang),syll,Speaker_ID,2026-06-19_15-43-51,,,,,False,False
MUNDLAK,GEE_NB_Exch,MUNDLAK_GEE_NB_Exch,global,global_mundlak,True,,I((Speaker_age_at_session - 49.656757) / 10),0.8816,0.8236,0.9438,0.0003,1001787,1561,1.548022,0.0932,fp_count ~ Speaker_gender + I((Speaker_age_at_session - 49.656757) / 10) + scale(speech_rate_syll_mean) + scale(speech_rate_syll_dev) + Sentiment_label_float_mean + Sentiment_label_float_dev + Party_status_mean + Party_status_dev + Party_orientation_float_mean + Party_orientation_float_dev + C(Lang),syll,Speaker_ID,2026-06-19_15-43-51,,,,,False,False
MUNDLAK,GEE_NB_Exch,MUNDLAK_GEE_NB_Exch,global,global_mundlak,True,,scale(speech_rate_syll_mean),1.172,1.0337,1.3288,0.0133,1001787,1561,1.548022,0.0932,fp_count ~ Speaker_gender + I((Speaker_age_at_session - 49.656757) / 10) + scale(speech_rate_syll_mean) + scale(speech_rate_syll_dev) + Sentiment_label_float_mean + Sentiment_label_float_dev + Party_status_mean + Party_status_dev + Party_orientation_float_mean + Party_orientation_float_dev + C(Lang),syll,Speaker_ID,2026-06-19_15-43-51,,,,,False,False
MUNDLAK,GEE_NB_Exch,MUNDLAK_GEE_NB_Exch,global,global_mundlak,True,,scale(speech_rate_syll_dev),0.6448,0.6319,0.6579,0.0,1001787,1561,1.548022,0.0932,fp_count ~ Speaker_gender + I((Speaker_age_at_session - 49.656757) / 10) + scale(speech_rate_syll_mean) + scale(speech_rate_syll_dev) + Sentiment_label_float_mean + Sentiment_label_float_dev + Party_status_mean + Party_status_dev + Party_orientation_float_mean + Party_orientation_float_dev + C(Lang),syll,Speaker_ID,2026-06-19_15-43-51,,,,,False,False
MUNDLAK,GEE_NB_Exch,MUNDLAK_GEE_NB_Exch,global,global_mundlak,True,,Sentiment_label_float_mean,1.0993,0.9439,1.2804,0.2235,1001787,1561,1.548022,0.0932,fp_count ~ Speaker_gender + I((Speaker_age_at_session - 49.656757) / 10) + scale(speech_rate_syll_mean) + scale(speech_rate_syll_dev) + Sentiment_label_float_mean + Sentiment_label_float_dev + Party_status_mean + Party_status_dev + Party_orientation_float_mean + Party_orientation_float_dev + C(Lang),syll,Speaker_ID,2026-06-19_15-43-51,,,,,False,False
MUNDLAK,GEE_NB_Exch,MUNDLAK_GEE_NB_Exch,global,global_mundlak,True,,Sentiment_label_float_dev,1.0501,1.0437,1.0565,0.0,1001787,1561,1.548022,0.0932,fp_count ~ Speaker_gender + I((Speaker_age_at_session - 49.656757) / 10) + scale(speech_rate_syll_mean) + scale(speech_rate_syll_dev) + Sentiment_label_float_mean + Sentiment_label_float_dev + Party_status_mean + Party_status_dev + Party_orientation_float_mean + Party_orientation_float_dev + C(Lang),syll,Speaker_ID,2026-06-19_15-43-51,,,,,False,False
MUNDLAK,GEE_NB_Exch,MUNDLAK_GEE_NB_Exch,global,global_mundlak,True,,Party_status_mean,0.9066,0.7411,1.1089,0.3399,1001787,1561,1.548022,0.0932,fp_count ~ Speaker_gender + I((Speaker_age_at_session - 49.656757) / 10) + scale(speech_rate_syll_mean) + scale(speech_rate_syll_dev) + Sentiment_label_float_mean + Sentiment_label_float_dev + Party_status_mean + Party_status_dev + Party_orientation_float_mean + Party_orientation_float_dev + C(Lang),syll,Speaker_ID,2026-06-19_15-43-51,,,,,False,False
MUNDLAK,GEE_NB_Exch,MUNDLAK_GEE_NB_Exch,global,global_mundlak,True,,Party_status_dev,0.9945,0.9158,1.0799,0.8953,1001787,1561,1.548022,0.0932,fp_count ~ Speaker_gender + I((Speaker_age_at_session - 49.656757) / 10) + scale(speech_rate_syll_mean) + scale(speech_rate_syll_dev) + Sentiment_label_float_mean + Sentiment_label_float_dev + Party_status_mean + Party_status_dev + Party_orientation_float_mean + Party_orientation_float_dev + C(Lang),syll,Speaker_ID,2026-06-19_15-43-51,,,,,False,False
MUNDLAK,GEE_NB_Exch,MUNDLAK_GEE_NB_Exch,global,global_mundlak,True,,Party_orientation_float_mean,0.9851,0.9231,1.0513,0.6513,1001787,1561,1.548022,0.0932,fp_count ~ Speaker_gender + I((Speaker_age_at_session - 49.656757) / 10) + scale(speech_rate_syll_mean) + scale(speech_rate_syll_dev) + Sentiment_label_float_mean + Sentiment_label_float_dev + Party_status_mean + Party_status_dev + Party_orientation_float_mean + Party_orientation_float_dev + C(Lang),syll,Speaker_ID,2026-06-19_15-43-51,,,,,False,False
MUNDLAK,GEE_NB_Exch,MUNDLAK_GEE_NB_Exch,global,global_mundlak,True,,Party_orientation_float_dev,0.8691,0.6689,1.1294,0.2939,1001787,1561,1.548022,0.0932,fp_count ~ Speaker_gender + I((Speaker_age_at_session - 49.656757) / 10) + scale(speech_rate_syll_mean) + scale(speech_rate_syll_dev) + Sentiment_label_float_mean + Sentiment_label_float_dev + Party_status_mean + Party_status_dev + Party_orientation_float_mean + Party_orientation_float_dev + C(Lang),syll,Speaker_ID,2026-06-19_15-43-51,,,,,False,False
MUNDLAK,GEE_NB_Indep,MUNDLAK_GEE_NB_Indep,global,global_mundlak,True,,Intercept,0.0685,0.0574,0.0817,0.0,1001787,1561,1.548022,,fp_count ~ Speaker_gender + I((Speaker_age_at_session - 49.656757) / 10) + scale(speech_rate_syll_mean) + scale(speech_rate_syll_dev) + Sentiment_label_float_mean + Sentiment_label_float_dev + Party_status_mean + Party_status_dev + Party_orientation_float_mean + Party_orientation_float_dev + C(Lang),syll,Speaker_ID,2026-06-19_15-43-51,,,,,False,False
MUNDLAK,GEE_NB_Indep,MUNDLAK_GEE_NB_Indep,global,global_mundlak,True,,Speaker_gender[T.M],0.637,0.5567,0.729,0.0,1001787,1561,1.548022,,fp_count ~ Speaker_gender + I((Speaker_age_at_session - 49.656757) / 10) + scale(speech_rate_syll_mean) + scale(speech_rate_syll_dev) + Sentiment_label_float_mean + Sentiment_label_float_dev + Party_status_mean + Party_status_dev + Party_orientation_float_mean + Party_orientation_float_dev + C(Lang),syll,Speaker_ID,2026-06-19_15-43-51,,,,,False,False
MUNDLAK,GEE_NB_Indep,MUNDLAK_GEE_NB_Indep,global,global_mundlak,True,,C(Lang)[T.HR],0.6124,0.5161,0.7267,0.0,1001787,1561,1.548022,,fp_count ~ Speaker_gender + I((Speaker_age_at_session - 49.656757) / 10) + scale(speech_rate_syll_mean) + scale(speech_rate_syll_dev) + Sentiment_label_float_mean + Sentiment_label_float_dev + Party_status_mean + Party_status_dev + Party_orientation_float_mean + Party_orientation_float_dev + C(Lang),syll,Speaker_ID,2026-06-19_15-43-51,,,,,False,False
MUNDLAK,GEE_NB_Indep,MUNDLAK_GEE_NB_Indep,global,global_mundlak,True,,C(Lang)[T.PL],1.2207,1.0135,1.4702,0.0356,1001787,1561,1.548022,,fp_count ~ Speaker_gender + I((Speaker_age_at_session - 49.656757) / 10) + scale(speech_rate_syll_mean) + scale(speech_rate_syll_dev) + Sentiment_label_float_mean + Sentiment_label_float_dev + Party_status_mean + Party_status_dev + Party_orientation_float_mean + Party_orientation_float_dev + C(Lang),syll,Speaker_ID,2026-06-19_15-43-51,,,,,False,False
MUNDLAK,GEE_NB_Indep,MUNDLAK_GEE_NB_Indep,global,global_mundlak,True,,C(Lang)[T.RS],0.4198,0.3428,0.5141,0.0,1001787,1561,1.548022,,fp_count ~ Speaker_gender + I((Speaker_age_at_session - 49.656757) / 10) + scale(speech_rate_syll_mean) + scale(speech_rate_syll_dev) + Sentiment_label_float_mean + Sentiment_label_float_dev + Party_status_mean + Party_status_dev + Party_orientation_float_mean + Party_orientation_float_dev + C(Lang),syll,Speaker_ID,2026-06-19_15-43-51,,,,,False,False
MUNDLAK,GEE_NB_Indep,MUNDLAK_GEE_NB_Indep,global,global_mundlak,True,,I((Speaker_age_at_session - 49.656757) / 10),0.8609,0.8092,0.9158,0.0,1001787,1561,1.548022,,fp_count ~ Speaker_gender + I((Speaker_age_at_session - 49.656757) / 10) + scale(speech_rate_syll_mean) + scale(speech_rate_syll_dev) + Sentiment_label_float_mean + Sentiment_label_float_dev + Party_status_mean + Party_status_dev + Party_orientation_float_mean + Party_orientation_float_dev + C(Lang),syll,Speaker_ID,2026-06-19_15-43-51,,,,,False,False
MUNDLAK,GEE_NB_Indep,MUNDLAK_GEE_NB_Indep,global,global_mundlak,True,,scale(speech_rate_syll_mean),0.8809,0.8268,0.9385,0.0001,1001787,1561,1.548022,,fp_count ~ Speaker_gender + I((Speaker_age_at_session - 49.656757) / 10) + scale(speech_rate_syll_mean) + scale(speech_rate_syll_dev) + Sentiment_label_float_mean + Sentiment_label_float_dev + Party_status_mean + Party_status_dev + Party_orientation_float_mean + Party_orientation_float_dev + C(Lang),syll,Speaker_ID,2026-06-19_15-43-51,,,,,False,False
MUNDLAK,GEE_NB_Indep,MUNDLAK_GEE_NB_Indep,global,global_mundlak,True,,scale(speech_rate_syll_dev),0.6501,0.6369,0.6637,0.0,1001787,1561,1.548022,,fp_count ~ Speaker_gender + I((Speaker_age_at_session - 49.656757) / 10) + scale(speech_rate_syll_mean) + scale(speech_rate_syll_dev) + Sentiment_label_float_mean + Sentiment_label_float_dev + Party_status_mean + Party_status_dev + Party_orientation_float_mean + Party_orientation_float_dev + C(Lang),syll,Speaker_ID,2026-06-19_15-43-51,,,,,False,False
MUNDLAK,GEE_NB_Indep,MUNDLAK_GEE_NB_Indep,global,global_mundlak,True,,Sentiment_label_float_mean,1.2033,1.0767,1.3449,0.0011,1001787,1561,1.548022,,fp_count ~ Speaker_gender + I((Speaker_age_at_session - 49.656757) / 10) + scale(speech_rate_syll_mean) + scale(speech_rate_syll_dev) + Sentiment_label_float_mean + Sentiment_label_float_dev + Party_status_mean + Party_status_dev + Party_orientation_float_mean + Party_orientation_float_dev + C(Lang),syll,Speaker_ID,2026-06-19_15-43-51,,,,,False,False
MUNDLAK,GEE_NB_Indep,MUNDLAK_GEE_NB_Indep,global,global_mundlak,True,,Sentiment_label_float_dev,1.0489,1.042,1.0558,0.0,1001787,1561,1.548022,,fp_count ~ Speaker_gender + I((Speaker_age_at_session - 49.656757) / 10) + scale(speech_rate_syll_mean) + scale(speech_rate_syll_dev) + Sentiment_label_float_mean + Sentiment_label_float_dev + Party_status_mean + Party_status_dev + Party_orientation_float_mean + Party_orientation_float_dev + C(Lang),syll,Speaker_ID,2026-06-19_15-43-51,,,,,False,False
MUNDLAK,GEE_NB_Indep,MUNDLAK_GEE_NB_Indep,global,global_mundlak,True,,Party_status_mean,0.8048,0.6812,0.9508,0.0107,1001787,1561,1.548022,,fp_count ~ Speaker_gender + I((Speaker_age_at_session - 49.656757) / 10) + scale(speech_rate_syll_mean) + scale(speech_rate_syll_dev) + Sentiment_label_float_mean + Sentiment_label_float_dev + Party_status_mean + Party_status_dev + Party_orientation_float_mean + Party_orientation_float_dev + C(Lang),syll,Speaker_ID,2026-06-19_15-43-51,,,,,False,False
MUNDLAK,GEE_NB_Indep,MUNDLAK_GEE_NB_Indep,global,global_mundlak,True,,Party_status_dev,1.1105,0.7965,1.5483,0.5366,1001787,1561,1.548022,,fp_count ~ Speaker_gender + I((Speaker_age_at_session - 49.656757) / 10) + scale(speech_rate_syll_mean) + scale(speech_rate_syll_dev) + Sentiment_label_float_mean + Sentiment_label_float_dev + Party_status_mean + Party_status_dev + Party_orientation_float_mean + Party_orientation_float_dev + C(Lang),syll,Speaker_ID,2026-06-19_15-43-51,,,,,False,False
MUNDLAK,GEE_NB_Indep,MUNDLAK_GEE_NB_Indep,global,global_mundlak,True,,Party_orientation_float_mean,1.024,0.9756,1.0747,0.3371,1001787,1561,1.548022,,fp_count ~ Speaker_gender + I((Speaker_age_at_session - 49.656757) / 10) + scale(speech_rate_syll_mean) + scale(speech_rate_syll_dev) + Sentiment_label_float_mean + Sentiment_label_float_dev + Party_status_mean + Party_status_dev + Party_orientation_float_mean + Party_orientation_float_dev + C(Lang),syll,Speaker_ID,2026-06-19_15-43-51,,,,,False,False
MUNDLAK,GEE_NB_Indep,MUNDLAK_GEE_NB_Indep,global,global_mundlak,True,,Party_orientation_float_dev,0.9248,0.7483,1.143,0.4695,1001787,1561,1.548022,,fp_count ~ Speaker_gender + I((Speaker_age_at_session - 49.656757) / 10) + scale(speech_rate_syll_mean) + scale(speech_rate_syll_dev) + Sentiment_label_float_mean + Sentiment_label_float_dev + Party_status_mean + Party_status_dev + Party_orientation_float_mean + Party_orientation_float_dev + C(Lang),syll,Speaker_ID,2026-06-19_15-43-51,,,,,False,False
MUNDLAK,GLM_NB_Cluster,MUNDLAK_GLM_NB_Cluster,global,global_mundlak,True,,Intercept,0.0685,0.0572,0.082,0.0,1001787,1561,1.548022,,fp_count ~ Speaker_gender + I((Speaker_age_at_session - 49.656757) / 10) + scale(speech_rate_syll_mean) + scale(speech_rate_syll_dev) + Sentiment_label_float_mean + Sentiment_label_float_dev + Party_status_mean + Party_status_dev + Party_orientation_float_mean + Party_orientation_float_dev + C(Lang),syll,Speaker_ID,2026-06-19_15-43-51,,,,,False,False
MUNDLAK,GLM_NB_Cluster,MUNDLAK_GLM_NB_Cluster,global,global_mundlak,True,,Speaker_gender[T.M],0.637,0.5566,0.7292,0.0,1001787,1561,1.548022,,fp_count ~ Speaker_gender + I((Speaker_age_at_session - 49.656757) / 10) + scale(speech_rate_syll_mean) + scale(speech_rate_syll_dev) + Sentiment_label_float_mean + Sentiment_label_float_dev + Party_status_mean + Party_status_dev + Party_orientation_float_mean + Party_orientation_float_dev + C(Lang),syll,Speaker_ID,2026-06-19_15-43-51,,,,,False,False
MUNDLAK,GLM_NB_Cluster,MUNDLAK_GLM_NB_Cluster,global,global_mundlak,True,,C(Lang)[T.HR],0.6124,0.5148,0.7286,0.0,1001787,1561,1.548022,,fp_count ~ Speaker_gender + I((Speaker_age_at_session - 49.656757) / 10) + scale(speech_rate_syll_mean) + scale(speech_rate_syll_dev) + Sentiment_label_float_mean + Sentiment_label_float_dev + Party_status_mean + Party_status_dev + Party_orientation_float_mean + Party_orientation_float_dev + C(Lang),syll,Speaker_ID,2026-06-19_15-43-51,,,,,False,False
MUNDLAK,GLM_NB_Cluster,MUNDLAK_GLM_NB_Cluster,global,global_mundlak,True,,C(Lang)[T.PL],1.2207,1.0147,1.4684,0.0344,1001787,1561,1.548022,,fp_count ~ Speaker_gender + I((Speaker_age_at_session - 49.656757) / 10) + scale(speech_rate_syll_mean) + scale(speech_rate_syll_dev) + Sentiment_label_float_mean + Sentiment_label_float_dev + Party_status_mean + Party_status_dev + Party_orientation_float_mean + Party_orientation_float_dev + C(Lang),syll,Speaker_ID,2026-06-19_15-43-51,,,,,False,False
MUNDLAK,GLM_NB_Cluster,MUNDLAK_GLM_NB_Cluster,global,global_mundlak,True,,C(Lang)[T.RS],0.4198,0.3439,0.5124,0.0,1001787,1561,1.548022,,fp_count ~ Speaker_gender + I((Speaker_age_at_session - 49.656757) / 10) + scale(speech_rate_syll_mean) + scale(speech_rate_syll_dev) + Sentiment_label_float_mean + Sentiment_label_float_dev + Party_status_mean + Party_status_dev + Party_orientation_float_mean + Party_orientation_float_dev + C(Lang),syll,Speaker_ID,2026-06-19_15-43-51,,,,,False,False
MUNDLAK,GLM_NB_Cluster,MUNDLAK_GLM_NB_Cluster,global,global_mundlak,True,,I((Speaker_age_at_session - 49.656757) / 10),0.8609,0.8092,0.9159,0.0,1001787,1561,1.548022,,fp_count ~ Speaker_gender + I((Speaker_age_at_session - 49.656757) / 10) + scale(speech_rate_syll_mean) + scale(speech_rate_syll_dev) + Sentiment_label_float_mean + Sentiment_label_float_dev + Party_status_mean + Party_status_dev + Party_orientation_float_mean + Party_orientation_float_dev + C(Lang),syll,Speaker_ID,2026-06-19_15-43-51,,,,,False,False
MUNDLAK,GLM_NB_Cluster,MUNDLAK_GLM_NB_Cluster,global,global_mundlak,True,,scale(speech_rate_syll_mean),0.8809,0.8282,0.937,0.0001,1001787,1561,1.548022,,fp_count ~ Speaker_gender + I((Speaker_age_at_session - 49.656757) / 10) + scale(speech_rate_syll_mean) + scale(speech_rate_syll_dev) + Sentiment_label_float_mean + Sentiment_label_float_dev + Party_status_mean + Party_status_dev + Party_orientation_float_mean + Party_orientation_float_dev + C(Lang),syll,Speaker_ID,2026-06-19_15-43-51,,,,,False,False
MUNDLAK,GLM_NB_Cluster,MUNDLAK_GLM_NB_Cluster,global,global_mundlak,True,,scale(speech_rate_syll_dev),0.6501,0.636,0.6646,0.0,1001787,1561,1.548022,,fp_count ~ Speaker_gender + I((Speaker_age_at_session - 49.656757) / 10) + scale(speech_rate_syll_mean) + scale(speech_rate_syll_dev) + Sentiment_label_float_mean + Sentiment_label_float_dev + Party_status_mean + Party_status_dev + Party_orientation_float_mean + Party_orientation_float_dev + C(Lang),syll,Speaker_ID,2026-06-19_15-43-51,,,,,False,False
MUNDLAK,GLM_NB_Cluster,MUNDLAK_GLM_NB_Cluster,global,global_mundlak,True,,Sentiment_label_float_mean,1.2033,1.0757,1.3462,0.0012,1001787,1561,1.548022,,fp_count ~ Speaker_gender + I((Speaker_age_at_session - 49.656757) / 10) + scale(speech_rate_syll_mean) + scale(speech_rate_syll_dev) + Sentiment_label_float_mean + Sentiment_label_float_dev + Party_status_mean + Party_status_dev + Party_orientation_float_mean + Party_orientation_float_dev + C(Lang),syll,Speaker_ID,2026-06-19_15-43-51,,,,,False,False
MUNDLAK,GLM_NB_Cluster,MUNDLAK_GLM_NB_Cluster,global,global_mundlak,True,,Sentiment_label_float_dev,1.0489,1.0419,1.0558,0.0,1001787,1561,1.548022,,fp_count ~ Speaker_gender + I((Speaker_age_at_session - 49.656757) / 10) + scale(speech_rate_syll_mean) + scale(speech_rate_syll_dev) + Sentiment_label_float_mean + Sentiment_label_float_dev + Party_status_mean + Party_status_dev + Party_orientation_float_mean + Party_orientation_float_dev + C(Lang),syll,Speaker_ID,2026-06-19_15-43-51,,,,,False,False
MUNDLAK,GLM_NB_Cluster,MUNDLAK_GLM_NB_Cluster,global,global_mundlak,True,,Party_status_mean,0.8048,0.6819,0.9499,0.0102,1001787,1561,1.548022,,fp_count ~ Speaker_gender + I((Speaker_age_at_session - 49.656757) / 10) + scale(speech_rate_syll_mean) + scale(speech_rate_syll_dev) + Sentiment_label_float_mean + Sentiment_label_float_dev + Party_status_mean + Party_status_dev + Party_orientation_float_mean + Party_orientation_float_dev + C(Lang),syll,Speaker_ID,2026-06-19_15-43-51,,,,,False,False
MUNDLAK,GLM_NB_Cluster,MUNDLAK_GLM_NB_Cluster,global,global_mundlak,True,,Party_status_dev,1.1105,0.805,1.5318,0.5232,1001787,1561,1.548022,,fp_count ~ Speaker_gender + I((Speaker_age_at_session - 49.656757) / 10) + scale(speech_rate_syll_mean) + scale(speech_rate_syll_dev) + Sentiment_label_float_mean + Sentiment_label_float_dev + Party_status_mean + Party_status_dev + Party_orientation_float_mean + Party_orientation_float_dev + C(Lang),syll,Speaker_ID,2026-06-19_15-43-51,,,,,False,False
MUNDLAK,GLM_NB_Cluster,MUNDLAK_GLM_NB_Cluster,global,global_mundlak,True,,Party_orientation_float_mean,1.024,0.9742,1.0762,0.3517,1001787,1561,1.548022,,fp_count ~ Speaker_gender + I((Speaker_age_at_session - 49.656757) / 10) + scale(speech_rate_syll_mean) + scale(speech_rate_syll_dev) + Sentiment_label_float_mean + Sentiment_label_float_dev + Party_status_mean + Party_status_dev + Party_orientation_float_mean + Party_orientation_float_dev + C(Lang),syll,Speaker_ID,2026-06-19_15-43-51,,,,,False,False
MUNDLAK,GLM_NB_Cluster,MUNDLAK_GLM_NB_Cluster,global,global_mundlak,True,,Party_orientation_float_dev,0.9248,0.7399,1.156,0.4924,1001787,1561,1.548022,,fp_count ~ Speaker_gender + I((Speaker_age_at_session - 49.656757) / 10) + scale(speech_rate_syll_mean) + scale(speech_rate_syll_dev) + Sentiment_label_float_mean + Sentiment_label_float_dev + Party_status_mean + Party_status_dev + Party_orientation_float_mean + Party_orientation_float_dev + C(Lang),syll,Speaker_ID,2026-06-19_15-43-51,,,,,False,False
MUNDLAK,GLM_NB,MUNDLAK_GLM_NB,global,global_mundlak,True,,Intercept,0.0685,0.0676,0.0694,0.0,1001787,1561,1.548022,,fp_count ~ Speaker_gender + I((Speaker_age_at_session - 49.656757) / 10) + scale(speech_rate_syll_mean) + scale(speech_rate_syll_dev) + Sentiment_label_float_mean + Sentiment_label_float_dev + Party_status_mean + Party_status_dev + Party_orientation_float_mean + Party_orientation_float_dev + C(Lang),syll,Speaker_ID,2026-06-19_15-43-51,,,,,False,False
MUNDLAK,GLM_NB,MUNDLAK_GLM_NB,global,global_mundlak,True,,Speaker_gender[T.M],0.637,0.6313,0.6429,0.0,1001787,1561,1.548022,,fp_count ~ Speaker_gender + I((Speaker_age_at_session - 49.656757) / 10) + scale(speech_rate_syll_mean) + scale(speech_rate_syll_dev) + Sentiment_label_float_mean + Sentiment_label_float_dev + Party_status_mean + Party_status_dev + Party_orientation_float_mean + Party_orientation_float_dev + C(Lang),syll,Speaker_ID,2026-06-19_15-43-51,,,,,False,False
MUNDLAK,GLM_NB,MUNDLAK_GLM_NB,global,global_mundlak,True,,C(Lang)[T.HR],0.6124,0.6051,0.6199,0.0,1001787,1561,1.548022,,fp_count ~ Speaker_gender + I((Speaker_age_at_session - 49.656757) / 10) + scale(speech_rate_syll_mean) + scale(speech_rate_syll_dev) + Sentiment_label_float_mean + Sentiment_label_float_dev + Party_status_mean + Party_status_dev + Party_orientation_float_mean + Party_orientation_float_dev + C(Lang),syll,Speaker_ID,2026-06-19_15-43-51,,,,,False,False
MUNDLAK,GLM_NB,MUNDLAK_GLM_NB,global,global_mundlak,True,,C(Lang)[T.PL],1.2207,1.2037,1.2378,0.0,1001787,1561,1.548022,,fp_count ~ Speaker_gender + I((Speaker_age_at_session - 49.656757) / 10) + scale(speech_rate_syll_mean) + scale(speech_rate_syll_dev) + Sentiment_label_float_mean + Sentiment_label_float_dev + Party_status_mean + Party_status_dev + Party_orientation_float_mean + Party_orientation_float_dev + C(Lang),syll,Speaker_ID,2026-06-19_15-43-51,,,,,False,False
MUNDLAK,GLM_NB,MUNDLAK_GLM_NB,global,global_mundlak,True,,C(Lang)[T.RS],0.4198,0.4133,0.4263,0.0,1001787,1561,1.548022,,fp_count ~ Speaker_gender + I((Speaker_age_at_session - 49.656757) / 10) + scale(speech_rate_syll_mean) + scale(speech_rate_syll_dev) + Sentiment_label_float_mean + Sentiment_label_float_dev + Party_status_mean + Party_status_dev + Party_orientation_float_mean + Party_orientation_float_dev + C(Lang),syll,Speaker_ID,2026-06-19_15-43-51,,,,,False,False
MUNDLAK,GLM_NB,MUNDLAK_GLM_NB,global,global_mundlak,True,,I((Speaker_age_at_session - 49.656757) / 10),0.8609,0.8569,0.8648,0.0,1001787,1561,1.548022,,fp_count ~ Speaker_gender + I((Speaker_age_at_session - 49.656757) / 10) + scale(speech_rate_syll_mean) + scale(speech_rate_syll_dev) + Sentiment_label_float_mean + Sentiment_label_float_dev + Party_status_mean + Party_status_dev + Party_orientation_float_mean + Party_orientation_float_dev + C(Lang),syll,Speaker_ID,2026-06-19_15-43-51,,,,,False,False
MUNDLAK,GLM_NB,MUNDLAK_GLM_NB,global,global_mundlak,True,,scale(speech_rate_syll_mean),0.8809,0.8769,0.885,0.0,1001787,1561,1.548022,,fp_count ~ Speaker_gender + I((Speaker_age_at_session - 49.656757) / 10) + scale(speech_rate_syll_mean) + scale(speech_rate_syll_dev) + Sentiment_label_float_mean + Sentiment_label_float_dev + Party_status_mean + Party_status_dev + Party_orientation_float_mean + Party_orientation_float_dev + C(Lang),syll,Speaker_ID,2026-06-19_15-43-51,,,,,False,False
MUNDLAK,GLM_NB,MUNDLAK_GLM_NB,global,global_mundlak,True,,scale(speech_rate_syll_dev),0.6501,0.6472,0.6531,0.0,1001787,1561,1.548022,,fp_count ~ Speaker_gender + I((Speaker_age_at_session - 49.656757) / 10) + scale(speech_rate_syll_mean) + scale(speech_rate_syll_dev) + Sentiment_label_float_mean + Sentiment_label_float_dev + Party_status_mean + Party_status_dev + Party_orientation_float_mean + Party_orientation_float_dev + C(Lang),syll,Speaker_ID,2026-06-19_15-43-51,,,,,False,False
MUNDLAK,GLM_NB,MUNDLAK_GLM_NB,global,global_mundlak,True,,Sentiment_label_float_mean,1.2033,1.1939,1.2128,0.0,1001787,1561,1.548022,,fp_count ~ Speaker_gender + I((Speaker_age_at_session - 49.656757) / 10) + scale(speech_rate_syll_mean) + scale(speech_rate_syll_dev) + Sentiment_label_float_mean + Sentiment_label_float_dev + Party_status_mean + Party_status_dev + Party_orientation_float_mean + Party_orientation_float_dev + C(Lang),syll,Speaker_ID,2026-06-19_15-43-51,,,,,False,False
MUNDLAK,GLM_NB,MUNDLAK_GLM_NB,global,global_mundlak,True,,Sentiment_label_float_dev,1.0489,1.0465,1.0513,0.0,1001787,1561,1.548022,,fp_count ~ Speaker_gender + I((Speaker_age_at_session - 49.656757) / 10) + scale(speech_rate_syll_mean) + scale(speech_rate_syll_dev) + Sentiment_label_float_mean + Sentiment_label_float_dev + Party_status_mean + Party_status_dev + Party_orientation_float_mean + Party_orientation_float_dev + C(Lang),syll,Speaker_ID,2026-06-19_15-43-51,,,,,False,False
MUNDLAK,GLM_NB,MUNDLAK_GLM_NB,global,global_mundlak,True,,Party_status_mean,0.8048,0.7959,0.8138,0.0,1001787,1561,1.548022,,fp_count ~ Speaker_gender + I((Speaker_age_at_session - 49.656757) / 10) + scale(speech_rate_syll_mean) + scale(speech_rate_syll_dev) + Sentiment_label_float_mean + Sentiment_label_float_dev + Party_status_mean + Party_status_dev + Party_orientation_float_mean + Party_orientation_float_dev + C(Lang),syll,Speaker_ID,2026-06-19_15-43-51,,,,,False,False
MUNDLAK,GLM_NB,MUNDLAK_GLM_NB,global,global_mundlak,True,,Party_status_dev,1.1105,1.0837,1.1379,0.0,1001787,1561,1.548022,,fp_count ~ Speaker_gender + I((Speaker_age_at_session - 49.656757) / 10) + scale(speech_rate_syll_mean) + scale(speech_rate_syll_dev) + Sentiment_label_float_mean + Sentiment_label_float_dev + Party_status_mean + Party_status_dev + Party_orientation_float_mean + Party_orientation_float_dev + C(Lang),syll,Speaker_ID,2026-06-19_15-43-51,,,,,False,False
MUNDLAK,GLM_NB,MUNDLAK_GLM_NB,global,global_mundlak,True,,Party_orientation_float_mean,1.024,1.0205,1.0275,0.0,1001787,1561,1.548022,,fp_count ~ Speaker_gender + I((Speaker_age_at_session - 49.656757) / 10) + scale(speech_rate_syll_mean) + scale(speech_rate_syll_dev) + Sentiment_label_float_mean + Sentiment_label_float_dev + Party_status_mean + Party_status_dev + Party_orientation_float_mean + Party_orientation_float_dev + C(Lang),syll,Speaker_ID,2026-06-19_15-43-51,,,,,False,False
MUNDLAK,GLM_NB,MUNDLAK_GLM_NB,global,global_mundlak,True,,Party_orientation_float_dev,0.9248,0.8796,0.9724,0.0022,1001787,1561,1.548022,,fp_count ~ Speaker_gender + I((Speaker_age_at_session - 49.656757) / 10) + scale(speech_rate_syll_mean) + scale(speech_rate_syll_dev) + Sentiment_label_float_mean + Sentiment_label_float_dev + Party_status_mean + Party_status_dev + Party_orientation_float_mean + Party_orientation_float_dev + C(Lang),syll,Speaker_ID,2026-06-19_15-43-51,,,,,False,False
INT_AGE_X_POWER,GEE_NB_Exch,INT_AGE_X_POWER_GEE_NB_Exch,HR,HR_int_age_x_power,False,age_x_power,Intercept,0.0443,0.0357,0.055,0.0,484243,280,1.751490,0.0500,fp_count ~ Speaker_gender + I((Speaker_age_at_session - 49.556365) / 10) + scale(speech_rate_syll) + Sentiment_label_float + Party_status + Party_orientation_float + I((Speaker_age_at_session - 49.556365) / 10) : Party_status,syll,Speaker_ID,2026-06-19_15-43-51,,,,,False,False
INT_AGE_X_POWER,GEE_NB_Exch,INT_AGE_X_POWER_GEE_NB_Exch,HR,HR_int_age_x_power,False,age_x_power,Speaker_gender[T.M],0.452,0.3434,0.595,0.0,484243,280,1.751490,0.0500,fp_count ~ Speaker_gender + I((Speaker_age_at_session - 49.556365) / 10) + scale(speech_rate_syll) + Sentiment_label_float + Party_status + Party_orientation_float + I((Speaker_age_at_session - 49.556365) / 10) : Party_status,syll,Speaker_ID,2026-06-19_15-43-51,,,,,False,False
INT_AGE_X_POWER,GEE_NB_Exch,INT_AGE_X_POWER_GEE_NB_Exch,HR,HR_int_age_x_power,False,age_x_power,I((Speaker_age_at_session - 49.556365) / 10),0.7618,0.6696,0.8666,0.0,484243,280,1.751490,0.0500,fp_count ~ Speaker_gender + I((Speaker_age_at_session - 49.556365) / 10) + scale(speech_rate_syll) + Sentiment_label_float + Party_status + Party_orientation_float + I((Speaker_age_at_session - 49.556365) / 10) : Party_status,syll,Speaker_ID,2026-06-19_15-43-51,,,,,False,False
INT_AGE_X_POWER,GEE_NB_Exch,INT_AGE_X_POWER_GEE_NB_Exch,HR,HR_int_age_x_power,False,age_x_power,scale(speech_rate_syll),0.6641,0.642,0.687,0.0,484243,280,1.751490,0.0500,fp_count ~ Speaker_gender + I((Speaker_age_at_session - 49.556365) / 10) + scale(speech_rate_syll) + Sentiment_label_float + Party_status + Party_orientation_float + I((Speaker_age_at_session - 49.556365) / 10) : Party_status,syll,Speaker_ID,2026-06-19_15-43-51,,,,,False,False
INT_AGE_X_POWER,GEE_NB_Exch,INT_AGE_X_POWER_GEE_NB_Exch,HR,HR_int_age_x_power,False,age_x_power,Sentiment_label_float,1.0502,1.0404,1.06,0.0,484243,280,1.751490,0.0500,fp_count ~ Speaker_gender + I((Speaker_age_at_session - 49.556365) / 10) + scale(speech_rate_syll) + Sentiment_label_float + Party_status + Party_orientation_float + I((Speaker_age_at_session - 49.556365) / 10) : Party_status,syll,Speaker_ID,2026-06-19_15-43-51,,,,,False,False
INT_AGE_X_POWER,GEE_NB_Exch,INT_AGE_X_POWER_GEE_NB_Exch,HR,HR_int_age_x_power,False,age_x_power,Party_status,0.9741,0.7605,1.2476,0.8352,484243,280,1.751490,0.0500,fp_count ~ Speaker_gender + I((Speaker_age_at_session - 49.556365) / 10) + scale(speech_rate_syll) + Sentiment_label_float + Party_status + Party_orientation_float + I((Speaker_age_at_session - 49.556365) / 10) : Party_status,syll,Speaker_ID,2026-06-19_15-43-51,,,,,False,False
INT_AGE_X_POWER,GEE_NB_Exch,INT_AGE_X_POWER_GEE_NB_Exch,HR,HR_int_age_x_power,False,age_x_power,Party_orientation_float,0.8687,0.7685,0.9818,0.0242,484243,280,1.751490,0.0500,fp_count ~ Speaker_gender + I((Speaker_age_at_session - 49.556365) / 10) + scale(speech_rate_syll) + Sentiment_label_float + Party_status + Party_orientation_float + I((Speaker_age_at_session - 49.556365) / 10) : Party_status,syll,Speaker_ID,2026-06-19_15-43-51,,,,,False,False
INT_AGE_X_POWER,GEE_NB_Exch,INT_AGE_X_POWER_GEE_NB_Exch,HR,HR_int_age_x_power,False,age_x_power,I((Speaker_age_at_session - 49.556365) / 10):Party_status,0.8675,0.6867,1.0959,0.2334,484243,280,1.751490,0.0500,fp_count ~ Speaker_gender + I((Speaker_age_at_session - 49.556365) / 10) + scale(speech_rate_syll) + Sentiment_label_float + Party_status + Party_orientation_float + I((Speaker_age_at_session - 49.556365) / 10) : Party_status,syll,Speaker_ID,2026-06-19_15-43-51,,,,,False,False
INT_AGE_X_POWER,GEE_NB_Indep,INT_AGE_X_POWER_GEE_NB_Indep,HR,HR_int_age_x_power,False,age_x_power,Intercept,0.0474,0.0405,0.0554,0.0,484243,280,1.751490,,fp_count ~ Speaker_gender + I((Speaker_age_at_session - 49.556365) / 10) + scale(speech_rate_syll) + Sentiment_label_float + Party_status + Party_orientation_float + I((Speaker_age_at_session - 49.556365) / 10) : Party_status,syll,Speaker_ID,2026-06-19_15-43-51,,,,,False,False
INT_AGE_X_POWER,GEE_NB_Indep,INT_AGE_X_POWER_GEE_NB_Indep,HR,HR_int_age_x_power,False,age_x_power,Speaker_gender[T.M],0.5261,0.438,0.6319,0.0,484243,280,1.751490,,fp_count ~ Speaker_gender + I((Speaker_age_at_session - 49.556365) / 10) + scale(speech_rate_syll) + Sentiment_label_float + Party_status + Party_orientation_float + I((Speaker_age_at_session - 49.556365) / 10) : Party_status,syll,Speaker_ID,2026-06-19_15-43-51,,,,,False,False
INT_AGE_X_POWER,GEE_NB_Indep,INT_AGE_X_POWER_GEE_NB_Indep,HR,HR_int_age_x_power,False,age_x_power,I((Speaker_age_at_session - 49.556365) / 10),0.9153,0.8113,1.0326,0.1503,484243,280,1.751490,,fp_count ~ Speaker_gender + I((Speaker_age_at_session - 49.556365) / 10) + scale(speech_rate_syll) + Sentiment_label_float + Party_status + Party_orientation_float + I((Speaker_age_at_session - 49.556365) / 10) : Party_status,syll,Speaker_ID,2026-06-19_15-43-51,,,,,False,False
INT_AGE_X_POWER,GEE_NB_Indep,INT_AGE_X_POWER_GEE_NB_Indep,HR,HR_int_age_x_power,False,age_x_power,scale(speech_rate_syll),0.6979,0.6625,0.7353,0.0,484243,280,1.751490,,fp_count ~ Speaker_gender + I((Speaker_age_at_session - 49.556365) / 10) + scale(speech_rate_syll) + Sentiment_label_float + Party_status + Party_orientation_float + I((Speaker_age_at_session - 49.556365) / 10) : Party_status,syll,Speaker_ID,2026-06-19_15-43-51,,,,,False,False
INT_AGE_X_POWER,GEE_NB_Indep,INT_AGE_X_POWER_GEE_NB_Indep,HR,HR_int_age_x_power,False,age_x_power,Sentiment_label_float,1.0567,1.0378,1.076,0.0,484243,280,1.751490,,fp_count ~ Speaker_gender + I((Speaker_age_at_session - 49.556365) / 10) + scale(speech_rate_syll) + Sentiment_label_float + Party_status + Party_orientation_float + I((Speaker_age_at_session - 49.556365) / 10) : Party_status,syll,Speaker_ID,2026-06-19_15-43-51,,,,,False,False
INT_AGE_X_POWER,GEE_NB_Indep,INT_AGE_X_POWER_GEE_NB_Indep,HR,HR_int_age_x_power,False,age_x_power,Party_status,0.6723,0.5252,0.8608,0.0016,484243,280,1.751490,,fp_count ~ Speaker_gender + I((Speaker_age_at_session - 49.556365) / 10) + scale(speech_rate_syll) + Sentiment_label_float + Party_status + Party_orientation_float + I((Speaker_age_at_session - 49.556365) / 10) : Party_status,syll,Speaker_ID,2026-06-19_15-43-51,,,,,False,False
INT_AGE_X_POWER,GEE_NB_Indep,INT_AGE_X_POWER_GEE_NB_Indep,HR,HR_int_age_x_power,False,age_x_power,Party_orientation_float,1.0005,0.9181,1.0903,0.9903,484243,280,1.751490,,fp_count ~ Speaker_gender + I((Speaker_age_at_session - 49.556365) / 10) + scale(speech_rate_syll) + Sentiment_label_float + Party_status + Party_orientation_float + I((Speaker_age_at_session - 49.556365) / 10) : Party_status,syll,Speaker_ID,2026-06-19_15-43-51,,,,,False,False
INT_AGE_X_POWER,GEE_NB_Indep,INT_AGE_X_POWER_GEE_NB_Indep,HR,HR_int_age_x_power,False,age_x_power,I((Speaker_age_at_session - 49.556365) / 10):Party_status,0.8735,0.6225,1.2258,0.4341,484243,280,1.751490,,fp_count ~ Speaker_gender + I((Speaker_age_at_session - 49.556365) / 10) + scale(speech_rate_syll) + Sentiment_label_float + Party_status + Party_orientation_float + I((Speaker_age_at_session - 49.556365) / 10) : Party_status,syll,Speaker_ID,2026-06-19_15-43-51,,,,,False,False
INT_AGE_X_POWER,GLM_NB_Cluster,INT_AGE_X_POWER_GLM_NB_Cluster,HR,HR_int_age_x_power,False,age_x_power,Intercept,0.0474,0.0404,0.0556,0.0,484243,280,1.751490,,fp_count ~ Speaker_gender + I((Speaker_age_at_session - 49.556365) / 10) + scale(speech_rate_syll) + Sentiment_label_float + Party_status + Party_orientation_float + I((Speaker_age_at_session - 49.556365) / 10) : Party_status,syll,Speaker_ID,2026-06-19_15-43-51,,,,,False,False
INT_AGE_X_POWER,GLM_NB_Cluster,INT_AGE_X_POWER_GLM_NB_Cluster,HR,HR_int_age_x_power,False,age_x_power,Speaker_gender[T.M],0.5261,0.436,0.6348,0.0,484243,280,1.751490,,fp_count ~ Speaker_gender + I((Speaker_age_at_session - 49.556365) / 10) + scale(speech_rate_syll) + Sentiment_label_float + Party_status + Party_orientation_float + I((Speaker_age_at_session - 49.556365) / 10) : Party_status,syll,Speaker_ID,2026-06-19_15-43-51,,,,,False,False
INT_AGE_X_POWER,GLM_NB_Cluster,INT_AGE_X_POWER_GLM_NB_Cluster,HR,HR_int_age_x_power,False,age_x_power,I((Speaker_age_at_session - 49.556365) / 10),0.9153,0.8096,1.0348,0.1574,484243,280,1.751490,,fp_count ~ Speaker_gender + I((Speaker_age_at_session - 49.556365) / 10) + scale(speech_rate_syll) + Sentiment_label_float + Party_status + Party_orientation_float + I((Speaker_age_at_session - 49.556365) / 10) : Party_status,syll,Speaker_ID,2026-06-19_15-43-51,,,,,False,False
INT_AGE_X_POWER,GLM_NB_Cluster,INT_AGE_X_POWER_GLM_NB_Cluster,HR,HR_int_age_x_power,False,age_x_power,scale(speech_rate_syll),0.6979,0.6602,0.7378,0.0,484243,280,1.751490,,fp_count ~ Speaker_gender + I((Speaker_age_at_session - 49.556365) / 10) + scale(speech_rate_syll) + Sentiment_label_float + Party_status + Party_orientation_float + I((Speaker_age_at_session - 49.556365) / 10) : Party_status,syll,Speaker_ID,2026-06-19_15-43-51,,,,,False,False
INT_AGE_X_POWER,GLM_NB_Cluster,INT_AGE_X_POWER_GLM_NB_Cluster,HR,HR_int_age_x_power,False,age_x_power,Sentiment_label_float,1.0567,1.0375,1.0763,0.0,484243,280,1.751490,,fp_count ~ Speaker_gender + I((Speaker_age_at_session - 49.556365) / 10) + scale(speech_rate_syll) + Sentiment_label_float + Party_status + Party_orientation_float + I((Speaker_age_at_session - 49.556365) / 10) : Party_status,syll,Speaker_ID,2026-06-19_15-43-51,,,,,False,False
INT_AGE_X_POWER,GLM_NB_Cluster,INT_AGE_X_POWER_GLM_NB_Cluster,HR,HR_int_age_x_power,False,age_x_power,Party_status,0.6723,0.5201,0.8692,0.0025,484243,280,1.751490,,fp_count ~ Speaker_gender + I((Speaker_age_at_session - 49.556365) / 10) + scale(speech_rate_syll) + Sentiment_label_float + Party_status + Party_orientation_float + I((Speaker_age_at_session - 49.556365) / 10) : Party_status,syll,Speaker_ID,2026-06-19_15-43-51,,,,,False,False
INT_AGE_X_POWER,GLM_NB_Cluster,INT_AGE_X_POWER_GLM_NB_Cluster,HR,HR_int_age_x_power,False,age_x_power,Party_orientation_float,1.0005,0.9139,1.0954,0.9908,484243,280,1.751490,,fp_count ~ Speaker_gender + I((Speaker_age_at_session - 49.556365) / 10) + scale(speech_rate_syll) + Sentiment_label_float + Party_status + Party_orientation_float + I((Speaker_age_at_session - 49.556365) / 10) : Party_status,syll,Speaker_ID,2026-06-19_15-43-51,,,,,False,False
INT_AGE_X_POWER,GLM_NB_Cluster,INT_AGE_X_POWER_GLM_NB_Cluster,HR,HR_int_age_x_power,False,age_x_power,I((Speaker_age_at_session - 49.556365) / 10):Party_status,0.8735,0.6052,1.2608,0.4702,484243,280,1.751490,,fp_count ~ Speaker_gender + I((Speaker_age_at_session - 49.556365) / 10) + scale(speech_rate_syll) + Sentiment_label_float + Party_status + Party_orientation_float + I((Speaker_age_at_session - 49.556365) / 10) : Party_status,syll,Speaker_ID,2026-06-19_15-43-51,,,,,False,False
INT_AGE_X_POWER,GLM_NB,INT_AGE_X_POWER_GLM_NB,HR,HR_int_age_x_power,False,age_x_power,Intercept,0.0474,0.0469,0.0479,0.0,484243,280,1.751490,,fp_count ~ Speaker_gender + I((Speaker_age_at_session - 49.556365) / 10) + scale(speech_rate_syll) + Sentiment_label_float + Party_status + Party_orientation_float + I((Speaker_age_at_session - 49.556365) / 10) : Party_status,syll,Speaker_ID,2026-06-19_15-43-51,,,,,False,False
INT_AGE_X_POWER,GLM_NB,INT_AGE_X_POWER_GLM_NB,HR,HR_int_age_x_power,False,age_x_power,Speaker_gender[T.M],0.5261,0.5192,0.5331,0.0,484243,280,1.751490,,fp_count ~ Speaker_gender + I((Speaker_age_at_session - 49.556365) / 10) + scale(speech_rate_syll) + Sentiment_label_float + Party_status + Party_orientation_float + I((Speaker_age_at_session - 49.556365) / 10) : Party_status,syll,Speaker_ID,2026-06-19_15-43-51,,,,,False,False
INT_AGE_X_POWER,GLM_NB,INT_AGE_X_POWER_GLM_NB,HR,HR_int_age_x_power,False,age_x_power,I((Speaker_age_at_session - 49.556365) / 10),0.9153,0.9082,0.9224,0.0,484243,280,1.751490,,fp_count ~ Speaker_gender + I((Speaker_age_at_session - 49.556365) / 10) + scale(speech_rate_syll) + Sentiment_label_float + Party_status + Party_orientation_float + I((Speaker_age_at_session - 49.556365) / 10) : Party_status,syll,Speaker_ID,2026-06-19_15-43-51,,,,,False,False
INT_AGE_X_POWER,GLM_NB,INT_AGE_X_POWER_GLM_NB,HR,HR_int_age_x_power,False,age_x_power,scale(speech_rate_syll),0.6979,0.6933,0.7026,0.0,484243,280,1.751490,,fp_count ~ Speaker_gender + I((Speaker_age_at_session - 49.556365) / 10) + scale(speech_rate_syll) + Sentiment_label_float + Party_status + Party_orientation_float + I((Speaker_age_at_session - 49.556365) / 10) : Party_status,syll,Speaker_ID,2026-06-19_15-43-51,,,,,False,False
INT_AGE_X_POWER,GLM_NB,INT_AGE_X_POWER_GLM_NB,HR,HR_int_age_x_power,False,age_x_power,Sentiment_label_float,1.0567,1.0533,1.0601,0.0,484243,280,1.751490,,fp_count ~ Speaker_gender + I((Speaker_age_at_session - 49.556365) / 10) + scale(speech_rate_syll) + Sentiment_label_float + Party_status + Party_orientation_float + I((Speaker_age_at_session - 49.556365) / 10) : Party_status,syll,Speaker_ID,2026-06-19_15-43-51,,,,,False,False
INT_AGE_X_POWER,GLM_NB,INT_AGE_X_POWER_GLM_NB,HR,HR_int_age_x_power,False,age_x_power,Party_status,0.6723,0.6619,0.683,0.0,484243,280,1.751490,,fp_count ~ Speaker_gender + I((Speaker_age_at_session - 49.556365) / 10) + scale(speech_rate_syll) + Sentiment_label_float + Party_status + Party_orientation_float + I((Speaker_age_at_session - 49.556365) / 10) : Party_status,syll,Speaker_ID,2026-06-19_15-43-51,,,,,False,False
INT_AGE_X_POWER,GLM_NB,INT_AGE_X_POWER_GLM_NB,HR,HR_int_age_x_power,False,age_x_power,Party_orientation_float,1.0005,0.9947,1.0064,0.8585,484243,280,1.751490,,fp_count ~ Speaker_gender + I((Speaker_age_at_session - 49.556365) / 10) + scale(speech_rate_syll) + Sentiment_label_float + Party_status + Party_orientation_float + I((Speaker_age_at_session - 49.556365) / 10) : Party_status,syll,Speaker_ID,2026-06-19_15-43-51,,,,,False,False
INT_AGE_X_POWER,GLM_NB,INT_AGE_X_POWER_GLM_NB,HR,HR_int_age_x_power,False,age_x_power,I((Speaker_age_at_session - 49.556365) / 10):Party_status,0.8735,0.8572,0.8902,0.0,484243,280,1.751490,,fp_count ~ Speaker_gender + I((Speaker_age_at_session - 49.556365) / 10) + scale(speech_rate_syll) + Sentiment_label_float + Party_status + Party_orientation_float + I((Speaker_age_at_session - 49.556365) / 10) : Party_status,syll,Speaker_ID,2026-06-19_15-43-51,,,,,False,False
INT_GENDER_X_ORIENTATION,GEE_NB_Exch,INT_GENDER_X_ORIENTATION_GEE_NB_Exch,RS,RS_int_gender_x_orientation,False,gender_x_orientation,Intercept,0.0369,0.0324,0.0419,0.0,180361,534,1.858537,0.0881,fp_count ~ Speaker_gender + I((Speaker_age_at_session - 48.047898) / 10) + scale(speech_rate_syll) + Sentiment_label_float + Party_status + Party_orientation_float + Speaker_gender : Party_orientation_float,syll,Speaker_ID,2026-06-19_15-43-51,,,,,False,False
INT_GENDER_X_ORIENTATION,GEE_NB_Exch,INT_GENDER_X_ORIENTATION_GEE_NB_Exch,RS,RS_int_gender_x_orientation,False,gender_x_orientation,Speaker_gender[T.M],0.3605,0.2909,0.4467,0.0,180361,534,1.858537,0.0881,fp_count ~ Speaker_gender + I((Speaker_age_at_session - 48.047898) / 10) + scale(speech_rate_syll) + Sentiment_label_float + Party_status + Party_orientation_float + Speaker_gender : Party_orientation_float,syll,Speaker_ID,2026-06-19_15-43-51,,,,,False,False
INT_GENDER_X_ORIENTATION,GEE_NB_Exch,INT_GENDER_X_ORIENTATION_GEE_NB_Exch,RS,RS_int_gender_x_orientation,False,gender_x_orientation,I((Speaker_age_at_session - 48.047898) / 10),0.8019,0.7362,0.8736,0.0,180361,534,1.858537,0.0881,fp_count ~ Speaker_gender + I((Speaker_age_at_session - 48.047898) / 10) + scale(speech_rate_syll) + Sentiment_label_float + Party_status + Party_orientation_float + Speaker_gender : Party_orientation_float,syll,Speaker_ID,2026-06-19_15-43-51,,,,,False,False
INT_GENDER_X_ORIENTATION,GEE_NB_Exch,INT_GENDER_X_ORIENTATION_GEE_NB_Exch,RS,RS_int_gender_x_orientation,False,gender_x_orientation,scale(speech_rate_syll),0.6154,0.59,0.642,0.0,180361,534,1.858537,0.0881,fp_count ~ Speaker_gender + I((Speaker_age_at_session - 48.047898) / 10) + scale(speech_rate_syll) + Sentiment_label_float + Party_status + Party_orientation_float + Speaker_gender : Party_orientation_float,syll,Speaker_ID,2026-06-19_15-43-51,,,,,False,False
INT_GENDER_X_ORIENTATION,GEE_NB_Exch,INT_GENDER_X_ORIENTATION_GEE_NB_Exch,RS,RS_int_gender_x_orientation,False,gender_x_orientation,Sentiment_label_float,1.0545,1.0437,1.0655,0.0,180361,534,1.858537,0.0881,fp_count ~ Speaker_gender + I((Speaker_age_at_session - 48.047898) / 10) + scale(speech_rate_syll) + Sentiment_label_float + Party_status + Party_orientation_float + Speaker_gender : Party_orientation_float,syll,Speaker_ID,2026-06-19_15-43-51,,,,,False,False
INT_GENDER_X_ORIENTATION,GEE_NB_Exch,INT_GENDER_X_ORIENTATION_GEE_NB_Exch,RS,RS_int_gender_x_orientation,False,gender_x_orientation,Party_status,1.5209,1.0555,2.1916,0.0245,180361,534,1.858537,0.0881,fp_count ~ Speaker_gender + I((Speaker_age_at_session - 48.047898) / 10) + scale(speech_rate_syll) + Sentiment_label_float + Party_status + Party_orientation_float + Speaker_gender : Party_orientation_float,syll,Speaker_ID,2026-06-19_15-43-51,,,,,False,False
INT_GENDER_X_ORIENTATION,GEE_NB_Exch,INT_GENDER_X_ORIENTATION_GEE_NB_Exch,RS,RS_int_gender_x_orientation,False,gender_x_orientation,Party_orientation_float,0.9548,0.8379,1.0879,0.487,180361,534,1.858537,0.0881,fp_count ~ Speaker_gender + I((Speaker_age_at_session - 48.047898) / 10) + scale(speech_rate_syll) + Sentiment_label_float + Party_status + Party_orientation_float + Speaker_gender : Party_orientation_float,syll,Speaker_ID,2026-06-19_15-43-51,,,,,False,False
INT_GENDER_X_ORIENTATION,GEE_NB_Exch,INT_GENDER_X_ORIENTATION_GEE_NB_Exch,RS,RS_int_gender_x_orientation,False,gender_x_orientation,Speaker_gender[T.M]:Party_orientation_float,1.0541,0.9029,1.2306,0.5048,180361,534,1.858537,0.0881,fp_count ~ Speaker_gender + I((Speaker_age_at_session - 48.047898) / 10) + scale(speech_rate_syll) + Sentiment_label_float + Party_status + Party_orientation_float + Speaker_gender : Party_orientation_float,syll,Speaker_ID,2026-06-19_15-43-51,,,,,False,False
INT_GENDER_X_ORIENTATION,GEE_NB_Indep,INT_GENDER_X_ORIENTATION_GEE_NB_Indep,RS,RS_int_gender_x_orientation,False,gender_x_orientation,Intercept,0.0347,0.0304,0.0397,0.0,180361,534,1.858537,,fp_count ~ Speaker_gender + I((Speaker_age_at_session - 48.047898) / 10) + scale(speech_rate_syll) + Sentiment_label_float + Party_status + Party_orientation_float + Speaker_gender : Party_orientation_float,syll,Speaker_ID,2026-06-19_15-43-51,,,,,False,False
INT_GENDER_X_ORIENTATION,GEE_NB_Indep,INT_GENDER_X_ORIENTATION_GEE_NB_Indep,RS,RS_int_gender_x_orientation,False,gender_x_orientation,Speaker_gender[T.M],0.3919,0.3187,0.482,0.0,180361,534,1.858537,,fp_count ~ Speaker_gender + I((Speaker_age_at_session - 48.047898) / 10) + scale(speech_rate_syll) + Sentiment_label_float + Party_status + Party_orientation_float + Speaker_gender : Party_orientation_float,syll,Speaker_ID,2026-06-19_15-43-51,,,,,False,False
INT_GENDER_X_ORIENTATION,GEE_NB_Indep,INT_GENDER_X_ORIENTATION_GEE_NB_Indep,RS,RS_int_gender_x_orientation,False,gender_x_orientation,I((Speaker_age_at_session - 48.047898) / 10),0.7754,0.712,0.8445,0.0,180361,534,1.858537,,fp_count ~ Speaker_gender + I((Speaker_age_at_session - 48.047898) / 10) + scale(speech_rate_syll) + Sentiment_label_float + Party_status + Party_orientation_float + Speaker_gender : Party_orientation_float,syll,Speaker_ID,2026-06-19_15-43-51,,,,,False,False
INT_GENDER_X_ORIENTATION,GEE_NB_Indep,INT_GENDER_X_ORIENTATION_GEE_NB_Indep,RS,RS_int_gender_x_orientation,False,gender_x_orientation,scale(speech_rate_syll),0.6331,0.5886,0.6809,0.0,180361,534,1.858537,,fp_count ~ Speaker_gender + I((Speaker_age_at_session - 48.047898) / 10) + scale(speech_rate_syll) + Sentiment_label_float + Party_status + Party_orientation_float + Speaker_gender : Party_orientation_float,syll,Speaker_ID,2026-06-19_15-43-51,,,,,False,False
INT_GENDER_X_ORIENTATION,GEE_NB_Indep,INT_GENDER_X_ORIENTATION_GEE_NB_Indep,RS,RS_int_gender_x_orientation,False,gender_x_orientation,Sentiment_label_float,1.0824,1.0571,1.1082,0.0,180361,534,1.858537,,fp_count ~ Speaker_gender + I((Speaker_age_at_session - 48.047898) / 10) + scale(speech_rate_syll) + Sentiment_label_float + Party_status + Party_orientation_float + Speaker_gender : Party_orientation_float,syll,Speaker_ID,2026-06-19_15-43-51,,,,,False,False
INT_GENDER_X_ORIENTATION,GEE_NB_Indep,INT_GENDER_X_ORIENTATION_GEE_NB_Indep,RS,RS_int_gender_x_orientation,False,gender_x_orientation,Party_status,1.4623,0.9485,2.2542,0.0853,180361,534,1.858537,,fp_count ~ Speaker_gender + I((Speaker_age_at_session - 48.047898) / 10) + scale(speech_rate_syll) + Sentiment_label_float + Party_status + Party_orientation_float + Speaker_gender : Party_orientation_float,syll,Speaker_ID,2026-06-19_15-43-51,,,,,False,False
INT_GENDER_X_ORIENTATION,GEE_NB_Indep,INT_GENDER_X_ORIENTATION_GEE_NB_Indep,RS,RS_int_gender_x_orientation,False,gender_x_orientation,Party_orientation_float,0.9946,0.8722,1.1343,0.9362,180361,534,1.858537,,fp_count ~ Speaker_gender + I((Speaker_age_at_session - 48.047898) / 10) + scale(speech_rate_syll) + Sentiment_label_float + Party_status + Party_orientation_float + Speaker_gender : Party_orientation_float,syll,Speaker_ID,2026-06-19_15-43-51,,,,,False,False
INT_GENDER_X_ORIENTATION,GEE_NB_Indep,INT_GENDER_X_ORIENTATION_GEE_NB_Indep,RS,RS_int_gender_x_orientation,False,gender_x_orientation,Speaker_gender[T.M]:Party_orientation_float,1.0835,0.9354,1.2549,0.2848,180361,534,1.858537,,fp_count ~ Speaker_gender + I((Speaker_age_at_session - 48.047898) / 10) + scale(speech_rate_syll) + Sentiment_label_float + Party_status + Party_orientation_float + Speaker_gender : Party_orientation_float,syll,Speaker_ID,2026-06-19_15-43-51,,,,,False,False
INT_GENDER_X_ORIENTATION,GLM_NB_Cluster,INT_GENDER_X_ORIENTATION_GLM_NB_Cluster,RS,RS_int_gender_x_orientation,False,gender_x_orientation,Intercept,0.0347,0.0305,0.0395,0.0,180361,534,1.858537,,fp_count ~ Speaker_gender + I((Speaker_age_at_session - 48.047898) / 10) + scale(speech_rate_syll) + Sentiment_label_float + Party_status + Party_orientation_float + Speaker_gender : Party_orientation_float,syll,Speaker_ID,2026-06-19_15-43-51,,,,,False,False
INT_GENDER_X_ORIENTATION,GLM_NB_Cluster,INT_GENDER_X_ORIENTATION_GLM_NB_Cluster,RS,RS_int_gender_x_orientation,False,gender_x_orientation,Speaker_gender[T.M],0.3919,0.3183,0.4826,0.0,180361,534,1.858537,,fp_count ~ Speaker_gender + I((Speaker_age_at_session - 48.047898) / 10) + scale(speech_rate_syll) + Sentiment_label_float + Party_status + Party_orientation_float + Speaker_gender : Party_orientation_float,syll,Speaker_ID,2026-06-19_15-43-51,,,,,False,False
INT_GENDER_X_ORIENTATION,GLM_NB_Cluster,INT_GENDER_X_ORIENTATION_GLM_NB_Cluster,RS,RS_int_gender_x_orientation,False,gender_x_orientation,I((Speaker_age_at_session - 48.047898) / 10),0.7754,0.7086,0.8486,0.0,180361,534,1.858537,,fp_count ~ Speaker_gender + I((Speaker_age_at_session - 48.047898) / 10) + scale(speech_rate_syll) + Sentiment_label_float + Party_status + Party_orientation_float + Speaker_gender : Party_orientation_float,syll,Speaker_ID,2026-06-19_15-43-51,,,,,False,False
INT_GENDER_X_ORIENTATION,GLM_NB_Cluster,INT_GENDER_X_ORIENTATION_GLM_NB_Cluster,RS,RS_int_gender_x_orientation,False,gender_x_orientation,scale(speech_rate_syll),0.6331,0.5867,0.6831,0.0,180361,534,1.858537,,fp_count ~ Speaker_gender + I((Speaker_age_at_session - 48.047898) / 10) + scale(speech_rate_syll) + Sentiment_label_float + Party_status + Party_orientation_float + Speaker_gender : Party_orientation_float,syll,Speaker_ID,2026-06-19_15-43-51,,,,,False,False
INT_GENDER_X_ORIENTATION,GLM_NB_Cluster,INT_GENDER_X_ORIENTATION_GLM_NB_Cluster,RS,RS_int_gender_x_orientation,False,gender_x_orientation,Sentiment_label_float,1.0824,1.0567,1.1087,0.0,180361,534,1.858537,,fp_count ~ Speaker_gender + I((Speaker_age_at_session - 48.047898) / 10) + scale(speech_rate_syll) + Sentiment_label_float + Party_status + Party_orientation_float + Speaker_gender : Party_orientation_float,syll,Speaker_ID,2026-06-19_15-43-51,,,,,False,False
INT_GENDER_X_ORIENTATION,GLM_NB_Cluster,INT_GENDER_X_ORIENTATION_GLM_NB_Cluster,RS,RS_int_gender_x_orientation,False,gender_x_orientation,Party_status,1.4623,0.9787,2.1848,0.0636,180361,534,1.858537,,fp_count ~ Speaker_gender + I((Speaker_age_at_session - 48.047898) / 10) + scale(speech_rate_syll) + Sentiment_label_float + Party_status + Party_orientation_float + Speaker_gender : Party_orientation_float,syll,Speaker_ID,2026-06-19_15-43-51,,,,,False,False
INT_GENDER_X_ORIENTATION,GLM_NB_Cluster,INT_GENDER_X_ORIENTATION_GLM_NB_Cluster,RS,RS_int_gender_x_orientation,False,gender_x_orientation,Party_orientation_float,0.9946,0.8789,1.1256,0.9322,180361,534,1.858537,,fp_count ~ Speaker_gender + I((Speaker_age_at_session - 48.047898) / 10) + scale(speech_rate_syll) + Sentiment_label_float + Party_status + Party_orientation_float + Speaker_gender : Party_orientation_float,syll,Speaker_ID,2026-06-19_15-43-51,,,,,False,False
INT_GENDER_X_ORIENTATION,GLM_NB_Cluster,INT_GENDER_X_ORIENTATION_GLM_NB_Cluster,RS,RS_int_gender_x_orientation,False,gender_x_orientation,Speaker_gender[T.M]:Party_orientation_float,1.0835,0.9284,1.2644,0.3089,180361,534,1.858537,,fp_count ~ Speaker_gender + I((Speaker_age_at_session - 48.047898) / 10) + scale(speech_rate_syll) + Sentiment_label_float + Party_status + Party_orientation_float + Speaker_gender : Party_orientation_float,syll,Speaker_ID,2026-06-19_15-43-51,,,,,False,False
INT_GENDER_X_ORIENTATION,GLM_NB,INT_GENDER_X_ORIENTATION_GLM_NB,RS,RS_int_gender_x_orientation,False,gender_x_orientation,Intercept,0.0347,0.0341,0.0354,0.0,180361,534,1.858537,,fp_count ~ Speaker_gender + I((Speaker_age_at_session - 48.047898) / 10) + scale(speech_rate_syll) + Sentiment_label_float + Party_status + Party_orientation_float + Speaker_gender : Party_orientation_float,syll,Speaker_ID,2026-06-19_15-43-51,,,,,False,False
INT_GENDER_X_ORIENTATION,GLM_NB,INT_GENDER_X_ORIENTATION_GLM_NB,RS,RS_int_gender_x_orientation,False,gender_x_orientation,Speaker_gender[T.M],0.3919,0.3828,0.4013,0.0,180361,534,1.858537,,fp_count ~ Speaker_gender + I((Speaker_age_at_session - 48.047898) / 10) + scale(speech_rate_syll) + Sentiment_label_float + Party_status + Party_orientation_float + Speaker_gender : Party_orientation_float,syll,Speaker_ID,2026-06-19_15-43-51,,,,,False,False
INT_GENDER_X_ORIENTATION,GLM_NB,INT_GENDER_X_ORIENTATION_GLM_NB,RS,RS_int_gender_x_orientation,False,gender_x_orientation,I((Speaker_age_at_session - 48.047898) / 10),0.7754,0.7671,0.7839,0.0,180361,534,1.858537,,fp_count ~ Speaker_gender + I((Speaker_age_at_session - 48.047898) / 10) + scale(speech_rate_syll) + Sentiment_label_float + Party_status + Party_orientation_float + Speaker_gender : Party_orientation_float,syll,Speaker_ID,2026-06-19_15-43-51,,,,,False,False
INT_GENDER_X_ORIENTATION,GLM_NB,INT_GENDER_X_ORIENTATION_GLM_NB,RS,RS_int_gender_x_orientation,False,gender_x_orientation,scale(speech_rate_syll),0.6331,0.6248,0.6414,0.0,180361,534,1.858537,,fp_count ~ Speaker_gender + I((Speaker_age_at_session - 48.047898) / 10) + scale(speech_rate_syll) + Sentiment_label_float + Party_status + Party_orientation_float + Speaker_gender : Party_orientation_float,syll,Speaker_ID,2026-06-19_15-43-51,,,,,False,False
INT_GENDER_X_ORIENTATION,GLM_NB,INT_GENDER_X_ORIENTATION_GLM_NB,RS,RS_int_gender_x_orientation,False,gender_x_orientation,Sentiment_label_float,1.0824,1.0762,1.0886,0.0,180361,534,1.858537,,fp_count ~ Speaker_gender + I((Speaker_age_at_session - 48.047898) / 10) + scale(speech_rate_syll) + Sentiment_label_float + Party_status + Party_orientation_float + Speaker_gender : Party_orientation_float,syll,Speaker_ID,2026-06-19_15-43-51,,,,,False,False
INT_GENDER_X_ORIENTATION,GLM_NB,INT_GENDER_X_ORIENTATION_GLM_NB,RS,RS_int_gender_x_orientation,False,gender_x_orientation,Party_status,1.4623,1.4034,1.5236,0.0,180361,534,1.858537,,fp_count ~ Speaker_gender + I((Speaker_age_at_session - 48.047898) / 10) + scale(speech_rate_syll) + Sentiment_label_float + Party_status + Party_orientation_float + Speaker_gender : Party_orientation_float,syll,Speaker_ID,2026-06-19_15-43-51,,,,,False,False
INT_GENDER_X_ORIENTATION,GLM_NB,INT_GENDER_X_ORIENTATION_GLM_NB,RS,RS_int_gender_x_orientation,False,gender_x_orientation,Party_orientation_float,0.9946,0.9779,1.0117,0.535,180361,534,1.858537,,fp_count ~ Speaker_gender + I((Speaker_age_at_session - 48.047898) / 10) + scale(speech_rate_syll) + Sentiment_label_float + Party_status + Party_orientation_float + Speaker_gender : Party_orientation_float,syll,Speaker_ID,2026-06-19_15-43-51,,,,,False,False
INT_GENDER_X_ORIENTATION,GLM_NB,INT_GENDER_X_ORIENTATION_GLM_NB,RS,RS_int_gender_x_orientation,False,gender_x_orientation,Speaker_gender[T.M]:Party_orientation_float,1.0835,1.064,1.1033,0.0,180361,534,1.858537,,fp_count ~ Speaker_gender + I((Speaker_age_at_session - 48.047898) / 10) + scale(speech_rate_syll) + Sentiment_label_float + Party_status + Party_orientation_float + Speaker_gender : Party_orientation_float,syll,Speaker_ID,2026-06-19_15-43-51,,,,,False,False
INT_GENDER_X_POWER,GEE_NB_Exch,INT_GENDER_X_POWER_GEE_NB_Exch,HR,HR_int_gender_x_power,False,gender_x_power,Intercept,0.0443,0.0356,0.0551,0.0,484243,280,1.751533,0.0555,fp_count ~ Speaker_gender + I((Speaker_age_at_session - 49.556365) / 10) + scale(speech_rate_syll) + Sentiment_label_float + Party_status + Party_orientation_float + Speaker_gender : Party_status,syll,Speaker_ID,2026-06-19_15-43-51,,,,,False,False
INT_GENDER_X_POWER,GEE_NB_Exch,INT_GENDER_X_POWER_GEE_NB_Exch,HR,HR_int_gender_x_power,False,gender_x_power,Speaker_gender[T.M],0.4683,0.3525,0.6222,0.0,484243,280,1.751533,0.0555,fp_count ~ Speaker_gender + I((Speaker_age_at_session - 49.556365) / 10) + scale(speech_rate_syll) + Sentiment_label_float + Party_status + Party_orientation_float + Speaker_gender : Party_status,syll,Speaker_ID,2026-06-19_15-43-51,,,,,False,False
INT_GENDER_X_POWER,GEE_NB_Exch,INT_GENDER_X_POWER_GEE_NB_Exch,HR,HR_int_gender_x_power,False,gender_x_power,I((Speaker_age_at_session - 49.556365) / 10),0.7412,0.6526,0.8419,0.0,484243,280,1.751533,0.0555,fp_count ~ Speaker_gender + I((Speaker_age_at_session - 49.556365) / 10) + scale(speech_rate_syll) + Sentiment_label_float + Party_status + Party_orientation_float + Speaker_gender : Party_status,syll,Speaker_ID,2026-06-19_15-43-51,,,,,False,False
INT_GENDER_X_POWER,GEE_NB_Exch,INT_GENDER_X_POWER_GEE_NB_Exch,HR,HR_int_gender_x_power,False,gender_x_power,scale(speech_rate_syll),0.6633,0.6412,0.6862,0.0,484243,280,1.751533,0.0555,fp_count ~ Speaker_gender + I((Speaker_age_at_session - 49.556365) / 10) + scale(speech_rate_syll) + Sentiment_label_float + Party_status + Party_orientation_float + Speaker_gender : Party_status,syll,Speaker_ID,2026-06-19_15-43-51,,,,,False,False
INT_GENDER_X_POWER,GEE_NB_Exch,INT_GENDER_X_POWER_GEE_NB_Exch,HR,HR_int_gender_x_power,False,gender_x_power,Sentiment_label_float,1.0499,1.04,1.06,0.0,484243,280,1.751533,0.0555,fp_count ~ Speaker_gender + I((Speaker_age_at_session - 49.556365) / 10) + scale(speech_rate_syll) + Sentiment_label_float + Party_status + Party_orientation_float + Speaker_gender : Party_status,syll,Speaker_ID,2026-06-19_15-43-51,,,,,False,False
INT_GENDER_X_POWER,GEE_NB_Exch,INT_GENDER_X_POWER_GEE_NB_Exch,HR,HR_int_gender_x_power,False,gender_x_power,Party_status,0.9919,0.9069,1.0849,0.8586,484243,280,1.751533,0.0555,fp_count ~ Speaker_gender + I((Speaker_age_at_session - 49.556365) / 10) + scale(speech_rate_syll) + Sentiment_label_float + Party_status + Party_orientation_float + Speaker_gender : Party_status,syll,Speaker_ID,2026-06-19_15-43-51,,,,,False,False
INT_GENDER_X_POWER,GEE_NB_Exch,INT_GENDER_X_POWER_GEE_NB_Exch,HR,HR_int_gender_x_power,False,gender_x_power,Speaker_gender[T.M]:Party_status,0.7135,0.5176,0.9836,0.0393,484243,280,1.751533,0.0555,fp_count ~ Speaker_gender + I((Speaker_age_at_session - 49.556365) / 10) + scale(speech_rate_syll) + Sentiment_label_float + Party_status + Party_orientation_float + Speaker_gender : Party_status,syll,Speaker_ID,2026-06-19_15-43-51,,,,,False,False
INT_GENDER_X_POWER,GEE_NB_Exch,INT_GENDER_X_POWER_GEE_NB_Exch,HR,HR_int_gender_x_power,False,gender_x_power,Party_orientation_float,0.8986,0.7982,1.0116,0.077,484243,280,1.751533,0.0555,fp_count ~ Speaker_gender + I((Speaker_age_at_session - 49.556365) / 10) + scale(speech_rate_syll) + Sentiment_label_float + Party_status + Party_orientation_float + Speaker_gender : Party_status,syll,Speaker_ID,2026-06-19_15-43-51,,,,,False,False
INT_GENDER_X_POWER,GEE_NB_Indep,INT_GENDER_X_POWER_GEE_NB_Indep,HR,HR_int_gender_x_power,False,gender_x_power,Intercept,0.0477,0.0406,0.056,0.0,484243,280,1.751533,,fp_count ~ Speaker_gender + I((Speaker_age_at_session - 49.556365) / 10) + scale(speech_rate_syll) + Sentiment_label_float + Party_status + Party_orientation_float + Speaker_gender : Party_status,syll,Speaker_ID,2026-06-19_15-43-51,,,,,False,False
INT_GENDER_X_POWER,GEE_NB_Indep,INT_GENDER_X_POWER_GEE_NB_Indep,HR,HR_int_gender_x_power,False,gender_x_power,Speaker_gender[T.M],0.521,0.4276,0.6349,0.0,484243,280,1.751533,,fp_count ~ Speaker_gender + I((Speaker_age_at_session - 49.556365) / 10) + scale(speech_rate_syll) + Sentiment_label_float + Party_status + Party_orientation_float + Speaker_gender : Party_status,syll,Speaker_ID,2026-06-19_15-43-51,,,,,False,False
INT_GENDER_X_POWER,GEE_NB_Indep,INT_GENDER_X_POWER_GEE_NB_Indep,HR,HR_int_gender_x_power,False,gender_x_power,I((Speaker_age_at_session - 49.556365) / 10),0.9008,0.8012,1.0128,0.0806,484243,280,1.751533,,fp_count ~ Speaker_gender + I((Speaker_age_at_session - 49.556365) / 10) + scale(speech_rate_syll) + Sentiment_label_float + Party_status + Party_orientation_float + Speaker_gender : Party_status,syll,Speaker_ID,2026-06-19_15-43-51,,,,,False,False
INT_GENDER_X_POWER,GEE_NB_Indep,INT_GENDER_X_POWER_GEE_NB_Indep,HR,HR_int_gender_x_power,False,gender_x_power,scale(speech_rate_syll),0.6999,0.6641,0.7376,0.0,484243,280,1.751533,,fp_count ~ Speaker_gender + I((Speaker_age_at_session - 49.556365) / 10) + scale(speech_rate_syll) + Sentiment_label_float + Party_status + Party_orientation_float + Speaker_gender : Party_status,syll,Speaker_ID,2026-06-19_15-43-51,,,,,False,False
INT_GENDER_X_POWER,GEE_NB_Indep,INT_GENDER_X_POWER_GEE_NB_Indep,HR,HR_int_gender_x_power,False,gender_x_power,Sentiment_label_float,1.0563,1.0379,1.075,0.0,484243,280,1.751533,,fp_count ~ Speaker_gender + I((Speaker_age_at_session - 49.556365) / 10) + scale(speech_rate_syll) + Sentiment_label_float + Party_status + Party_orientation_float + Speaker_gender : Party_status,syll,Speaker_ID,2026-06-19_15-43-51,,,,,False,False
INT_GENDER_X_POWER,GEE_NB_Indep,INT_GENDER_X_POWER_GEE_NB_Indep,HR,HR_int_gender_x_power,False,gender_x_power,Party_status,0.6117,0.4428,0.8449,0.0029,484243,280,1.751533,,fp_count ~ Speaker_gender + I((Speaker_age_at_session - 49.556365) / 10) + scale(speech_rate_syll) + Sentiment_label_float + Party_status + Party_orientation_float + Speaker_gender : Party_status,syll,Speaker_ID,2026-06-19_15-43-51,,,,,False,False
INT_GENDER_X_POWER,GEE_NB_Indep,INT_GENDER_X_POWER_GEE_NB_Indep,HR,HR_int_gender_x_power,False,gender_x_power,Speaker_gender[T.M]:Party_status,1.1517,0.7163,1.8517,0.5599,484243,280,1.751533,,fp_count ~ Speaker_gender + I((Speaker_age_at_session - 49.556365) / 10) + scale(speech_rate_syll) + Sentiment_label_float + Party_status + Party_orientation_float + Speaker_gender : Party_status,syll,Speaker_ID,2026-06-19_15-43-51,,,,,False,False
INT_GENDER_X_POWER,GEE_NB_Indep,INT_GENDER_X_POWER_GEE_NB_Indep,HR,HR_int_gender_x_power,False,gender_x_power,Party_orientation_float,1.0076,0.9244,1.0984,0.8628,484243,280,1.751533,,fp_count ~ Speaker_gender + I((Speaker_age_at_session - 49.556365) / 10) + scale(speech_rate_syll) + Sentiment_label_float + Party_status + Party_orientation_float + Speaker_gender : Party_status,syll,Speaker_ID,2026-06-19_15-43-51,,,,,False,False
INT_GENDER_X_POWER,GLM_NB_Cluster,INT_GENDER_X_POWER_GLM_NB_Cluster,HR,HR_int_gender_x_power,False,gender_x_power,Intercept,0.0477,0.0405,0.0562,0.0,484243,280,1.751533,,fp_count ~ Speaker_gender + I((Speaker_age_at_session - 49.556365) / 10) + scale(speech_rate_syll) + Sentiment_label_float + Party_status + Party_orientation_float + Speaker_gender : Party_status,syll,Speaker_ID,2026-06-19_15-43-51,,,,,False,False
INT_GENDER_X_POWER,GLM_NB_Cluster,INT_GENDER_X_POWER_GLM_NB_Cluster,HR,HR_int_gender_x_power,False,gender_x_power,Speaker_gender[T.M],0.521,0.4255,0.638,0.0,484243,280,1.751533,,fp_count ~ Speaker_gender + I((Speaker_age_at_session - 49.556365) / 10) + scale(speech_rate_syll) + Sentiment_label_float + Party_status + Party_orientation_float + Speaker_gender : Party_status,syll,Speaker_ID,2026-06-19_15-43-51,,,,,False,False
INT_GENDER_X_POWER,GLM_NB_Cluster,INT_GENDER_X_POWER_GLM_NB_Cluster,HR,HR_int_gender_x_power,False,gender_x_power,I((Speaker_age_at_session - 49.556365) / 10),0.9008,0.7992,1.0154,0.0874,484243,280,1.751533,,fp_count ~ Speaker_gender + I((Speaker_age_at_session - 49.556365) / 10) + scale(speech_rate_syll) + Sentiment_label_float + Party_status + Party_orientation_float + Speaker_gender : Party_status,syll,Speaker_ID,2026-06-19_15-43-51,,,,,False,False
INT_GENDER_X_POWER,GLM_NB_Cluster,INT_GENDER_X_POWER_GLM_NB_Cluster,HR,HR_int_gender_x_power,False,gender_x_power,scale(speech_rate_syll),0.6999,0.6618,0.7402,0.0,484243,280,1.751533,,fp_count ~ Speaker_gender + I((Speaker_age_at_session - 49.556365) / 10) + scale(speech_rate_syll) + Sentiment_label_float + Party_status + Party_orientation_float + Speaker_gender : Party_status,syll,Speaker_ID,2026-06-19_15-43-51,,,,,False,False
INT_GENDER_X_POWER,GLM_NB_Cluster,INT_GENDER_X_POWER_GLM_NB_Cluster,HR,HR_int_gender_x_power,False,gender_x_power,Sentiment_label_float,1.0563,1.0376,1.0753,0.0,484243,280,1.751533,,fp_count ~ Speaker_gender + I((Speaker_age_at_session - 49.556365) / 10) + scale(speech_rate_syll) + Sentiment_label_float + Party_status + Party_orientation_float + Speaker_gender : Party_status,syll,Speaker_ID,2026-06-19_15-43-51,,,,,False,False
INT_GENDER_X_POWER,GLM_NB_Cluster,INT_GENDER_X_POWER_GLM_NB_Cluster,HR,HR_int_gender_x_power,False,gender_x_power,Party_status,0.6117,0.4396,0.851,0.0035,484243,280,1.751533,,fp_count ~ Speaker_gender + I((Speaker_age_at_session - 49.556365) / 10) + scale(speech_rate_syll) + Sentiment_label_float + Party_status + Party_orientation_float + Speaker_gender : Party_status,syll,Speaker_ID,2026-06-19_15-43-51,,,,,False,False
INT_GENDER_X_POWER,GLM_NB_Cluster,INT_GENDER_X_POWER_GLM_NB_Cluster,HR,HR_int_gender_x_power,False,gender_x_power,Speaker_gender[T.M]:Party_status,1.1517,0.7021,1.8892,0.5759,484243,280,1.751533,,fp_count ~ Speaker_gender + I((Speaker_age_at_session - 49.556365) / 10) + scale(speech_rate_syll) + Sentiment_label_float + Party_status + Party_orientation_float + Speaker_gender : Party_status,syll,Speaker_ID,2026-06-19_15-43-51,,,,,False,False
INT_GENDER_X_POWER,GLM_NB_Cluster,INT_GENDER_X_POWER_GLM_NB_Cluster,HR,HR_int_gender_x_power,False,gender_x_power,Party_orientation_float,1.0076,0.9214,1.1019,0.8677,484243,280,1.751533,,fp_count ~ Speaker_gender + I((Speaker_age_at_session - 49.556365) / 10) + scale(speech_rate_syll) + Sentiment_label_float + Party_status + Party_orientation_float + Speaker_gender : Party_status,syll,Speaker_ID,2026-06-19_15-43-51,,,,,False,False
INT_GENDER_X_POWER,GLM_NB,INT_GENDER_X_POWER_GLM_NB,HR,HR_int_gender_x_power,False,gender_x_power,Intercept,0.0477,0.0471,0.0482,0.0,484243,280,1.751533,,fp_count ~ Speaker_gender + I((Speaker_age_at_session - 49.556365) / 10) + scale(speech_rate_syll) + Sentiment_label_float + Party_status + Party_orientation_float + Speaker_gender : Party_status,syll,Speaker_ID,2026-06-19_15-43-51,,,,,False,False
INT_GENDER_X_POWER,GLM_NB,INT_GENDER_X_POWER_GLM_NB,HR,HR_int_gender_x_power,False,gender_x_power,Speaker_gender[T.M],0.521,0.5137,0.5285,0.0,484243,280,1.751533,,fp_count ~ Speaker_gender + I((Speaker_age_at_session - 49.556365) / 10) + scale(speech_rate_syll) + Sentiment_label_float + Party_status + Party_orientation_float + Speaker_gender : Party_status,syll,Speaker_ID,2026-06-19_15-43-51,,,,,False,False
INT_GENDER_X_POWER,GLM_NB,INT_GENDER_X_POWER_GLM_NB,HR,HR_int_gender_x_power,False,gender_x_power,I((Speaker_age_at_session - 49.556365) / 10),0.9008,0.8944,0.9073,0.0,484243,280,1.751533,,fp_count ~ Speaker_gender + I((Speaker_age_at_session - 49.556365) / 10) + scale(speech_rate_syll) + Sentiment_label_float + Party_status + Party_orientation_float + Speaker_gender : Party_status,syll,Speaker_ID,2026-06-19_15-43-51,,,,,False,False
INT_GENDER_X_POWER,GLM_NB,INT_GENDER_X_POWER_GLM_NB,HR,HR_int_gender_x_power,False,gender_x_power,scale(speech_rate_syll),0.6999,0.6952,0.7046,0.0,484243,280,1.751533,,fp_count ~ Speaker_gender + I((Speaker_age_at_session - 49.556365) / 10) + scale(speech_rate_syll) + Sentiment_label_float + Party_status + Party_orientation_float + Speaker_gender : Party_status,syll,Speaker_ID,2026-06-19_15-43-51,,,,,False,False
INT_GENDER_X_POWER,GLM_NB,INT_GENDER_X_POWER_GLM_NB,HR,HR_int_gender_x_power,False,gender_x_power,Sentiment_label_float,1.0563,1.0529,1.0597,0.0,484243,280,1.751533,,fp_count ~ Speaker_gender + I((Speaker_age_at_session - 49.556365) / 10) + scale(speech_rate_syll) + Sentiment_label_float + Party_status + Party_orientation_float + Speaker_gender : Party_status,syll,Speaker_ID,2026-06-19_15-43-51,,,,,False,False
INT_GENDER_X_POWER,GLM_NB,INT_GENDER_X_POWER_GLM_NB,HR,HR_int_gender_x_power,False,gender_x_power,Party_status,0.6117,0.5951,0.6286,0.0,484243,280,1.751533,,fp_count ~ Speaker_gender + I((Speaker_age_at_session - 49.556365) / 10) + scale(speech_rate_syll) + Sentiment_label_float + Party_status + Party_orientation_float + Speaker_gender : Party_status,syll,Speaker_ID,2026-06-19_15-43-51,,,,,False,False
INT_GENDER_X_POWER,GLM_NB,INT_GENDER_X_POWER_GLM_NB,HR,HR_int_gender_x_power,False,gender_x_power,Speaker_gender[T.M]:Party_status,1.1517,1.1128,1.192,0.0,484243,280,1.751533,,fp_count ~ Speaker_gender + I((Speaker_age_at_session - 49.556365) / 10) + scale(speech_rate_syll) + Sentiment_label_float + Party_status + Party_orientation_float + Speaker_gender : Party_status,syll,Speaker_ID,2026-06-19_15-43-51,,,,,False,False
INT_GENDER_X_POWER,GLM_NB,INT_GENDER_X_POWER_GLM_NB,HR,HR_int_gender_x_power,False,gender_x_power,Party_orientation_float,1.0076,1.0018,1.0135,0.0098,484243,280,1.751533,,fp_count ~ Speaker_gender + I((Speaker_age_at_session - 49.556365) / 10) + scale(speech_rate_syll) + Sentiment_label_float + Party_status + Party_orientation_float + Speaker_gender : Party_status,syll,Speaker_ID,2026-06-19_15-43-51,,,,,False,False
INT_GENDER_X_POWER,GEE_NB_Exch,INT_GENDER_X_POWER_GEE_NB_Exch,PL,PL_int_gender_x_power,False,gender_x_power,Intercept,0.0479,0.0345,0.0664,0.0,117305,342,1.220846,0.2677,fp_count ~ Speaker_gender + I((Speaker_age_at_session - 51.186846) / 10) + scale(speech_rate_syll) + Sentiment_label_float + Party_status + Party_orientation_float + Speaker_gender : Party_status,syll,Speaker_ID,2026-06-19_15-43-51,,,,,False,False
INT_GENDER_X_POWER,GEE_NB_Exch,INT_GENDER_X_POWER_GEE_NB_Exch,PL,PL_int_gender_x_power,False,gender_x_power,Speaker_gender[T.M],1.2512,0.964,1.624,0.0921,117305,342,1.220846,0.2677,fp_count ~ Speaker_gender + I((Speaker_age_at_session - 51.186846) / 10) + scale(speech_rate_syll) + Sentiment_label_float + Party_status + Party_orientation_float + Speaker_gender : Party_status,syll,Speaker_ID,2026-06-19_15-43-51,,,,,False,False
INT_GENDER_X_POWER,GEE_NB_Exch,INT_GENDER_X_POWER_GEE_NB_Exch,PL,PL_int_gender_x_power,False,gender_x_power,I((Speaker_age_at_session - 51.186846) / 10),1.0316,0.9567,1.1124,0.4184,117305,342,1.220846,0.2677,fp_count ~ Speaker_gender + I((Speaker_age_at_session - 51.186846) / 10) + scale(speech_rate_syll) + Sentiment_label_float + Party_status + Party_orientation_float + Speaker_gender : Party_status,syll,Speaker_ID,2026-06-19_15-43-51,,,,,False,False
INT_GENDER_X_POWER,GEE_NB_Exch,INT_GENDER_X_POWER_GEE_NB_Exch,PL,PL_int_gender_x_power,False,gender_x_power,scale(speech_rate_syll),0.6247,0.6101,0.6396,0.0,117305,342,1.220846,0.2677,fp_count ~ Speaker_gender + I((Speaker_age_at_session - 51.186846) / 10) + scale(speech_rate_syll) + Sentiment_label_float + Party_status + Party_orientation_float + Speaker_gender : Party_status,syll,Speaker_ID,2026-06-19_15-43-51,,,,,False,False
INT_GENDER_X_POWER,GEE_NB_Exch,INT_GENDER_X_POWER_GEE_NB_Exch,PL,PL_int_gender_x_power,False,gender_x_power,Sentiment_label_float,1.0249,1.0186,1.0312,0.0,117305,342,1.220846,0.2677,fp_count ~ Speaker_gender + I((Speaker_age_at_session - 51.186846) / 10) + scale(speech_rate_syll) + Sentiment_label_float + Party_status + Party_orientation_float + Speaker_gender : Party_status,syll,Speaker_ID,2026-06-19_15-43-51,,,,,False,False
INT_GENDER_X_POWER,GEE_NB_Exch,INT_GENDER_X_POWER_GEE_NB_Exch,PL,PL_int_gender_x_power,False,gender_x_power,Party_status,1.8084,1.1348,2.8816,0.0127,117305,342,1.220846,0.2677,fp_count ~ Speaker_gender + I((Speaker_age_at_session - 51.186846) / 10) + scale(speech_rate_syll) + Sentiment_label_float + Party_status + Party_orientation_float + Speaker_gender : Party_status,syll,Speaker_ID,2026-06-19_15-43-51,,,,,False,False
INT_GENDER_X_POWER,GEE_NB_Exch,INT_GENDER_X_POWER_GEE_NB_Exch,PL,PL_int_gender_x_power,False,gender_x_power,Speaker_gender[T.M]:Party_status,0.6916,0.436,1.0973,0.1174,117305,342,1.220846,0.2677,fp_count ~ Speaker_gender + I((Speaker_age_at_session - 51.186846) / 10) + scale(speech_rate_syll) + Sentiment_label_float + Party_status + Party_orientation_float + Speaker_gender : Party_status,syll,Speaker_ID,2026-06-19_15-43-51,,,,,False,False
INT_GENDER_X_POWER,GEE_NB_Exch,INT_GENDER_X_POWER_GEE_NB_Exch,PL,PL_int_gender_x_power,False,gender_x_power,Party_orientation_float,1.1294,1.0159,1.2557,0.0243,117305,342,1.220846,0.2677,fp_count ~ Speaker_gender + I((Speaker_age_at_session - 51.186846) / 10) + scale(speech_rate_syll) + Sentiment_label_float + Party_status + Party_orientation_float + Speaker_gender : Party_status,syll,Speaker_ID,2026-06-19_15-43-51,,,,,False,False
INT_GENDER_X_POWER,GEE_NB_Indep,INT_GENDER_X_POWER_GEE_NB_Indep,PL,PL_int_gender_x_power,False,gender_x_power,Intercept,0.0462,0.0299,0.0712,0.0,117305,342,1.220846,,fp_count ~ Speaker_gender + I((Speaker_age_at_session - 51.186846) / 10) + scale(speech_rate_syll) + Sentiment_label_float + Party_status + Party_orientation_float + Speaker_gender : Party_status,syll,Speaker_ID,2026-06-19_15-43-51,,,,,False,False
INT_GENDER_X_POWER,GEE_NB_Indep,INT_GENDER_X_POWER_GEE_NB_Indep,PL,PL_int_gender_x_power,False,gender_x_power,Speaker_gender[T.M],1.1447,0.79,1.6587,0.475,117305,342,1.220846,,fp_count ~ Speaker_gender + I((Speaker_age_at_session - 51.186846) / 10) + scale(speech_rate_syll) + Sentiment_label_float + Party_status + Party_orientation_float + Speaker_gender : Party_status,syll,Speaker_ID,2026-06-19_15-43-51,,,,,False,False
INT_GENDER_X_POWER,GEE_NB_Indep,INT_GENDER_X_POWER_GEE_NB_Indep,PL,PL_int_gender_x_power,False,gender_x_power,I((Speaker_age_at_session - 51.186846) / 10),0.9204,0.8469,1.0002,0.0505,117305,342,1.220846,,fp_count ~ Speaker_gender + I((Speaker_age_at_session - 51.186846) / 10) + scale(speech_rate_syll) + Sentiment_label_float + Party_status + Party_orientation_float + Speaker_gender : Party_status,syll,Speaker_ID,2026-06-19_15-43-51,,,,,False,False
INT_GENDER_X_POWER,GEE_NB_Indep,INT_GENDER_X_POWER_GEE_NB_Indep,PL,PL_int_gender_x_power,False,gender_x_power,scale(speech_rate_syll),0.5969,0.5679,0.6275,0.0,117305,342,1.220846,,fp_count ~ Speaker_gender + I((Speaker_age_at_session - 51.186846) / 10) + scale(speech_rate_syll) + Sentiment_label_float + Party_status + Party_orientation_float + Speaker_gender : Party_status,syll,Speaker_ID,2026-06-19_15-43-51,,,,,False,False
INT_GENDER_X_POWER,GEE_NB_Indep,INT_GENDER_X_POWER_GEE_NB_Indep,PL,PL_int_gender_x_power,False,gender_x_power,Sentiment_label_float,1.0296,1.0152,1.0441,0.0,117305,342,1.220846,,fp_count ~ Speaker_gender + I((Speaker_age_at_session - 51.186846) / 10) + scale(speech_rate_syll) + Sentiment_label_float + Party_status + Party_orientation_float + Speaker_gender : Party_status,syll,Speaker_ID,2026-06-19_15-43-51,,,,,False,False
INT_GENDER_X_POWER,GEE_NB_Indep,INT_GENDER_X_POWER_GEE_NB_Indep,PL,PL_int_gender_x_power,False,gender_x_power,Party_status,0.9127,0.4946,1.6843,0.7702,117305,342,1.220846,,fp_count ~ Speaker_gender + I((Speaker_age_at_session - 51.186846) / 10) + scale(speech_rate_syll) + Sentiment_label_float + Party_status + Party_orientation_float + Speaker_gender : Party_status,syll,Speaker_ID,2026-06-19_15-43-51,,,,,False,False
INT_GENDER_X_POWER,GEE_NB_Indep,INT_GENDER_X_POWER_GEE_NB_Indep,PL,PL_int_gender_x_power,False,gender_x_power,Speaker_gender[T.M]:Party_status,0.977,0.5374,1.7762,0.9393,117305,342,1.220846,,fp_count ~ Speaker_gender + I((Speaker_age_at_session - 51.186846) / 10) + scale(speech_rate_syll) + Sentiment_label_float + Party_status + Party_orientation_float + Speaker_gender : Party_status,syll,Speaker_ID,2026-06-19_15-43-51,,,,,False,False
INT_GENDER_X_POWER,GEE_NB_Indep,INT_GENDER_X_POWER_GEE_NB_Indep,PL,PL_int_gender_x_power,False,gender_x_power,Party_orientation_float,1.0574,0.9253,1.2084,0.4125,117305,342,1.220846,,fp_count ~ Speaker_gender + I((Speaker_age_at_session - 51.186846) / 10) + scale(speech_rate_syll) + Sentiment_label_float + Party_status + Party_orientation_float + Speaker_gender : Party_status,syll,Speaker_ID,2026-06-19_15-43-51,,,,,False,False
INT_GENDER_X_POWER,GLM_NB_Cluster,INT_GENDER_X_POWER_GLM_NB_Cluster,PL,PL_int_gender_x_power,False,gender_x_power,Intercept,0.0462,0.0298,0.0714,0.0,117305,342,1.220846,,fp_count ~ Speaker_gender + I((Speaker_age_at_session - 51.186846) / 10) + scale(speech_rate_syll) + Sentiment_label_float + Party_status + Party_orientation_float + Speaker_gender : Party_status,syll,Speaker_ID,2026-06-19_15-43-51,,,,,False,False
INT_GENDER_X_POWER,GLM_NB_Cluster,INT_GENDER_X_POWER_GLM_NB_Cluster,PL,PL_int_gender_x_power,False,gender_x_power,Speaker_gender[T.M],1.1447,0.7886,1.6616,0.4772,117305,342,1.220846,,fp_count ~ Speaker_gender + I((Speaker_age_at_session - 51.186846) / 10) + scale(speech_rate_syll) + Sentiment_label_float + Party_status + Party_orientation_float + Speaker_gender : Party_status,syll,Speaker_ID,2026-06-19_15-43-51,,,,,False,False
INT_GENDER_X_POWER,GLM_NB_Cluster,INT_GENDER_X_POWER_GLM_NB_Cluster,PL,PL_int_gender_x_power,False,gender_x_power,I((Speaker_age_at_session - 51.186846) / 10),0.9204,0.8473,0.9997,0.0493,117305,342,1.220846,,fp_count ~ Speaker_gender + I((Speaker_age_at_session - 51.186846) / 10) + scale(speech_rate_syll) + Sentiment_label_float + Party_status + Party_orientation_float + Speaker_gender : Party_status,syll,Speaker_ID,2026-06-19_15-43-51,,,,,False,False
INT_GENDER_X_POWER,GLM_NB_Cluster,INT_GENDER_X_POWER_GLM_NB_Cluster,PL,PL_int_gender_x_power,False,gender_x_power,scale(speech_rate_syll),0.5969,0.5662,0.6294,0.0,117305,342,1.220846,,fp_count ~ Speaker_gender + I((Speaker_age_at_session - 51.186846) / 10) + scale(speech_rate_syll) + Sentiment_label_float + Party_status + Party_orientation_float + Speaker_gender : Party_status,syll,Speaker_ID,2026-06-19_15-43-51,,,,,False,False
INT_GENDER_X_POWER,GLM_NB_Cluster,INT_GENDER_X_POWER_GLM_NB_Cluster,PL,PL_int_gender_x_power,False,gender_x_power,Sentiment_label_float,1.0296,1.0152,1.0442,0.0001,117305,342,1.220846,,fp_count ~ Speaker_gender + I((Speaker_age_at_session - 51.186846) / 10) + scale(speech_rate_syll) + Sentiment_label_float + Party_status + Party_orientation_float + Speaker_gender : Party_status,syll,Speaker_ID,2026-06-19_15-43-51,,,,,False,False
INT_GENDER_X_POWER,GLM_NB_Cluster,INT_GENDER_X_POWER_GLM_NB_Cluster,PL,PL_int_gender_x_power,False,gender_x_power,Party_status,0.9127,0.4971,1.6759,0.7683,117305,342,1.220846,,fp_count ~ Speaker_gender + I((Speaker_age_at_session - 51.186846) / 10) + scale(speech_rate_syll) + Sentiment_label_float + Party_status + Party_orientation_float + Speaker_gender : Party_status,syll,Speaker_ID,2026-06-19_15-43-51,,,,,False,False
INT_GENDER_X_POWER,GLM_NB_Cluster,INT_GENDER_X_POWER_GLM_NB_Cluster,PL,PL_int_gender_x_power,False,gender_x_power,Speaker_gender[T.M]:Party_status,0.977,0.5422,1.7607,0.9384,117305,342,1.220846,,fp_count ~ Speaker_gender + I((Speaker_age_at_session - 51.186846) / 10) + scale(speech_rate_syll) + Sentiment_label_float + Party_status + Party_orientation_float + Speaker_gender : Party_status,syll,Speaker_ID,2026-06-19_15-43-51,,,,,False,False
INT_GENDER_X_POWER,GLM_NB_Cluster,INT_GENDER_X_POWER_GLM_NB_Cluster,PL,PL_int_gender_x_power,False,gender_x_power,Party_orientation_float,1.0574,0.9257,1.2078,0.4107,117305,342,1.220846,,fp_count ~ Speaker_gender + I((Speaker_age_at_session - 51.186846) / 10) + scale(speech_rate_syll) + Sentiment_label_float + Party_status + Party_orientation_float + Speaker_gender : Party_status,syll,Speaker_ID,2026-06-19_15-43-51,,,,,False,False
INT_GENDER_X_POWER,GLM_NB,INT_GENDER_X_POWER_GLM_NB,PL,PL_int_gender_x_power,False,gender_x_power,Intercept,0.0462,0.0446,0.0478,0.0,117305,342,1.220846,,fp_count ~ Speaker_gender + I((Speaker_age_at_session - 51.186846) / 10) + scale(speech_rate_syll) + Sentiment_label_float + Party_status + Party_orientation_float + Speaker_gender : Party_status,syll,Speaker_ID,2026-06-19_15-43-51,,,,,False,False
INT_GENDER_X_POWER,GLM_NB,INT_GENDER_X_POWER_GLM_NB,PL,PL_int_gender_x_power,False,gender_x_power,Speaker_gender[T.M],1.1447,1.1109,1.1796,0.0,117305,342,1.220846,,fp_count ~ Speaker_gender + I((Speaker_age_at_session - 51.186846) / 10) + scale(speech_rate_syll) + Sentiment_label_float + Party_status + Party_orientation_float + Speaker_gender : Party_status,syll,Speaker_ID,2026-06-19_15-43-51,,,,,False,False
INT_GENDER_X_POWER,GLM_NB,INT_GENDER_X_POWER_GLM_NB,PL,PL_int_gender_x_power,False,gender_x_power,I((Speaker_age_at_session - 51.186846) / 10),0.9204,0.9115,0.9293,0.0,117305,342,1.220846,,fp_count ~ Speaker_gender + I((Speaker_age_at_session - 51.186846) / 10) + scale(speech_rate_syll) + Sentiment_label_float + Party_status + Party_orientation_float + Speaker_gender : Party_status,syll,Speaker_ID,2026-06-19_15-43-51,,,,,False,False
INT_GENDER_X_POWER,GLM_NB,INT_GENDER_X_POWER_GLM_NB,PL,PL_int_gender_x_power,False,gender_x_power,scale(speech_rate_syll),0.5969,0.5903,0.6037,0.0,117305,342,1.220846,,fp_count ~ Speaker_gender + I((Speaker_age_at_session - 51.186846) / 10) + scale(speech_rate_syll) + Sentiment_label_float + Party_status + Party_orientation_float + Speaker_gender : Party_status,syll,Speaker_ID,2026-06-19_15-43-51,,,,,False,False
INT_GENDER_X_POWER,GLM_NB,INT_GENDER_X_POWER_GLM_NB,PL,PL_int_gender_x_power,False,gender_x_power,Sentiment_label_float,1.0296,1.0237,1.0355,0.0,117305,342,1.220846,,fp_count ~ Speaker_gender + I((Speaker_age_at_session - 51.186846) / 10) + scale(speech_rate_syll) + Sentiment_label_float + Party_status + Party_orientation_float + Speaker_gender : Party_status,syll,Speaker_ID,2026-06-19_15-43-51,,,,,False,False
INT_GENDER_X_POWER,GLM_NB,INT_GENDER_X_POWER_GLM_NB,PL,PL_int_gender_x_power,False,gender_x_power,Party_status,0.9127,0.8648,0.9633,0.0009,117305,342,1.220846,,fp_count ~ Speaker_gender + I((Speaker_age_at_session - 51.186846) / 10) + scale(speech_rate_syll) + Sentiment_label_float + Party_status + Party_orientation_float + Speaker_gender : Party_status,syll,Speaker_ID,2026-06-19_15-43-51,,,,,False,False
INT_GENDER_X_POWER,GLM_NB,INT_GENDER_X_POWER_GLM_NB,PL,PL_int_gender_x_power,False,gender_x_power,Speaker_gender[T.M]:Party_status,0.977,0.9283,1.0283,0.3735,117305,342,1.220846,,fp_count ~ Speaker_gender + I((Speaker_age_at_session - 51.186846) / 10) + scale(speech_rate_syll) + Sentiment_label_float + Party_status + Party_orientation_float + Speaker_gender : Party_status,syll,Speaker_ID,2026-06-19_15-43-51,,,,,False,False
INT_GENDER_X_POWER,GLM_NB,INT_GENDER_X_POWER_GLM_NB,PL,PL_int_gender_x_power,False,gender_x_power,Party_orientation_float,1.0574,1.0468,1.0681,0.0,117305,342,1.220846,,fp_count ~ Speaker_gender + I((Speaker_age_at_session - 51.186846) / 10) + scale(speech_rate_syll) + Sentiment_label_float + Party_status + Party_orientation_float + Speaker_gender : Party_status,syll,Speaker_ID,2026-06-19_15-43-51,,,,,False,False
MUNDLAK,GEE_NB_Exch,MUNDLAK_GEE_NB_Exch,CZ,CZ_mundlak,True,,Intercept,0.0528,0.0416,0.0671,0.0,219878,405,0.991264,0.1293,fp_count ~ Speaker_gender + I((Speaker_age_at_session - 50.381261) / 10) + scale(speech_rate_syll_mean) + scale(speech_rate_syll_dev) + Sentiment_label_float_mean + Sentiment_label_float_dev + Party_status_mean + Party_status_dev + Party_orientation_float_mean + Party_orientation_float_dev,syll,Speaker_ID,2026-06-19_15-43-51,,,,,False,False
MUNDLAK,GEE_NB_Exch,MUNDLAK_GEE_NB_Exch,CZ,CZ_mundlak,True,,Speaker_gender[T.M],0.9787,0.7681,1.2472,0.8619,219878,405,0.991264,0.1293,fp_count ~ Speaker_gender + I((Speaker_age_at_session - 50.381261) / 10) + scale(speech_rate_syll_mean) + scale(speech_rate_syll_dev) + Sentiment_label_float_mean + Sentiment_label_float_dev + Party_status_mean + Party_status_dev + Party_orientation_float_mean + Party_orientation_float_dev,syll,Speaker_ID,2026-06-19_15-43-51,,,,,False,False
MUNDLAK,GEE_NB_Exch,MUNDLAK_GEE_NB_Exch,CZ,CZ_mundlak,True,,I((Speaker_age_at_session - 50.381261) / 10),0.8861,0.8066,0.9734,0.0116,219878,405,0.991264,0.1293,fp_count ~ Speaker_gender + I((Speaker_age_at_session - 50.381261) / 10) + scale(speech_rate_syll_mean) + scale(speech_rate_syll_dev) + Sentiment_label_float_mean + Sentiment_label_float_dev + Party_status_mean + Party_status_dev + Party_orientation_float_mean + Party_orientation_float_dev,syll,Speaker_ID,2026-06-19_15-43-51,,,,,False,False
MUNDLAK,GEE_NB_Exch,MUNDLAK_GEE_NB_Exch,CZ,CZ_mundlak,True,,scale(speech_rate_syll_mean),0.8986,0.8138,0.9923,0.0346,219878,405,0.991264,0.1293,fp_count ~ Speaker_gender + I((Speaker_age_at_session - 50.381261) / 10) + scale(speech_rate_syll_mean) + scale(speech_rate_syll_dev) + Sentiment_label_float_mean + Sentiment_label_float_dev + Party_status_mean + Party_status_dev + Party_orientation_float_mean + Party_orientation_float_dev,syll,Speaker_ID,2026-06-19_15-43-51,,,,,False,False
MUNDLAK,GEE_NB_Exch,MUNDLAK_GEE_NB_Exch,CZ,CZ_mundlak,True,,scale(speech_rate_syll_dev),0.6155,0.5924,0.6395,0.0,219878,405,0.991264,0.1293,fp_count ~ Speaker_gender + I((Speaker_age_at_session - 50.381261) / 10) + scale(speech_rate_syll_mean) + scale(speech_rate_syll_dev) + Sentiment_label_float_mean + Sentiment_label_float_dev + Party_status_mean + Party_status_dev + Party_orientation_float_mean + Party_orientation_float_dev,syll,Speaker_ID,2026-06-19_15-43-51,,,,,False,False
MUNDLAK,GEE_NB_Exch,MUNDLAK_GEE_NB_Exch,CZ,CZ_mundlak,True,,Sentiment_label_float_mean,1.5848,1.1674,2.1516,0.0032,219878,405,0.991264,0.1293,fp_count ~ Speaker_gender + I((Speaker_age_at_session - 50.381261) / 10) + scale(speech_rate_syll_mean) + scale(speech_rate_syll_dev) + Sentiment_label_float_mean + Sentiment_label_float_dev + Party_status_mean + Party_status_dev + Party_orientation_float_mean + Party_orientation_float_dev,syll,Speaker_ID,2026-06-19_15-43-51,,,,,False,False
MUNDLAK,GEE_NB_Exch,MUNDLAK_GEE_NB_Exch,CZ,CZ_mundlak,True,,Sentiment_label_float_dev,1.0555,1.0482,1.0629,0.0,219878,405,0.991264,0.1293,fp_count ~ Speaker_gender + I((Speaker_age_at_session - 50.381261) / 10) + scale(speech_rate_syll_mean) + scale(speech_rate_syll_dev) + Sentiment_label_float_mean + Sentiment_label_float_dev + Party_status_mean + Party_status_dev + Party_orientation_float_mean + Party_orientation_float_dev,syll,Speaker_ID,2026-06-19_15-43-51,,,,,False,False
MUNDLAK,GEE_NB_Exch,MUNDLAK_GEE_NB_Exch,CZ,CZ_mundlak,True,,Party_status_mean,0.759,0.5915,0.9739,0.0302,219878,405,0.991264,0.1293,fp_count ~ Speaker_gender + I((Speaker_age_at_session - 50.381261) / 10) + scale(speech_rate_syll_mean) + scale(speech_rate_syll_dev) + Sentiment_label_float_mean + Sentiment_label_float_dev + Party_status_mean + Party_status_dev + Party_orientation_float_mean + Party_orientation_float_dev,syll,Speaker_ID,2026-06-19_15-43-51,,,,,False,False
MUNDLAK,GEE_NB_Exch,MUNDLAK_GEE_NB_Exch,CZ,CZ_mundlak,True,,Party_status_dev,0.9587,0.8688,1.058,0.4017,219878,405,0.991264,0.1293,fp_count ~ Speaker_gender + I((Speaker_age_at_session - 50.381261) / 10) + scale(speech_rate_syll_mean) + scale(speech_rate_syll_dev) + Sentiment_label_float_mean + Sentiment_label_float_dev + Party_status_mean + Party_status_dev + Party_orientation_float_mean + Party_orientation_float_dev,syll,Speaker_ID,2026-06-19_15-43-51,,,,,False,False
MUNDLAK,GEE_NB_Exch,MUNDLAK_GEE_NB_Exch,CZ,CZ_mundlak,True,,Party_orientation_float_mean,1.0539,0.9742,1.1401,0.1904,219878,405,0.991264,0.1293,fp_count ~ Speaker_gender + I((Speaker_age_at_session - 50.381261) / 10) + scale(speech_rate_syll_mean) + scale(speech_rate_syll_dev) + Sentiment_label_float_mean + Sentiment_label_float_dev + Party_status_mean + Party_status_dev + Party_orientation_float_mean + Party_orientation_float_dev,syll,Speaker_ID,2026-06-19_15-43-51,,,,,False,False
MUNDLAK,GEE_NB_Exch,MUNDLAK_GEE_NB_Exch,CZ,CZ_mundlak,True,,Party_orientation_float_dev,0.8529,0.4456,1.6323,0.6308,219878,405,0.991264,0.1293,fp_count ~ Speaker_gender + I((Speaker_age_at_session - 50.381261) / 10) + scale(speech_rate_syll_mean) + scale(speech_rate_syll_dev) + Sentiment_label_float_mean + Sentiment_label_float_dev + Party_status_mean + Party_status_dev + Party_orientation_float_mean + Party_orientation_float_dev,syll,Speaker_ID,2026-06-19_15-43-51,,,,,False,False
MUNDLAK,GEE_NB_Indep,MUNDLAK_GEE_NB_Indep,CZ,CZ_mundlak,True,,Intercept,0.0438,0.0346,0.0555,0.0,219878,405,0.991264,,fp_count ~ Speaker_gender + I((Speaker_age_at_session - 50.381261) / 10) + scale(speech_rate_syll_mean) + scale(speech_rate_syll_dev) + Sentiment_label_float_mean + Sentiment_label_float_dev + Party_status_mean + Party_status_dev + Party_orientation_float_mean + Party_orientation_float_dev,syll,Speaker_ID,2026-06-19_15-43-51,,,,,False,False
MUNDLAK,GEE_NB_Indep,MUNDLAK_GEE_NB_Indep,CZ,CZ_mundlak,True,,Speaker_gender[T.M],1.2294,0.9632,1.5691,0.0971,219878,405,0.991264,,fp_count ~ Speaker_gender + I((Speaker_age_at_session - 50.381261) / 10) + scale(speech_rate_syll_mean) + scale(speech_rate_syll_dev) + Sentiment_label_float_mean + Sentiment_label_float_dev + Party_status_mean + Party_status_dev + Party_orientation_float_mean + Party_orientation_float_dev,syll,Speaker_ID,2026-06-19_15-43-51,,,,,False,False
MUNDLAK,GEE_NB_Indep,MUNDLAK_GEE_NB_Indep,CZ,CZ_mundlak,True,,I((Speaker_age_at_session - 50.381261) / 10),0.7997,0.7221,0.8856,0.0,219878,405,0.991264,,fp_count ~ Speaker_gender + I((Speaker_age_at_session - 50.381261) / 10) + scale(speech_rate_syll_mean) + scale(speech_rate_syll_dev) + Sentiment_label_float_mean + Sentiment_label_float_dev + Party_status_mean + Party_status_dev + Party_orientation_float_mean + Party_orientation_float_dev,syll,Speaker_ID,2026-06-19_15-43-51,,,,,False,False
MUNDLAK,GEE_NB_Indep,MUNDLAK_GEE_NB_Indep,CZ,CZ_mundlak,True,,scale(speech_rate_syll_mean),0.8109,0.7304,0.9003,0.0001,219878,405,0.991264,,fp_count ~ Speaker_gender + I((Speaker_age_at_session - 50.381261) / 10) + scale(speech_rate_syll_mean) + scale(speech_rate_syll_dev) + Sentiment_label_float_mean + Sentiment_label_float_dev + Party_status_mean + Party_status_dev + Party_orientation_float_mean + Party_orientation_float_dev,syll,Speaker_ID,2026-06-19_15-43-51,,,,,False,False
MUNDLAK,GEE_NB_Indep,MUNDLAK_GEE_NB_Indep,CZ,CZ_mundlak,True,,scale(speech_rate_syll_dev),0.6022,0.5773,0.6283,0.0,219878,405,0.991264,,fp_count ~ Speaker_gender + I((Speaker_age_at_session - 50.381261) / 10) + scale(speech_rate_syll_mean) + scale(speech_rate_syll_dev) + Sentiment_label_float_mean + Sentiment_label_float_dev + Party_status_mean + Party_status_dev + Party_orientation_float_mean + Party_orientation_float_dev,syll,Speaker_ID,2026-06-19_15-43-51,,,,,False,False
MUNDLAK,GEE_NB_Indep,MUNDLAK_GEE_NB_Indep,CZ,CZ_mundlak,True,,Sentiment_label_float_mean,1.7697,1.2817,2.4435,0.0005,219878,405,0.991264,,fp_count ~ Speaker_gender + I((Speaker_age_at_session - 50.381261) / 10) + scale(speech_rate_syll_mean) + scale(speech_rate_syll_dev) + Sentiment_label_float_mean + Sentiment_label_float_dev + Party_status_mean + Party_status_dev + Party_orientation_float_mean + Party_orientation_float_dev,syll,Speaker_ID,2026-06-19_15-43-51,,,,,False,False
MUNDLAK,GEE_NB_Indep,MUNDLAK_GEE_NB_Indep,CZ,CZ_mundlak,True,,Sentiment_label_float_dev,1.0596,1.0455,1.0739,0.0,219878,405,0.991264,,fp_count ~ Speaker_gender + I((Speaker_age_at_session - 50.381261) / 10) + scale(speech_rate_syll_mean) + scale(speech_rate_syll_dev) + Sentiment_label_float_mean + Sentiment_label_float_dev + Party_status_mean + Party_status_dev + Party_orientation_float_mean + Party_orientation_float_dev,syll,Speaker_ID,2026-06-19_15-43-51,,,,,False,False
MUNDLAK,GEE_NB_Indep,MUNDLAK_GEE_NB_Indep,CZ,CZ_mundlak,True,,Party_status_mean,0.7878,0.5992,1.0357,0.0876,219878,405,0.991264,,fp_count ~ Speaker_gender + I((Speaker_age_at_session - 50.381261) / 10) + scale(speech_rate_syll_mean) + scale(speech_rate_syll_dev) + Sentiment_label_float_mean + Sentiment_label_float_dev + Party_status_mean + Party_status_dev + Party_orientation_float_mean + Party_orientation_float_dev,syll,Speaker_ID,2026-06-19_15-43-51,,,,,False,False
MUNDLAK,GEE_NB_Indep,MUNDLAK_GEE_NB_Indep,CZ,CZ_mundlak,True,,Party_status_dev,1.0741,0.7302,1.58,0.7165,219878,405,0.991264,,fp_count ~ Speaker_gender + I((Speaker_age_at_session - 50.381261) / 10) + scale(speech_rate_syll_mean) + scale(speech_rate_syll_dev) + Sentiment_label_float_mean + Sentiment_label_float_dev + Party_status_mean + Party_status_dev + Party_orientation_float_mean + Party_orientation_float_dev,syll,Speaker_ID,2026-06-19_15-43-51,,,,,False,False
MUNDLAK,GEE_NB_Indep,MUNDLAK_GEE_NB_Indep,CZ,CZ_mundlak,True,,Party_orientation_float_mean,1.0536,0.9773,1.1357,0.1733,219878,405,0.991264,,fp_count ~ Speaker_gender + I((Speaker_age_at_session - 50.381261) / 10) + scale(speech_rate_syll_mean) + scale(speech_rate_syll_dev) + Sentiment_label_float_mean + Sentiment_label_float_dev + Party_status_mean + Party_status_dev + Party_orientation_float_mean + Party_orientation_float_dev,syll,Speaker_ID,2026-06-19_15-43-51,,,,,False,False
MUNDLAK,GEE_NB_Indep,MUNDLAK_GEE_NB_Indep,CZ,CZ_mundlak,True,,Party_orientation_float_dev,0.9858,0.6244,1.5565,0.9511,219878,405,0.991264,,fp_count ~ Speaker_gender + I((Speaker_age_at_session - 50.381261) / 10) + scale(speech_rate_syll_mean) + scale(speech_rate_syll_dev) + Sentiment_label_float_mean + Sentiment_label_float_dev + Party_status_mean + Party_status_dev + Party_orientation_float_mean + Party_orientation_float_dev,syll,Speaker_ID,2026-06-19_15-43-51,,,,,False,False
MUNDLAK,GLM_NB_Cluster,MUNDLAK_GLM_NB_Cluster,CZ,CZ_mundlak,True,,Intercept,0.0438,0.0346,0.0556,0.0,219878,405,0.991264,,fp_count ~ Speaker_gender + I((Speaker_age_at_session - 50.381261) / 10) + scale(speech_rate_syll_mean) + scale(speech_rate_syll_dev) + Sentiment_label_float_mean + Sentiment_label_float_dev + Party_status_mean + Party_status_dev + Party_orientation_float_mean + Party_orientation_float_dev,syll,Speaker_ID,2026-06-19_15-43-51,,,,,False,False
MUNDLAK,GLM_NB_Cluster,MUNDLAK_GLM_NB_Cluster,CZ,CZ_mundlak,True,,Speaker_gender[T.M],1.2294,0.962,1.5711,0.0988,219878,405,0.991264,,fp_count ~ Speaker_gender + I((Speaker_age_at_session - 50.381261) / 10) + scale(speech_rate_syll_mean) + scale(speech_rate_syll_dev) + Sentiment_label_float_mean + Sentiment_label_float_dev + Party_status_mean + Party_status_dev + Party_orientation_float_mean + Party_orientation_float_dev,syll,Speaker_ID,2026-06-19_15-43-51,,,,,False,False
MUNDLAK,GLM_NB_Cluster,MUNDLAK_GLM_NB_Cluster,CZ,CZ_mundlak,True,,I((Speaker_age_at_session - 50.381261) / 10),0.7997,0.7256,0.8812,0.0,219878,405,0.991264,,fp_count ~ Speaker_gender + I((Speaker_age_at_session - 50.381261) / 10) + scale(speech_rate_syll_mean) + scale(speech_rate_syll_dev) + Sentiment_label_float_mean + Sentiment_label_float_dev + Party_status_mean + Party_status_dev + Party_orientation_float_mean + Party_orientation_float_dev,syll,Speaker_ID,2026-06-19_15-43-51,,,,,False,False
MUNDLAK,GLM_NB_Cluster,MUNDLAK_GLM_NB_Cluster,CZ,CZ_mundlak,True,,scale(speech_rate_syll_mean),0.8109,0.73,0.9008,0.0001,219878,405,0.991264,,fp_count ~ Speaker_gender + I((Speaker_age_at_session - 50.381261) / 10) + scale(speech_rate_syll_mean) + scale(speech_rate_syll_dev) + Sentiment_label_float_mean + Sentiment_label_float_dev + Party_status_mean + Party_status_dev + Party_orientation_float_mean + Party_orientation_float_dev,syll,Speaker_ID,2026-06-19_15-43-51,,,,,False,False
MUNDLAK,GLM_NB_Cluster,MUNDLAK_GLM_NB_Cluster,CZ,CZ_mundlak,True,,scale(speech_rate_syll_dev),0.6022,0.5769,0.6287,0.0,219878,405,0.991264,,fp_count ~ Speaker_gender + I((Speaker_age_at_session - 50.381261) / 10) + scale(speech_rate_syll_mean) + scale(speech_rate_syll_dev) + Sentiment_label_float_mean + Sentiment_label_float_dev + Party_status_mean + Party_status_dev + Party_orientation_float_mean + Party_orientation_float_dev,syll,Speaker_ID,2026-06-19_15-43-51,,,,,False,False
MUNDLAK,GLM_NB_Cluster,MUNDLAK_GLM_NB_Cluster,CZ,CZ_mundlak,True,,Sentiment_label_float_mean,1.7697,1.2367,2.5324,0.0018,219878,405,0.991264,,fp_count ~ Speaker_gender + I((Speaker_age_at_session - 50.381261) / 10) + scale(speech_rate_syll_mean) + scale(speech_rate_syll_dev) + Sentiment_label_float_mean + Sentiment_label_float_dev + Party_status_mean + Party_status_dev + Party_orientation_float_mean + Party_orientation_float_dev,syll,Speaker_ID,2026-06-19_15-43-51,,,,,False,False
MUNDLAK,GLM_NB_Cluster,MUNDLAK_GLM_NB_Cluster,CZ,CZ_mundlak,True,,Sentiment_label_float_dev,1.0596,1.0453,1.0741,0.0,219878,405,0.991264,,fp_count ~ Speaker_gender + I((Speaker_age_at_session - 50.381261) / 10) + scale(speech_rate_syll_mean) + scale(speech_rate_syll_dev) + Sentiment_label_float_mean + Sentiment_label_float_dev + Party_status_mean + Party_status_dev + Party_orientation_float_mean + Party_orientation_float_dev,syll,Speaker_ID,2026-06-19_15-43-51,,,,,False,False
MUNDLAK,GLM_NB_Cluster,MUNDLAK_GLM_NB_Cluster,CZ,CZ_mundlak,True,,Party_status_mean,0.7878,0.5981,1.0377,0.0898,219878,405,0.991264,,fp_count ~ Speaker_gender + I((Speaker_age_at_session - 50.381261) / 10) + scale(speech_rate_syll_mean) + scale(speech_rate_syll_dev) + Sentiment_label_float_mean + Sentiment_label_float_dev + Party_status_mean + Party_status_dev + Party_orientation_float_mean + Party_orientation_float_dev,syll,Speaker_ID,2026-06-19_15-43-51,,,,,False,False
MUNDLAK,GLM_NB_Cluster,MUNDLAK_GLM_NB_Cluster,CZ,CZ_mundlak,True,,Party_status_dev,1.0741,0.7419,1.5552,0.7049,219878,405,0.991264,,fp_count ~ Speaker_gender + I((Speaker_age_at_session - 50.381261) / 10) + scale(speech_rate_syll_mean) + scale(speech_rate_syll_dev) + Sentiment_label_float_mean + Sentiment_label_float_dev + Party_status_mean + Party_status_dev + Party_orientation_float_mean + Party_orientation_float_dev,syll,Speaker_ID,2026-06-19_15-43-51,,,,,False,False
MUNDLAK,GLM_NB_Cluster,MUNDLAK_GLM_NB_Cluster,CZ,CZ_mundlak,True,,Party_orientation_float_mean,1.0536,0.9753,1.1381,0.1852,219878,405,0.991264,,fp_count ~ Speaker_gender + I((Speaker_age_at_session - 50.381261) / 10) + scale(speech_rate_syll_mean) + scale(speech_rate_syll_dev) + Sentiment_label_float_mean + Sentiment_label_float_dev + Party_status_mean + Party_status_dev + Party_orientation_float_mean + Party_orientation_float_dev,syll,Speaker_ID,2026-06-19_15-43-51,,,,,False,False
MUNDLAK,GLM_NB_Cluster,MUNDLAK_GLM_NB_Cluster,CZ,CZ_mundlak,True,,Party_orientation_float_dev,0.9858,0.6259,1.5527,0.9509,219878,405,0.991264,,fp_count ~ Speaker_gender + I((Speaker_age_at_session - 50.381261) / 10) + scale(speech_rate_syll_mean) + scale(speech_rate_syll_dev) + Sentiment_label_float_mean + Sentiment_label_float_dev + Party_status_mean + Party_status_dev + Party_orientation_float_mean + Party_orientation_float_dev,syll,Speaker_ID,2026-06-19_15-43-51,,,,,False,False
MUNDLAK,GLM_NB,MUNDLAK_GLM_NB,CZ,CZ_mundlak,True,,Intercept,0.0438,0.0429,0.0448,0.0,219878,405,0.991264,,fp_count ~ Speaker_gender + I((Speaker_age_at_session - 50.381261) / 10) + scale(speech_rate_syll_mean) + scale(speech_rate_syll_dev) + Sentiment_label_float_mean + Sentiment_label_float_dev + Party_status_mean + Party_status_dev + Party_orientation_float_mean + Party_orientation_float_dev,syll,Speaker_ID,2026-06-19_15-43-51,,,,,False,False
MUNDLAK,GLM_NB,MUNDLAK_GLM_NB,CZ,CZ_mundlak,True,,Speaker_gender[T.M],1.2294,1.2054,1.2539,0.0,219878,405,0.991264,,fp_count ~ Speaker_gender + I((Speaker_age_at_session - 50.381261) / 10) + scale(speech_rate_syll_mean) + scale(speech_rate_syll_dev) + Sentiment_label_float_mean + Sentiment_label_float_dev + Party_status_mean + Party_status_dev + Party_orientation_float_mean + Party_orientation_float_dev,syll,Speaker_ID,2026-06-19_15-43-51,,,,,False,False
MUNDLAK,GLM_NB,MUNDLAK_GLM_NB,CZ,CZ_mundlak,True,,I((Speaker_age_at_session - 50.381261) / 10),0.7997,0.7929,0.8065,0.0,219878,405,0.991264,,fp_count ~ Speaker_gender + I((Speaker_age_at_session - 50.381261) / 10) + scale(speech_rate_syll_mean) + scale(speech_rate_syll_dev) + Sentiment_label_float_mean + Sentiment_label_float_dev + Party_status_mean + Party_status_dev + Party_orientation_float_mean + Party_orientation_float_dev,syll,Speaker_ID,2026-06-19_15-43-51,,,,,False,False
MUNDLAK,GLM_NB,MUNDLAK_GLM_NB,CZ,CZ_mundlak,True,,scale(speech_rate_syll_mean),0.8109,0.8041,0.8179,0.0,219878,405,0.991264,,fp_count ~ Speaker_gender + I((Speaker_age_at_session - 50.381261) / 10) + scale(speech_rate_syll_mean) + scale(speech_rate_syll_dev) + Sentiment_label_float_mean + Sentiment_label_float_dev + Party_status_mean + Party_status_dev + Party_orientation_float_mean + Party_orientation_float_dev,syll,Speaker_ID,2026-06-19_15-43-51,,,,,False,False
MUNDLAK,GLM_NB,MUNDLAK_GLM_NB,CZ,CZ_mundlak,True,,scale(speech_rate_syll_dev),0.6022,0.5972,0.6073,0.0,219878,405,0.991264,,fp_count ~ Speaker_gender + I((Speaker_age_at_session - 50.381261) / 10) + scale(speech_rate_syll_mean) + scale(speech_rate_syll_dev) + Sentiment_label_float_mean + Sentiment_label_float_dev + Party_status_mean + Party_status_dev + Party_orientation_float_mean + Party_orientation_float_dev,syll,Speaker_ID,2026-06-19_15-43-51,,,,,False,False
MUNDLAK,GLM_NB,MUNDLAK_GLM_NB,CZ,CZ_mundlak,True,,Sentiment_label_float_mean,1.7697,1.7271,1.8134,0.0,219878,405,0.991264,,fp_count ~ Speaker_gender + I((Speaker_age_at_session - 50.381261) / 10) + scale(speech_rate_syll_mean) + scale(speech_rate_syll_dev) + Sentiment_label_float_mean + Sentiment_label_float_dev + Party_status_mean + Party_status_dev + Party_orientation_float_mean + Party_orientation_float_dev,syll,Speaker_ID,2026-06-19_15-43-51,,,,,False,False
MUNDLAK,GLM_NB,MUNDLAK_GLM_NB,CZ,CZ_mundlak,True,,Sentiment_label_float_dev,1.0596,1.0551,1.0641,0.0,219878,405,0.991264,,fp_count ~ Speaker_gender + I((Speaker_age_at_session - 50.381261) / 10) + scale(speech_rate_syll_mean) + scale(speech_rate_syll_dev) + Sentiment_label_float_mean + Sentiment_label_float_dev + Party_status_mean + Party_status_dev + Party_orientation_float_mean + Party_orientation_float_dev,syll,Speaker_ID,2026-06-19_15-43-51,,,,,False,False
MUNDLAK,GLM_NB,MUNDLAK_GLM_NB,CZ,CZ_mundlak,True,,Party_status_mean,0.7878,0.77,0.8061,0.0,219878,405,0.991264,,fp_count ~ Speaker_gender + I((Speaker_age_at_session - 50.381261) / 10) + scale(speech_rate_syll_mean) + scale(speech_rate_syll_dev) + Sentiment_label_float_mean + Sentiment_label_float_dev + Party_status_mean + Party_status_dev + Party_orientation_float_mean + Party_orientation_float_dev,syll,Speaker_ID,2026-06-19_15-43-51,,,,,False,False
MUNDLAK,GLM_NB,MUNDLAK_GLM_NB,CZ,CZ_mundlak,True,,Party_status_dev,1.0741,1.0457,1.1033,0.0,219878,405,0.991264,,fp_count ~ Speaker_gender + I((Speaker_age_at_session - 50.381261) / 10) + scale(speech_rate_syll_mean) + scale(speech_rate_syll_dev) + Sentiment_label_float_mean + Sentiment_label_float_dev + Party_status_mean + Party_status_dev + Party_orientation_float_mean + Party_orientation_float_dev,syll,Speaker_ID,2026-06-19_15-43-51,,,,,False,False
MUNDLAK,GLM_NB,MUNDLAK_GLM_NB,CZ,CZ_mundlak,True,,Party_orientation_float_mean,1.0536,1.0467,1.0604,0.0,219878,405,0.991264,,fp_count ~ Speaker_gender + I((Speaker_age_at_session - 50.381261) / 10) + scale(speech_rate_syll_mean) + scale(speech_rate_syll_dev) + Sentiment_label_float_mean + Sentiment_label_float_dev + Party_status_mean + Party_status_dev + Party_orientation_float_mean + Party_orientation_float_dev,syll,Speaker_ID,2026-06-19_15-43-51,,,,,False,False
MUNDLAK,GLM_NB,MUNDLAK_GLM_NB,CZ,CZ_mundlak,True,,Party_orientation_float_dev,0.9858,0.912,1.0656,0.7191,219878,405,0.991264,,fp_count ~ Speaker_gender + I((Speaker_age_at_session - 50.381261) / 10) + scale(speech_rate_syll_mean) + scale(speech_rate_syll_dev) + Sentiment_label_float_mean + Sentiment_label_float_dev + Party_status_mean + Party_status_dev + Party_orientation_float_mean + Party_orientation_float_dev,syll,Speaker_ID,2026-06-19_15-43-51,,,,,False,False
INT_GENDER_X_POWER,GEE_NB_Exch,INT_GENDER_X_POWER_GEE_NB_Exch,global,global_int_gender_x_power,False,gender_x_power,Intercept,0.0889,0.0758,0.1041,0.0,1001787,1561,1.554584,0.0696,fp_count ~ Speaker_gender + I((Speaker_age_at_session - 49.656757) / 10) + scale(speech_rate_syll) + Sentiment_label_float + Party_status + Party_orientation_float + C(Lang) + Speaker_gender : Party_status,syll,Speaker_ID,2026-06-19_15-43-51,,,,,False,False
INT_GENDER_X_POWER,GEE_NB_Exch,INT_GENDER_X_POWER_GEE_NB_Exch,global,global_int_gender_x_power,False,gender_x_power,Speaker_gender[T.M],0.5478,0.465,0.6453,0.0,1001787,1561,1.554584,0.0696,fp_count ~ Speaker_gender + I((Speaker_age_at_session - 49.656757) / 10) + scale(speech_rate_syll) + Sentiment_label_float + Party_status + Party_orientation_float + C(Lang) + Speaker_gender : Party_status,syll,Speaker_ID,2026-06-19_15-43-51,,,,,False,False
INT_GENDER_X_POWER,GEE_NB_Exch,INT_GENDER_X_POWER_GEE_NB_Exch,global,global_int_gender_x_power,False,gender_x_power,C(Lang)[T.HR],0.3703,0.3105,0.4417,0.0,1001787,1561,1.554584,0.0696,fp_count ~ Speaker_gender + I((Speaker_age_at_session - 49.656757) / 10) + scale(speech_rate_syll) + Sentiment_label_float + Party_status + Party_orientation_float + C(Lang) + Speaker_gender : Party_status,syll,Speaker_ID,2026-06-19_15-43-51,,,,,False,False
INT_GENDER_X_POWER,GEE_NB_Exch,INT_GENDER_X_POWER_GEE_NB_Exch,global,global_int_gender_x_power,False,gender_x_power,C(Lang)[T.PL],1.2654,1.0945,1.463,0.0015,1001787,1561,1.554584,0.0696,fp_count ~ Speaker_gender + I((Speaker_age_at_session - 49.656757) / 10) + scale(speech_rate_syll) + Sentiment_label_float + Party_status + Party_orientation_float + C(Lang) + Speaker_gender : Party_status,syll,Speaker_ID,2026-06-19_15-43-51,,,,,False,False
INT_GENDER_X_POWER,GEE_NB_Exch,INT_GENDER_X_POWER_GEE_NB_Exch,global,global_int_gender_x_power,False,gender_x_power,C(Lang)[T.RS],0.3246,0.2771,0.3802,0.0,1001787,1561,1.554584,0.0696,fp_count ~ Speaker_gender + I((Speaker_age_at_session - 49.656757) / 10) + scale(speech_rate_syll) + Sentiment_label_float + Party_status + Party_orientation_float + C(Lang) + Speaker_gender : Party_status,syll,Speaker_ID,2026-06-19_15-43-51,,,,,False,False
INT_GENDER_X_POWER,GEE_NB_Exch,INT_GENDER_X_POWER_GEE_NB_Exch,global,global_int_gender_x_power,False,gender_x_power,I((Speaker_age_at_session - 49.656757) / 10),0.8105,0.7656,0.8581,0.0,1001787,1561,1.554584,0.0696,fp_count ~ Speaker_gender + I((Speaker_age_at_session - 49.656757) / 10) + scale(speech_rate_syll) + Sentiment_label_float + Party_status + Party_orientation_float + C(Lang) + Speaker_gender : Party_status,syll,Speaker_ID,2026-06-19_15-43-51,,,,,False,False
INT_GENDER_X_POWER,GEE_NB_Exch,INT_GENDER_X_POWER_GEE_NB_Exch,global,global_int_gender_x_power,False,gender_x_power,scale(speech_rate_syll),0.6289,0.6168,0.6412,0.0,1001787,1561,1.554584,0.0696,fp_count ~ Speaker_gender + I((Speaker_age_at_session - 49.656757) / 10) + scale(speech_rate_syll) + Sentiment_label_float + Party_status + Party_orientation_float + C(Lang) + Speaker_gender : Party_status,syll,Speaker_ID,2026-06-19_15-43-51,,,,,False,False
INT_GENDER_X_POWER,GEE_NB_Exch,INT_GENDER_X_POWER_GEE_NB_Exch,global,global_int_gender_x_power,False,gender_x_power,Sentiment_label_float,1.0496,1.044,1.0553,0.0,1001787,1561,1.554584,0.0696,fp_count ~ Speaker_gender + I((Speaker_age_at_session - 49.656757) / 10) + scale(speech_rate_syll) + Sentiment_label_float + Party_status + Party_orientation_float + C(Lang) + Speaker_gender : Party_status,syll,Speaker_ID,2026-06-19_15-43-51,,,,,False,False
INT_GENDER_X_POWER,GEE_NB_Exch,INT_GENDER_X_POWER_GEE_NB_Exch,global,global_int_gender_x_power,False,gender_x_power,Party_status,0.9219,0.7966,1.0669,0.2751,1001787,1561,1.554584,0.0696,fp_count ~ Speaker_gender + I((Speaker_age_at_session - 49.656757) / 10) + scale(speech_rate_syll) + Sentiment_label_float + Party_status + Party_orientation_float + C(Lang) + Speaker_gender : Party_status,syll,Speaker_ID,2026-06-19_15-43-51,,,,,False,False
INT_GENDER_X_POWER,GEE_NB_Exch,INT_GENDER_X_POWER_GEE_NB_Exch,global,global_int_gender_x_power,False,gender_x_power,Speaker_gender[T.M]:Party_status,1.0554,0.8855,1.2578,0.5472,1001787,1561,1.554584,0.0696,fp_count ~ Speaker_gender + I((Speaker_age_at_session - 49.656757) / 10) + scale(speech_rate_syll) + Sentiment_label_float + Party_status + Party_orientation_float + C(Lang) + Speaker_gender : Party_status,syll,Speaker_ID,2026-06-19_15-43-51,,,,,False,False
INT_GENDER_X_POWER,GEE_NB_Exch,INT_GENDER_X_POWER_GEE_NB_Exch,global,global_int_gender_x_power,False,gender_x_power,Party_orientation_float,0.982,0.9336,1.0328,0.4799,1001787,1561,1.554584,0.0696,fp_count ~ Speaker_gender + I((Speaker_age_at_session - 49.656757) / 10) + scale(speech_rate_syll) + Sentiment_label_float + Party_status + Party_orientation_float + C(Lang) + Speaker_gender : Party_status,syll,Speaker_ID,2026-06-19_15-43-51,,,,,False,False
INT_GENDER_X_POWER,GEE_NB_Indep,INT_GENDER_X_POWER_GEE_NB_Indep,global,global_int_gender_x_power,False,gender_x_power,Intercept,0.0791,0.066,0.0949,0.0,1001787,1561,1.554584,,fp_count ~ Speaker_gender + I((Speaker_age_at_session - 49.656757) / 10) + scale(speech_rate_syll) + Sentiment_label_float + Party_status + Party_orientation_float + C(Lang) + Speaker_gender : Party_status,syll,Speaker_ID,2026-06-19_15-43-51,,,,,False,False
INT_GENDER_X_POWER,GEE_NB_Indep,INT_GENDER_X_POWER_GEE_NB_Indep,global,global_int_gender_x_power,False,gender_x_power,Speaker_gender[T.M],0.5667,0.4941,0.65,0.0,1001787,1561,1.554584,,fp_count ~ Speaker_gender + I((Speaker_age_at_session - 49.656757) / 10) + scale(speech_rate_syll) + Sentiment_label_float + Party_status + Party_orientation_float + C(Lang) + Speaker_gender : Party_status,syll,Speaker_ID,2026-06-19_15-43-51,,,,,False,False
INT_GENDER_X_POWER,GEE_NB_Indep,INT_GENDER_X_POWER_GEE_NB_Indep,global,global_int_gender_x_power,False,gender_x_power,C(Lang)[T.HR],0.5483,0.4626,0.6499,0.0,1001787,1561,1.554584,,fp_count ~ Speaker_gender + I((Speaker_age_at_session - 49.656757) / 10) + scale(speech_rate_syll) + Sentiment_label_float + Party_status + Party_orientation_float + C(Lang) + Speaker_gender : Party_status,syll,Speaker_ID,2026-06-19_15-43-51,,,,,False,False
INT_GENDER_X_POWER,GEE_NB_Indep,INT_GENDER_X_POWER_GEE_NB_Indep,global,global_int_gender_x_power,False,gender_x_power,C(Lang)[T.PL],1.2086,1.0016,1.4584,0.048,1001787,1561,1.554584,,fp_count ~ Speaker_gender + I((Speaker_age_at_session - 49.656757) / 10) + scale(speech_rate_syll) + Sentiment_label_float + Party_status + Party_orientation_float + C(Lang) + Speaker_gender : Party_status,syll,Speaker_ID,2026-06-19_15-43-51,,,,,False,False
INT_GENDER_X_POWER,GEE_NB_Indep,INT_GENDER_X_POWER_GEE_NB_Indep,global,global_int_gender_x_power,False,gender_x_power,C(Lang)[T.RS],0.3747,0.309,0.4543,0.0,1001787,1561,1.554584,,fp_count ~ Speaker_gender + I((Speaker_age_at_session - 49.656757) / 10) + scale(speech_rate_syll) + Sentiment_label_float + Party_status + Party_orientation_float + C(Lang) + Speaker_gender : Party_status,syll,Speaker_ID,2026-06-19_15-43-51,,,,,False,False
INT_GENDER_X_POWER,GEE_NB_Indep,INT_GENDER_X_POWER_GEE_NB_Indep,global,global_int_gender_x_power,False,gender_x_power,I((Speaker_age_at_session - 49.656757) / 10),0.8425,0.796,0.8919,0.0,1001787,1561,1.554584,,fp_count ~ Speaker_gender + I((Speaker_age_at_session - 49.656757) / 10) + scale(speech_rate_syll) + Sentiment_label_float + Party_status + Party_orientation_float + C(Lang) + Speaker_gender : Party_status,syll,Speaker_ID,2026-06-19_15-43-51,,,,,False,False
INT_GENDER_X_POWER,GEE_NB_Indep,INT_GENDER_X_POWER_GEE_NB_Indep,global,global_int_gender_x_power,False,gender_x_power,scale(speech_rate_syll),0.6455,0.6266,0.6649,0.0,1001787,1561,1.554584,,fp_count ~ Speaker_gender + I((Speaker_age_at_session - 49.656757) / 10) + scale(speech_rate_syll) + Sentiment_label_float + Party_status + Party_orientation_float + C(Lang) + Speaker_gender : Party_status,syll,Speaker_ID,2026-06-19_15-43-51,,,,,False,False
INT_GENDER_X_POWER,GEE_NB_Indep,INT_GENDER_X_POWER_GEE_NB_Indep,global,global_int_gender_x_power,False,gender_x_power,Sentiment_label_float,1.0614,1.0505,1.0725,0.0,1001787,1561,1.554584,,fp_count ~ Speaker_gender + I((Speaker_age_at_session - 49.656757) / 10) + scale(speech_rate_syll) + Sentiment_label_float + Party_status + Party_orientation_float + C(Lang) + Speaker_gender : Party_status,syll,Speaker_ID,2026-06-19_15-43-51,,,,,False,False
INT_GENDER_X_POWER,GEE_NB_Indep,INT_GENDER_X_POWER_GEE_NB_Indep,global,global_int_gender_x_power,False,gender_x_power,Party_status,0.6041,0.4874,0.7488,0.0,1001787,1561,1.554584,,fp_count ~ Speaker_gender + I((Speaker_age_at_session - 49.656757) / 10) + scale(speech_rate_syll) + Sentiment_label_float + Party_status + Party_orientation_float + C(Lang) + Speaker_gender : Party_status,syll,Speaker_ID,2026-06-19_15-43-51,,,,,False,False
INT_GENDER_X_POWER,GEE_NB_Indep,INT_GENDER_X_POWER_GEE_NB_Indep,global,global_int_gender_x_power,False,gender_x_power,Speaker_gender[T.M]:Party_status,1.459,1.1212,1.8985,0.0049,1001787,1561,1.554584,,fp_count ~ Speaker_gender + I((Speaker_age_at_session - 49.656757) / 10) + scale(speech_rate_syll) + Sentiment_label_float + Party_status + Party_orientation_float + C(Lang) + Speaker_gender : Party_status,syll,Speaker_ID,2026-06-19_15-43-51,,,,,False,False
INT_GENDER_X_POWER,GEE_NB_Indep,INT_GENDER_X_POWER_GEE_NB_Indep,global,global_int_gender_x_power,False,gender_x_power,Party_orientation_float,1.0253,0.9796,1.0731,0.2829,1001787,1561,1.554584,,fp_count ~ Speaker_gender + I((Speaker_age_at_session - 49.656757) / 10) + scale(speech_rate_syll) + Sentiment_label_float + Party_status + Party_orientation_float + C(Lang) + Speaker_gender : Party_status,syll,Speaker_ID,2026-06-19_15-43-51,,,,,False,False
INT_GENDER_X_POWER,GLM_NB_Cluster,INT_GENDER_X_POWER_GLM_NB_Cluster,global,global_int_gender_x_power,False,gender_x_power,Intercept,0.0791,0.0655,0.0956,0.0,1001787,1561,1.554584,,fp_count ~ Speaker_gender + I((Speaker_age_at_session - 49.656757) / 10) + scale(speech_rate_syll) + Sentiment_label_float + Party_status + Party_orientation_float + C(Lang) + Speaker_gender : Party_status,syll,Speaker_ID,2026-06-19_15-43-51,,,,,False,False
INT_GENDER_X_POWER,GLM_NB_Cluster,INT_GENDER_X_POWER_GLM_NB_Cluster,global,global_int_gender_x_power,False,gender_x_power,Speaker_gender[T.M],0.5667,0.4918,0.6531,0.0,1001787,1561,1.554584,,fp_count ~ Speaker_gender + I((Speaker_age_at_session - 49.656757) / 10) + scale(speech_rate_syll) + Sentiment_label_float + Party_status + Party_orientation_float + C(Lang) + Speaker_gender : Party_status,syll,Speaker_ID,2026-06-19_15-43-51,,,,,False,False
INT_GENDER_X_POWER,GLM_NB_Cluster,INT_GENDER_X_POWER_GLM_NB_Cluster,global,global_int_gender_x_power,False,gender_x_power,C(Lang)[T.HR],0.5483,0.4609,0.6522,0.0,1001787,1561,1.554584,,fp_count ~ Speaker_gender + I((Speaker_age_at_session - 49.656757) / 10) + scale(speech_rate_syll) + Sentiment_label_float + Party_status + Party_orientation_float + C(Lang) + Speaker_gender : Party_status,syll,Speaker_ID,2026-06-19_15-43-51,,,,,False,False
INT_GENDER_X_POWER,GLM_NB_Cluster,INT_GENDER_X_POWER_GLM_NB_Cluster,global,global_int_gender_x_power,False,gender_x_power,C(Lang)[T.PL],1.2086,1.002,1.4579,0.0476,1001787,1561,1.554584,,fp_count ~ Speaker_gender + I((Speaker_age_at_session - 49.656757) / 10) + scale(speech_rate_syll) + Sentiment_label_float + Party_status + Party_orientation_float + C(Lang) + Speaker_gender : Party_status,syll,Speaker_ID,2026-06-19_15-43-51,,,,,False,False
INT_GENDER_X_POWER,GLM_NB_Cluster,INT_GENDER_X_POWER_GLM_NB_Cluster,global,global_int_gender_x_power,False,gender_x_power,C(Lang)[T.RS],0.3747,0.3094,0.4537,0.0,1001787,1561,1.554584,,fp_count ~ Speaker_gender + I((Speaker_age_at_session - 49.656757) / 10) + scale(speech_rate_syll) + Sentiment_label_float + Party_status + Party_orientation_float + C(Lang) + Speaker_gender : Party_status,syll,Speaker_ID,2026-06-19_15-43-51,,,,,False,False
INT_GENDER_X_POWER,GLM_NB_Cluster,INT_GENDER_X_POWER_GLM_NB_Cluster,global,global_int_gender_x_power,False,gender_x_power,I((Speaker_age_at_session - 49.656757) / 10),0.8425,0.796,0.8919,0.0,1001787,1561,1.554584,,fp_count ~ Speaker_gender + I((Speaker_age_at_session - 49.656757) / 10) + scale(speech_rate_syll) + Sentiment_label_float + Party_status + Party_orientation_float + C(Lang) + Speaker_gender : Party_status,syll,Speaker_ID,2026-06-19_15-43-51,,,,,False,False
INT_GENDER_X_POWER,GLM_NB_Cluster,INT_GENDER_X_POWER_GLM_NB_Cluster,global,global_int_gender_x_power,False,gender_x_power,scale(speech_rate_syll),0.6455,0.6254,0.6663,0.0,1001787,1561,1.554584,,fp_count ~ Speaker_gender + I((Speaker_age_at_session - 49.656757) / 10) + scale(speech_rate_syll) + Sentiment_label_float + Party_status + Party_orientation_float + C(Lang) + Speaker_gender : Party_status,syll,Speaker_ID,2026-06-19_15-43-51,,,,,False,False
INT_GENDER_X_POWER,GLM_NB_Cluster,INT_GENDER_X_POWER_GLM_NB_Cluster,global,global_int_gender_x_power,False,gender_x_power,Sentiment_label_float,1.0614,1.0503,1.0727,0.0,1001787,1561,1.554584,,fp_count ~ Speaker_gender + I((Speaker_age_at_session - 49.656757) / 10) + scale(speech_rate_syll) + Sentiment_label_float + Party_status + Party_orientation_float + C(Lang) + Speaker_gender : Party_status,syll,Speaker_ID,2026-06-19_15-43-51,,,,,False,False
INT_GENDER_X_POWER,GLM_NB_Cluster,INT_GENDER_X_POWER_GLM_NB_Cluster,global,global_int_gender_x_power,False,gender_x_power,Party_status,0.6041,0.4864,0.7503,0.0,1001787,1561,1.554584,,fp_count ~ Speaker_gender + I((Speaker_age_at_session - 49.656757) / 10) + scale(speech_rate_syll) + Sentiment_label_float + Party_status + Party_orientation_float + C(Lang) + Speaker_gender : Party_status,syll,Speaker_ID,2026-06-19_15-43-51,,,,,False,False
INT_GENDER_X_POWER,GLM_NB_Cluster,INT_GENDER_X_POWER_GLM_NB_Cluster,global,global_int_gender_x_power,False,gender_x_power,Speaker_gender[T.M]:Party_status,1.459,1.1185,1.9031,0.0053,1001787,1561,1.554584,,fp_count ~ Speaker_gender + I((Speaker_age_at_session - 49.656757) / 10) + scale(speech_rate_syll) + Sentiment_label_float + Party_status + Party_orientation_float + C(Lang) + Speaker_gender : Party_status,syll,Speaker_ID,2026-06-19_15-43-51,,,,,False,False
INT_GENDER_X_POWER,GLM_NB_Cluster,INT_GENDER_X_POWER_GLM_NB_Cluster,global,global_int_gender_x_power,False,gender_x_power,Party_orientation_float,1.0253,0.9781,1.0747,0.2986,1001787,1561,1.554584,,fp_count ~ Speaker_gender + I((Speaker_age_at_session - 49.656757) / 10) + scale(speech_rate_syll) + Sentiment_label_float + Party_status + Party_orientation_float + C(Lang) + Speaker_gender : Party_status,syll,Speaker_ID,2026-06-19_15-43-51,,,,,False,False
INT_GENDER_X_POWER,GLM_NB,INT_GENDER_X_POWER_GLM_NB,global,global_int_gender_x_power,False,gender_x_power,Intercept,0.0791,0.0781,0.0802,0.0,1001787,1561,1.554584,,fp_count ~ Speaker_gender + I((Speaker_age_at_session - 49.656757) / 10) + scale(speech_rate_syll) + Sentiment_label_float + Party_status + Party_orientation_float + C(Lang) + Speaker_gender : Party_status,syll,Speaker_ID,2026-06-19_15-43-51,,,,,False,False
INT_GENDER_X_POWER,GLM_NB,INT_GENDER_X_POWER_GLM_NB,global,global_int_gender_x_power,False,gender_x_power,Speaker_gender[T.M],0.5667,0.5607,0.5727,0.0,1001787,1561,1.554584,,fp_count ~ Speaker_gender + I((Speaker_age_at_session - 49.656757) / 10) + scale(speech_rate_syll) + Sentiment_label_float + Party_status + Party_orientation_float + C(Lang) + Speaker_gender : Party_status,syll,Speaker_ID,2026-06-19_15-43-51,,,,,False,False
INT_GENDER_X_POWER,GLM_NB,INT_GENDER_X_POWER_GLM_NB,global,global_int_gender_x_power,False,gender_x_power,C(Lang)[T.HR],0.5483,0.5423,0.5544,0.0,1001787,1561,1.554584,,fp_count ~ Speaker_gender + I((Speaker_age_at_session - 49.656757) / 10) + scale(speech_rate_syll) + Sentiment_label_float + Party_status + Party_orientation_float + C(Lang) + Speaker_gender : Party_status,syll,Speaker_ID,2026-06-19_15-43-51,,,,,False,False
INT_GENDER_X_POWER,GLM_NB,INT_GENDER_X_POWER_GLM_NB,global,global_int_gender_x_power,False,gender_x_power,C(Lang)[T.PL],1.2086,1.192,1.2255,0.0,1001787,1561,1.554584,,fp_count ~ Speaker_gender + I((Speaker_age_at_session - 49.656757) / 10) + scale(speech_rate_syll) + Sentiment_label_float + Party_status + Party_orientation_float + C(Lang) + Speaker_gender : Party_status,syll,Speaker_ID,2026-06-19_15-43-51,,,,,False,False
INT_GENDER_X_POWER,GLM_NB,INT_GENDER_X_POWER_GLM_NB,global,global_int_gender_x_power,False,gender_x_power,C(Lang)[T.RS],0.3747,0.3693,0.3801,0.0,1001787,1561,1.554584,,fp_count ~ Speaker_gender + I((Speaker_age_at_session - 49.656757) / 10) + scale(speech_rate_syll) + Sentiment_label_float + Party_status + Party_orientation_float + C(Lang) + Speaker_gender : Party_status,syll,Speaker_ID,2026-06-19_15-43-51,,,,,False,False
INT_GENDER_X_POWER,GLM_NB,INT_GENDER_X_POWER_GLM_NB,global,global_int_gender_x_power,False,gender_x_power,I((Speaker_age_at_session - 49.656757) / 10),0.8425,0.8389,0.8462,0.0,1001787,1561,1.554584,,fp_count ~ Speaker_gender + I((Speaker_age_at_session - 49.656757) / 10) + scale(speech_rate_syll) + Sentiment_label_float + Party_status + Party_orientation_float + C(Lang) + Speaker_gender : Party_status,syll,Speaker_ID,2026-06-19_15-43-51,,,,,False,False
INT_GENDER_X_POWER,GLM_NB,INT_GENDER_X_POWER_GLM_NB,global,global_int_gender_x_power,False,gender_x_power,scale(speech_rate_syll),0.6455,0.6426,0.6484,0.0,1001787,1561,1.554584,,fp_count ~ Speaker_gender + I((Speaker_age_at_session - 49.656757) / 10) + scale(speech_rate_syll) + Sentiment_label_float + Party_status + Party_orientation_float + C(Lang) + Speaker_gender : Party_status,syll,Speaker_ID,2026-06-19_15-43-51,,,,,False,False
INT_GENDER_X_POWER,GLM_NB,INT_GENDER_X_POWER_GLM_NB,global,global_int_gender_x_power,False,gender_x_power,Sentiment_label_float,1.0614,1.0591,1.0638,0.0,1001787,1561,1.554584,,fp_count ~ Speaker_gender + I((Speaker_age_at_session - 49.656757) / 10) + scale(speech_rate_syll) + Sentiment_label_float + Party_status + Party_orientation_float + C(Lang) + Speaker_gender : Party_status,syll,Speaker_ID,2026-06-19_15-43-51,,,,,False,False
INT_GENDER_X_POWER,GLM_NB,INT_GENDER_X_POWER_GLM_NB,global,global_int_gender_x_power,False,gender_x_power,Party_status,0.6041,0.5942,0.6142,0.0,1001787,1561,1.554584,,fp_count ~ Speaker_gender + I((Speaker_age_at_session - 49.656757) / 10) + scale(speech_rate_syll) + Sentiment_label_float + Party_status + Party_orientation_float + C(Lang) + Speaker_gender : Party_status,syll,Speaker_ID,2026-06-19_15-43-51,,,,,False,False
INT_GENDER_X_POWER,GLM_NB,INT_GENDER_X_POWER_GLM_NB,global,global_int_gender_x_power,False,gender_x_power,Speaker_gender[T.M]:Party_status,1.459,1.4317,1.4868,0.0,1001787,1561,1.554584,,fp_count ~ Speaker_gender + I((Speaker_age_at_session - 49.656757) / 10) + scale(speech_rate_syll) + Sentiment_label_float + Party_status + Party_orientation_float + C(Lang) + Speaker_gender : Party_status,syll,Speaker_ID,2026-06-19_15-43-51,,,,,False,False
INT_GENDER_X_POWER,GLM_NB,INT_GENDER_X_POWER_GLM_NB,global,global_int_gender_x_power,False,gender_x_power,Party_orientation_float,1.0253,1.0219,1.0287,0.0,1001787,1561,1.554584,,fp_count ~ Speaker_gender + I((Speaker_age_at_session - 49.656757) / 10) + scale(speech_rate_syll) + Sentiment_label_float + Party_status + Party_orientation_float + C(Lang) + Speaker_gender : Party_status,syll,Speaker_ID,2026-06-19_15-43-51,,,,,False,False
INT_GENDER_X_ORIENTATION,GEE_NB_Exch,INT_GENDER_X_ORIENTATION_GEE_NB_Exch,global,global_int_gender_x_orientation,False,gender_x_orientation,Intercept,0.0901,0.0771,0.1053,0.0,1001787,1561,1.565409,0.0708,fp_count ~ Speaker_gender + I((Speaker_age_at_session - 49.656757) / 10) + scale(speech_rate_syll) + Sentiment_label_float + Party_status + Party_orientation_float + C(Lang) + Speaker_gender : Party_orientation_float,syll,Speaker_ID,2026-06-19_15-43-51,,,,,False,False
INT_GENDER_X_ORIENTATION,GEE_NB_Exch,INT_GENDER_X_ORIENTATION_GEE_NB_Exch,global,global_int_gender_x_orientation,False,gender_x_orientation,Speaker_gender[T.M],0.5401,0.4607,0.6333,0.0,1001787,1561,1.565409,0.0708,fp_count ~ Speaker_gender + I((Speaker_age_at_session - 49.656757) / 10) + scale(speech_rate_syll) + Sentiment_label_float + Party_status + Party_orientation_float + C(Lang) + Speaker_gender : Party_orientation_float,syll,Speaker_ID,2026-06-19_15-43-51,,,,,False,False
INT_GENDER_X_ORIENTATION,GEE_NB_Exch,INT_GENDER_X_ORIENTATION_GEE_NB_Exch,global,global_int_gender_x_orientation,False,gender_x_orientation,C(Lang)[T.HR],0.365,0.3056,0.4361,0.0,1001787,1561,1.565409,0.0708,fp_count ~ Speaker_gender + I((Speaker_age_at_session - 49.656757) / 10) + scale(speech_rate_syll) + Sentiment_label_float + Party_status + Party_orientation_float + C(Lang) + Speaker_gender : Party_orientation_float,syll,Speaker_ID,2026-06-19_15-43-51,,,,,False,False
INT_GENDER_X_ORIENTATION,GEE_NB_Exch,INT_GENDER_X_ORIENTATION_GEE_NB_Exch,global,global_int_gender_x_orientation,False,gender_x_orientation,C(Lang)[T.PL],1.2473,1.0763,1.4454,0.0033,1001787,1561,1.565409,0.0708,fp_count ~ Speaker_gender + I((Speaker_age_at_session - 49.656757) / 10) + scale(speech_rate_syll) + Sentiment_label_float + Party_status + Party_orientation_float + C(Lang) + Speaker_gender : Party_orientation_float,syll,Speaker_ID,2026-06-19_15-43-51,,,,,False,False
INT_GENDER_X_ORIENTATION,GEE_NB_Exch,INT_GENDER_X_ORIENTATION_GEE_NB_Exch,global,global_int_gender_x_orientation,False,gender_x_orientation,C(Lang)[T.RS],0.3244,0.2764,0.3808,0.0,1001787,1561,1.565409,0.0708,fp_count ~ Speaker_gender + I((Speaker_age_at_session - 49.656757) / 10) + scale(speech_rate_syll) + Sentiment_label_float + Party_status + Party_orientation_float + C(Lang) + Speaker_gender : Party_orientation_float,syll,Speaker_ID,2026-06-19_15-43-51,,,,,False,False
INT_GENDER_X_ORIENTATION,GEE_NB_Exch,INT_GENDER_X_ORIENTATION_GEE_NB_Exch,global,global_int_gender_x_orientation,False,gender_x_orientation,I((Speaker_age_at_session - 49.656757) / 10),0.8097,0.7646,0.8574,0.0,1001787,1561,1.565409,0.0708,fp_count ~ Speaker_gender + I((Speaker_age_at_session - 49.656757) / 10) + scale(speech_rate_syll) + Sentiment_label_float + Party_status + Party_orientation_float + C(Lang) + Speaker_gender : Party_orientation_float,syll,Speaker_ID,2026-06-19_15-43-51,,,,,False,False
INT_GENDER_X_ORIENTATION,GEE_NB_Exch,INT_GENDER_X_ORIENTATION_GEE_NB_Exch,global,global_int_gender_x_orientation,False,gender_x_orientation,scale(speech_rate_syll),0.6289,0.6167,0.6412,0.0,1001787,1561,1.565409,0.0708,fp_count ~ Speaker_gender + I((Speaker_age_at_session - 49.656757) / 10) + scale(speech_rate_syll) + Sentiment_label_float + Party_status + Party_orientation_float + C(Lang) + Speaker_gender : Party_orientation_float,syll,Speaker_ID,2026-06-19_15-43-51,,,,,False,False
INT_GENDER_X_ORIENTATION,GEE_NB_Exch,INT_GENDER_X_ORIENTATION_GEE_NB_Exch,global,global_int_gender_x_orientation,False,gender_x_orientation,Sentiment_label_float,1.0495,1.0439,1.0551,0.0,1001787,1561,1.565409,0.0708,fp_count ~ Speaker_gender + I((Speaker_age_at_session - 49.656757) / 10) + scale(speech_rate_syll) + Sentiment_label_float + Party_status + Party_orientation_float + C(Lang) + Speaker_gender : Party_orientation_float,syll,Speaker_ID,2026-06-19_15-43-51,,,,,False,False
INT_GENDER_X_ORIENTATION,GEE_NB_Exch,INT_GENDER_X_ORIENTATION_GEE_NB_Exch,global,global_int_gender_x_orientation,False,gender_x_orientation,Party_status,0.9548,0.8814,1.0342,0.2563,1001787,1561,1.565409,0.0708,fp_count ~ Speaker_gender + I((Speaker_age_at_session - 49.656757) / 10) + scale(speech_rate_syll) + Sentiment_label_float + Party_status + Party_orientation_float + C(Lang) + Speaker_gender : Party_orientation_float,syll,Speaker_ID,2026-06-19_15-43-51,,,,,False,False
INT_GENDER_X_ORIENTATION,GEE_NB_Exch,INT_GENDER_X_ORIENTATION_GEE_NB_Exch,global,global_int_gender_x_orientation,False,gender_x_orientation,Party_orientation_float,0.9147,0.8371,0.9995,0.0487,1001787,1561,1.565409,0.0708,fp_count ~ Speaker_gender + I((Speaker_age_at_session - 49.656757) / 10) + scale(speech_rate_syll) + Sentiment_label_float + Party_status + Party_orientation_float + C(Lang) + Speaker_gender : Party_orientation_float,syll,Speaker_ID,2026-06-19_15-43-51,,,,,False,False
INT_GENDER_X_ORIENTATION,GEE_NB_Exch,INT_GENDER_X_ORIENTATION_GEE_NB_Exch,global,global_int_gender_x_orientation,False,gender_x_orientation,Speaker_gender[T.M]:Party_orientation_float,1.0996,0.9918,1.2191,0.0714,1001787,1561,1.565409,0.0708,fp_count ~ Speaker_gender + I((Speaker_age_at_session - 49.656757) / 10) + scale(speech_rate_syll) + Sentiment_label_float + Party_status + Party_orientation_float + C(Lang) + Speaker_gender : Party_orientation_float,syll,Speaker_ID,2026-06-19_15-43-51,,,,,False,False
INT_GENDER_X_ORIENTATION,GEE_NB_Indep,INT_GENDER_X_ORIENTATION_GEE_NB_Indep,global,global_int_gender_x_orientation,False,gender_x_orientation,Intercept,0.0736,0.0618,0.0878,0.0,1001787,1561,1.565409,,fp_count ~ Speaker_gender + I((Speaker_age_at_session - 49.656757) / 10) + scale(speech_rate_syll) + Sentiment_label_float + Party_status + Party_orientation_float + C(Lang) + Speaker_gender : Party_orientation_float,syll,Speaker_ID,2026-06-19_15-43-51,,,,,False,False
INT_GENDER_X_ORIENTATION,GEE_NB_Indep,INT_GENDER_X_ORIENTATION_GEE_NB_Indep,global,global_int_gender_x_orientation,False,gender_x_orientation,Speaker_gender[T.M],0.6293,0.5539,0.715,0.0,1001787,1561,1.565409,,fp_count ~ Speaker_gender + I((Speaker_age_at_session - 49.656757) / 10) + scale(speech_rate_syll) + Sentiment_label_float + Party_status + Party_orientation_float + C(Lang) + Speaker_gender : Party_orientation_float,syll,Speaker_ID,2026-06-19_15-43-51,,,,,False,False
INT_GENDER_X_ORIENTATION,GEE_NB_Indep,INT_GENDER_X_ORIENTATION_GEE_NB_Indep,global,global_int_gender_x_orientation,False,gender_x_orientation,C(Lang)[T.HR],0.5454,0.4599,0.6468,0.0,1001787,1561,1.565409,,fp_count ~ Speaker_gender + I((Speaker_age_at_session - 49.656757) / 10) + scale(speech_rate_syll) + Sentiment_label_float + Party_status + Party_orientation_float + C(Lang) + Speaker_gender : Party_orientation_float,syll,Speaker_ID,2026-06-19_15-43-51,,,,,False,False
INT_GENDER_X_ORIENTATION,GEE_NB_Indep,INT_GENDER_X_ORIENTATION_GEE_NB_Indep,global,global_int_gender_x_orientation,False,gender_x_orientation,C(Lang)[T.PL],1.2002,0.9881,1.4577,0.0659,1001787,1561,1.565409,,fp_count ~ Speaker_gender + I((Speaker_age_at_session - 49.656757) / 10) + scale(speech_rate_syll) + Sentiment_label_float + Party_status + Party_orientation_float + C(Lang) + Speaker_gender : Party_orientation_float,syll,Speaker_ID,2026-06-19_15-43-51,,,,,False,False
INT_GENDER_X_ORIENTATION,GEE_NB_Indep,INT_GENDER_X_ORIENTATION_GEE_NB_Indep,global,global_int_gender_x_orientation,False,gender_x_orientation,C(Lang)[T.RS],0.3732,0.3078,0.4525,0.0,1001787,1561,1.565409,,fp_count ~ Speaker_gender + I((Speaker_age_at_session - 49.656757) / 10) + scale(speech_rate_syll) + Sentiment_label_float + Party_status + Party_orientation_float + C(Lang) + Speaker_gender : Party_orientation_float,syll,Speaker_ID,2026-06-19_15-43-51,,,,,False,False
INT_GENDER_X_ORIENTATION,GEE_NB_Indep,INT_GENDER_X_ORIENTATION_GEE_NB_Indep,global,global_int_gender_x_orientation,False,gender_x_orientation,I((Speaker_age_at_session - 49.656757) / 10),0.8366,0.7894,0.8867,0.0,1001787,1561,1.565409,,fp_count ~ Speaker_gender + I((Speaker_age_at_session - 49.656757) / 10) + scale(speech_rate_syll) + Sentiment_label_float + Party_status + Party_orientation_float + C(Lang) + Speaker_gender : Party_orientation_float,syll,Speaker_ID,2026-06-19_15-43-51,,,,,False,False
INT_GENDER_X_ORIENTATION,GEE_NB_Indep,INT_GENDER_X_ORIENTATION_GEE_NB_Indep,global,global_int_gender_x_orientation,False,gender_x_orientation,scale(speech_rate_syll),0.6431,0.6244,0.6623,0.0,1001787,1561,1.565409,,fp_count ~ Speaker_gender + I((Speaker_age_at_session - 49.656757) / 10) + scale(speech_rate_syll) + Sentiment_label_float + Party_status + Party_orientation_float + C(Lang) + Speaker_gender : Party_orientation_float,syll,Speaker_ID,2026-06-19_15-43-51,,,,,False,False
INT_GENDER_X_ORIENTATION,GEE_NB_Indep,INT_GENDER_X_ORIENTATION_GEE_NB_Indep,global,global_int_gender_x_orientation,False,gender_x_orientation,Sentiment_label_float,1.0609,1.0498,1.072,0.0,1001787,1561,1.565409,,fp_count ~ Speaker_gender + I((Speaker_age_at_session - 49.656757) / 10) + scale(speech_rate_syll) + Sentiment_label_float + Party_status + Party_orientation_float + C(Lang) + Speaker_gender : Party_orientation_float,syll,Speaker_ID,2026-06-19_15-43-51,,,,,False,False
INT_GENDER_X_ORIENTATION,GEE_NB_Indep,INT_GENDER_X_ORIENTATION_GEE_NB_Indep,global,global_int_gender_x_orientation,False,gender_x_orientation,Party_status,0.7882,0.6906,0.8996,0.0004,1001787,1561,1.565409,,fp_count ~ Speaker_gender + I((Speaker_age_at_session - 49.656757) / 10) + scale(speech_rate_syll) + Sentiment_label_float + Party_status + Party_orientation_float + C(Lang) + Speaker_gender : Party_orientation_float,syll,Speaker_ID,2026-06-19_15-43-51,,,,,False,False
INT_GENDER_X_ORIENTATION,GEE_NB_Indep,INT_GENDER_X_ORIENTATION_GEE_NB_Indep,global,global_int_gender_x_orientation,False,gender_x_orientation,Party_orientation_float,1.0011,0.9338,1.0732,0.9763,1001787,1561,1.565409,,fp_count ~ Speaker_gender + I((Speaker_age_at_session - 49.656757) / 10) + scale(speech_rate_syll) + Sentiment_label_float + Party_status + Party_orientation_float + C(Lang) + Speaker_gender : Party_orientation_float,syll,Speaker_ID,2026-06-19_15-43-51,,,,,False,False
INT_GENDER_X_ORIENTATION,GEE_NB_Indep,INT_GENDER_X_ORIENTATION_GEE_NB_Indep,global,global_int_gender_x_orientation,False,gender_x_orientation,Speaker_gender[T.M]:Party_orientation_float,1.0399,0.9521,1.1358,0.3847,1001787,1561,1.565409,,fp_count ~ Speaker_gender + I((Speaker_age_at_session - 49.656757) / 10) + scale(speech_rate_syll) + Sentiment_label_float + Party_status + Party_orientation_float + C(Lang) + Speaker_gender : Party_orientation_float,syll,Speaker_ID,2026-06-19_15-43-51,,,,,False,False
INT_GENDER_X_ORIENTATION,GLM_NB_Cluster,INT_GENDER_X_ORIENTATION_GLM_NB_Cluster,global,global_int_gender_x_orientation,False,gender_x_orientation,Intercept,0.0736,0.0614,0.0884,0.0,1001787,1561,1.565409,,fp_count ~ Speaker_gender + I((Speaker_age_at_session - 49.656757) / 10) + scale(speech_rate_syll) + Sentiment_label_float + Party_status + Party_orientation_float + C(Lang) + Speaker_gender : Party_orientation_float,syll,Speaker_ID,2026-06-19_15-43-51,,,,,False,False
INT_GENDER_X_ORIENTATION,GLM_NB_Cluster,INT_GENDER_X_ORIENTATION_GLM_NB_Cluster,global,global_int_gender_x_orientation,False,gender_x_orientation,Speaker_gender[T.M],0.6293,0.5525,0.7168,0.0,1001787,1561,1.565409,,fp_count ~ Speaker_gender + I((Speaker_age_at_session - 49.656757) / 10) + scale(speech_rate_syll) + Sentiment_label_float + Party_status + Party_orientation_float + C(Lang) + Speaker_gender : Party_orientation_float,syll,Speaker_ID,2026-06-19_15-43-51,,,,,False,False
INT_GENDER_X_ORIENTATION,GLM_NB_Cluster,INT_GENDER_X_ORIENTATION_GLM_NB_Cluster,global,global_int_gender_x_orientation,False,gender_x_orientation,C(Lang)[T.HR],0.5454,0.4586,0.6486,0.0,1001787,1561,1.565409,,fp_count ~ Speaker_gender + I((Speaker_age_at_session - 49.656757) / 10) + scale(speech_rate_syll) + Sentiment_label_float + Party_status + Party_orientation_float + C(Lang) + Speaker_gender : Party_orientation_float,syll,Speaker_ID,2026-06-19_15-43-51,,,,,False,False
INT_GENDER_X_ORIENTATION,GLM_NB_Cluster,INT_GENDER_X_ORIENTATION_GLM_NB_Cluster,global,global_int_gender_x_orientation,False,gender_x_orientation,C(Lang)[T.PL],1.2002,0.9879,1.458,0.0661,1001787,1561,1.565409,,fp_count ~ Speaker_gender + I((Speaker_age_at_session - 49.656757) / 10) + scale(speech_rate_syll) + Sentiment_label_float + Party_status + Party_orientation_float + C(Lang) + Speaker_gender : Party_orientation_float,syll,Speaker_ID,2026-06-19_15-43-51,,,,,False,False
INT_GENDER_X_ORIENTATION,GLM_NB_Cluster,INT_GENDER_X_ORIENTATION_GLM_NB_Cluster,global,global_int_gender_x_orientation,False,gender_x_orientation,C(Lang)[T.RS],0.3732,0.3081,0.452,0.0,1001787,1561,1.565409,,fp_count ~ Speaker_gender + I((Speaker_age_at_session - 49.656757) / 10) + scale(speech_rate_syll) + Sentiment_label_float + Party_status + Party_orientation_float + C(Lang) + Speaker_gender : Party_orientation_float,syll,Speaker_ID,2026-06-19_15-43-51,,,,,False,False
INT_GENDER_X_ORIENTATION,GLM_NB_Cluster,INT_GENDER_X_ORIENTATION_GLM_NB_Cluster,global,global_int_gender_x_orientation,False,gender_x_orientation,I((Speaker_age_at_session - 49.656757) / 10),0.8366,0.7895,0.8866,0.0,1001787,1561,1.565409,,fp_count ~ Speaker_gender + I((Speaker_age_at_session - 49.656757) / 10) + scale(speech_rate_syll) + Sentiment_label_float + Party_status + Party_orientation_float + C(Lang) + Speaker_gender : Party_orientation_float,syll,Speaker_ID,2026-06-19_15-43-51,,,,,False,False
INT_GENDER_X_ORIENTATION,GLM_NB_Cluster,INT_GENDER_X_ORIENTATION_GLM_NB_Cluster,global,global_int_gender_x_orientation,False,gender_x_orientation,scale(speech_rate_syll),0.6431,0.6231,0.6637,0.0,1001787,1561,1.565409,,fp_count ~ Speaker_gender + I((Speaker_age_at_session - 49.656757) / 10) + scale(speech_rate_syll) + Sentiment_label_float + Party_status + Party_orientation_float + C(Lang) + Speaker_gender : Party_orientation_float,syll,Speaker_ID,2026-06-19_15-43-51,,,,,False,False
INT_GENDER_X_ORIENTATION,GLM_NB_Cluster,INT_GENDER_X_ORIENTATION_GLM_NB_Cluster,global,global_int_gender_x_orientation,False,gender_x_orientation,Sentiment_label_float,1.0609,1.0496,1.0722,0.0,1001787,1561,1.565409,,fp_count ~ Speaker_gender + I((Speaker_age_at_session - 49.656757) / 10) + scale(speech_rate_syll) + Sentiment_label_float + Party_status + Party_orientation_float + C(Lang) + Speaker_gender : Party_orientation_float,syll,Speaker_ID,2026-06-19_15-43-51,,,,,False,False
INT_GENDER_X_ORIENTATION,GLM_NB_Cluster,INT_GENDER_X_ORIENTATION_GLM_NB_Cluster,global,global_int_gender_x_orientation,False,gender_x_orientation,Party_status,0.7882,0.6906,0.8996,0.0004,1001787,1561,1.565409,,fp_count ~ Speaker_gender + I((Speaker_age_at_session - 49.656757) / 10) + scale(speech_rate_syll) + Sentiment_label_float + Party_status + Party_orientation_float + C(Lang) + Speaker_gender : Party_orientation_float,syll,Speaker_ID,2026-06-19_15-43-51,,,,,False,False
INT_GENDER_X_ORIENTATION,GLM_NB_Cluster,INT_GENDER_X_ORIENTATION_GLM_NB_Cluster,global,global_int_gender_x_orientation,False,gender_x_orientation,Party_orientation_float,1.0011,0.929,1.0787,0.9779,1001787,1561,1.565409,,fp_count ~ Speaker_gender + I((Speaker_age_at_session - 49.656757) / 10) + scale(speech_rate_syll) + Sentiment_label_float + Party_status + Party_orientation_float + C(Lang) + Speaker_gender : Party_orientation_float,syll,Speaker_ID,2026-06-19_15-43-51,,,,,False,False
INT_GENDER_X_ORIENTATION,GLM_NB_Cluster,INT_GENDER_X_ORIENTATION_GLM_NB_Cluster,global,global_int_gender_x_orientation,False,gender_x_orientation,Speaker_gender[T.M]:Party_orientation_float,1.0399,0.9477,1.1411,0.409,1001787,1561,1.565409,,fp_count ~ Speaker_gender + I((Speaker_age_at_session - 49.656757) / 10) + scale(speech_rate_syll) + Sentiment_label_float + Party_status + Party_orientation_float + C(Lang) + Speaker_gender : Party_orientation_float,syll,Speaker_ID,2026-06-19_15-43-51,,,,,False,False
INT_GENDER_X_ORIENTATION,GLM_NB,INT_GENDER_X_ORIENTATION_GLM_NB,global,global_int_gender_x_orientation,False,gender_x_orientation,Intercept,0.0736,0.0727,0.0746,0.0,1001787,1561,1.565409,,fp_count ~ Speaker_gender + I((Speaker_age_at_session - 49.656757) / 10) + scale(speech_rate_syll) + Sentiment_label_float + Party_status + Party_orientation_float + C(Lang) + Speaker_gender : Party_orientation_float,syll,Speaker_ID,2026-06-19_15-43-51,,,,,False,False
INT_GENDER_X_ORIENTATION,GLM_NB,INT_GENDER_X_ORIENTATION_GLM_NB,global,global_int_gender_x_orientation,False,gender_x_orientation,Speaker_gender[T.M],0.6293,0.6236,0.6351,0.0,1001787,1561,1.565409,,fp_count ~ Speaker_gender + I((Speaker_age_at_session - 49.656757) / 10) + scale(speech_rate_syll) + Sentiment_label_float + Party_status + Party_orientation_float + C(Lang) + Speaker_gender : Party_orientation_float,syll,Speaker_ID,2026-06-19_15-43-51,,,,,False,False
INT_GENDER_X_ORIENTATION,GLM_NB,INT_GENDER_X_ORIENTATION_GLM_NB,global,global_int_gender_x_orientation,False,gender_x_orientation,C(Lang)[T.HR],0.5454,0.5393,0.5515,0.0,1001787,1561,1.565409,,fp_count ~ Speaker_gender + I((Speaker_age_at_session - 49.656757) / 10) + scale(speech_rate_syll) + Sentiment_label_float + Party_status + Party_orientation_float + C(Lang) + Speaker_gender : Party_orientation_float,syll,Speaker_ID,2026-06-19_15-43-51,,,,,False,False
INT_GENDER_X_ORIENTATION,GLM_NB,INT_GENDER_X_ORIENTATION_GLM_NB,global,global_int_gender_x_orientation,False,gender_x_orientation,C(Lang)[T.PL],1.2002,1.1836,1.217,0.0,1001787,1561,1.565409,,fp_count ~ Speaker_gender + I((Speaker_age_at_session - 49.656757) / 10) + scale(speech_rate_syll) + Sentiment_label_float + Party_status + Party_orientation_float + C(Lang) + Speaker_gender : Party_orientation_float,syll,Speaker_ID,2026-06-19_15-43-51,,,,,False,False
INT_GENDER_X_ORIENTATION,GLM_NB,INT_GENDER_X_ORIENTATION_GLM_NB,global,global_int_gender_x_orientation,False,gender_x_orientation,C(Lang)[T.RS],0.3732,0.3678,0.3786,0.0,1001787,1561,1.565409,,fp_count ~ Speaker_gender + I((Speaker_age_at_session - 49.656757) / 10) + scale(speech_rate_syll) + Sentiment_label_float + Party_status + Party_orientation_float + C(Lang) + Speaker_gender : Party_orientation_float,syll,Speaker_ID,2026-06-19_15-43-51,,,,,False,False
INT_GENDER_X_ORIENTATION,GLM_NB,INT_GENDER_X_ORIENTATION_GLM_NB,global,global_int_gender_x_orientation,False,gender_x_orientation,I((Speaker_age_at_session - 49.656757) / 10),0.8366,0.8331,0.8402,0.0,1001787,1561,1.565409,,fp_count ~ Speaker_gender + I((Speaker_age_at_session - 49.656757) / 10) + scale(speech_rate_syll) + Sentiment_label_float + Party_status + Party_orientation_float + C(Lang) + Speaker_gender : Party_orientation_float,syll,Speaker_ID,2026-06-19_15-43-51,,,,,False,False
INT_GENDER_X_ORIENTATION,GLM_NB,INT_GENDER_X_ORIENTATION_GLM_NB,global,global_int_gender_x_orientation,False,gender_x_orientation,scale(speech_rate_syll),0.6431,0.6402,0.646,0.0,1001787,1561,1.565409,,fp_count ~ Speaker_gender + I((Speaker_age_at_session - 49.656757) / 10) + scale(speech_rate_syll) + Sentiment_label_float + Party_status + Party_orientation_float + C(Lang) + Speaker_gender : Party_orientation_float,syll,Speaker_ID,2026-06-19_15-43-51,,,,,False,False
INT_GENDER_X_ORIENTATION,GLM_NB,INT_GENDER_X_ORIENTATION_GLM_NB,global,global_int_gender_x_orientation,False,gender_x_orientation,Sentiment_label_float,1.0609,1.0586,1.0632,0.0,1001787,1561,1.565409,,fp_count ~ Speaker_gender + I((Speaker_age_at_session - 49.656757) / 10) + scale(speech_rate_syll) + Sentiment_label_float + Party_status + Party_orientation_float + C(Lang) + Speaker_gender : Party_orientation_float,syll,Speaker_ID,2026-06-19_15-43-51,,,,,False,False
INT_GENDER_X_ORIENTATION,GLM_NB,INT_GENDER_X_ORIENTATION_GLM_NB,global,global_int_gender_x_orientation,False,gender_x_orientation,Party_status,0.7882,0.7806,0.7959,0.0,1001787,1561,1.565409,,fp_count ~ Speaker_gender + I((Speaker_age_at_session - 49.656757) / 10) + scale(speech_rate_syll) + Sentiment_label_float + Party_status + Party_orientation_float + C(Lang) + Speaker_gender : Party_orientation_float,syll,Speaker_ID,2026-06-19_15-43-51,,,,,False,False
INT_GENDER_X_ORIENTATION,GLM_NB,INT_GENDER_X_ORIENTATION_GLM_NB,global,global_int_gender_x_orientation,False,gender_x_orientation,Party_orientation_float,1.0011,0.9951,1.007,0.7272,1001787,1561,1.565409,,fp_count ~ Speaker_gender + I((Speaker_age_at_session - 49.656757) / 10) + scale(speech_rate_syll) + Sentiment_label_float + Party_status + Party_orientation_float + C(Lang) + Speaker_gender : Party_orientation_float,syll,Speaker_ID,2026-06-19_15-43-51,,,,,False,False
INT_GENDER_X_ORIENTATION,GLM_NB,INT_GENDER_X_ORIENTATION_GLM_NB,global,global_int_gender_x_orientation,False,gender_x_orientation,Speaker_gender[T.M]:Party_orientation_float,1.0399,1.0326,1.0473,0.0,1001787,1561,1.565409,,fp_count ~ Speaker_gender + I((Speaker_age_at_session - 49.656757) / 10) + scale(speech_rate_syll) + Sentiment_label_float + Party_status + Party_orientation_float + C(Lang) + Speaker_gender : Party_orientation_float,syll,Speaker_ID,2026-06-19_15-43-51,,,,,False,False
INT_AGE_X_ORIENTATION,GEE_NB_Exch,INT_AGE_X_ORIENTATION_GEE_NB_Exch,RS,RS_int_age_x_orientation,False,age_x_orientation,Intercept,0.0366,0.0322,0.0416,0.0,180361,534,1.859424,0.0876,fp_count ~ Speaker_gender + I((Speaker_age_at_session - 48.047898) / 10) + scale(speech_rate_syll) + Sentiment_label_float + Party_status + Party_orientation_float + I((Speaker_age_at_session - 48.047898) / 10) : Party_orientation_float,syll,Speaker_ID,2026-06-19_15-43-51,,,,,False,False
INT_AGE_X_ORIENTATION,GEE_NB_Exch,INT_AGE_X_ORIENTATION_GEE_NB_Exch,RS,RS_int_age_x_orientation,False,age_x_orientation,Speaker_gender[T.M],0.3701,0.3009,0.4552,0.0,180361,534,1.859424,0.0876,fp_count ~ Speaker_gender + I((Speaker_age_at_session - 48.047898) / 10) + scale(speech_rate_syll) + Sentiment_label_float + Party_status + Party_orientation_float + I((Speaker_age_at_session - 48.047898) / 10) : Party_orientation_float,syll,Speaker_ID,2026-06-19_15-43-51,,,,,False,False
INT_AGE_X_ORIENTATION,GEE_NB_Exch,INT_AGE_X_ORIENTATION_GEE_NB_Exch,RS,RS_int_age_x_orientation,False,age_x_orientation,I((Speaker_age_at_session - 48.047898) / 10),0.8211,0.7525,0.8959,0.0,180361,534,1.859424,0.0876,fp_count ~ Speaker_gender + I((Speaker_age_at_session - 48.047898) / 10) + scale(speech_rate_syll) + Sentiment_label_float + Party_status + Party_orientation_float + I((Speaker_age_at_session - 48.047898) / 10) : Party_orientation_float,syll,Speaker_ID,2026-06-19_15-43-51,,,,,False,False
INT_AGE_X_ORIENTATION,GEE_NB_Exch,INT_AGE_X_ORIENTATION_GEE_NB_Exch,RS,RS_int_age_x_orientation,False,age_x_orientation,scale(speech_rate_syll),0.6148,0.5894,0.6412,0.0,180361,534,1.859424,0.0876,fp_count ~ Speaker_gender + I((Speaker_age_at_session - 48.047898) / 10) + scale(speech_rate_syll) + Sentiment_label_float + Party_status + Party_orientation_float + I((Speaker_age_at_session - 48.047898) / 10) : Party_orientation_float,syll,Speaker_ID,2026-06-19_15-43-51,,,,,False,False
INT_AGE_X_ORIENTATION,GEE_NB_Exch,INT_AGE_X_ORIENTATION_GEE_NB_Exch,RS,RS_int_age_x_orientation,False,age_x_orientation,Sentiment_label_float,1.0547,1.0438,1.0657,0.0,180361,534,1.859424,0.0876,fp_count ~ Speaker_gender + I((Speaker_age_at_session - 48.047898) / 10) + scale(speech_rate_syll) + Sentiment_label_float + Party_status + Party_orientation_float + I((Speaker_age_at_session - 48.047898) / 10) : Party_orientation_float,syll,Speaker_ID,2026-06-19_15-43-51,,,,,False,False
INT_AGE_X_ORIENTATION,GEE_NB_Exch,INT_AGE_X_ORIENTATION_GEE_NB_Exch,RS,RS_int_age_x_orientation,False,age_x_orientation,Party_status,1.4626,1.0056,2.1273,0.0467,180361,534,1.859424,0.0876,fp_count ~ Speaker_gender + I((Speaker_age_at_session - 48.047898) / 10) + scale(speech_rate_syll) + Sentiment_label_float + Party_status + Party_orientation_float + I((Speaker_age_at_session - 48.047898) / 10) : Party_orientation_float,syll,Speaker_ID,2026-06-19_15-43-51,,,,,False,False
INT_AGE_X_ORIENTATION,GEE_NB_Exch,INT_AGE_X_ORIENTATION_GEE_NB_Exch,RS,RS_int_age_x_orientation,False,age_x_orientation,Party_orientation_float,1.005,0.8912,1.1334,0.9348,180361,534,1.859424,0.0876,fp_count ~ Speaker_gender + I((Speaker_age_at_session - 48.047898) / 10) + scale(speech_rate_syll) + Sentiment_label_float + Party_status + Party_orientation_float + I((Speaker_age_at_session - 48.047898) / 10) : Party_orientation_float,syll,Speaker_ID,2026-06-19_15-43-51,,,,,False,False
INT_AGE_X_ORIENTATION,GEE_NB_Exch,INT_AGE_X_ORIENTATION_GEE_NB_Exch,RS,RS_int_age_x_orientation,False,age_x_orientation,I((Speaker_age_at_session - 48.047898) / 10):Party_orientation_float,0.9292,0.8749,0.9869,0.0168,180361,534,1.859424,0.0876,fp_count ~ Speaker_gender + I((Speaker_age_at_session - 48.047898) / 10) + scale(speech_rate_syll) + Sentiment_label_float + Party_status + Party_orientation_float + I((Speaker_age_at_session - 48.047898) / 10) : Party_orientation_float,syll,Speaker_ID,2026-06-19_15-43-51,,,,,False,False
INT_AGE_X_ORIENTATION,GEE_NB_Indep,INT_AGE_X_ORIENTATION_GEE_NB_Indep,RS,RS_int_age_x_orientation,False,age_x_orientation,Intercept,0.0344,0.03,0.0393,0.0,180361,534,1.859424,,fp_count ~ Speaker_gender + I((Speaker_age_at_session - 48.047898) / 10) + scale(speech_rate_syll) + Sentiment_label_float + Party_status + Party_orientation_float + I((Speaker_age_at_session - 48.047898) / 10) : Party_orientation_float,syll,Speaker_ID,2026-06-19_15-43-51,,,,,False,False
INT_AGE_X_ORIENTATION,GEE_NB_Indep,INT_AGE_X_ORIENTATION_GEE_NB_Indep,RS,RS_int_age_x_orientation,False,age_x_orientation,Speaker_gender[T.M],0.4056,0.3318,0.4958,0.0,180361,534,1.859424,,fp_count ~ Speaker_gender + I((Speaker_age_at_session - 48.047898) / 10) + scale(speech_rate_syll) + Sentiment_label_float + Party_status + Party_orientation_float + I((Speaker_age_at_session - 48.047898) / 10) : Party_orientation_float,syll,Speaker_ID,2026-06-19_15-43-51,,,,,False,False
INT_AGE_X_ORIENTATION,GEE_NB_Indep,INT_AGE_X_ORIENTATION_GEE_NB_Indep,RS,RS_int_age_x_orientation,False,age_x_orientation,I((Speaker_age_at_session - 48.047898) / 10),0.7989,0.7307,0.8735,0.0,180361,534,1.859424,,fp_count ~ Speaker_gender + I((Speaker_age_at_session - 48.047898) / 10) + scale(speech_rate_syll) + Sentiment_label_float + Party_status + Party_orientation_float + I((Speaker_age_at_session - 48.047898) / 10) : Party_orientation_float,syll,Speaker_ID,2026-06-19_15-43-51,,,,,False,False
INT_AGE_X_ORIENTATION,GEE_NB_Indep,INT_AGE_X_ORIENTATION_GEE_NB_Indep,RS,RS_int_age_x_orientation,False,age_x_orientation,scale(speech_rate_syll),0.6315,0.587,0.6794,0.0,180361,534,1.859424,,fp_count ~ Speaker_gender + I((Speaker_age_at_session - 48.047898) / 10) + scale(speech_rate_syll) + Sentiment_label_float + Party_status + Party_orientation_float + I((Speaker_age_at_session - 48.047898) / 10) : Party_orientation_float,syll,Speaker_ID,2026-06-19_15-43-51,,,,,False,False
INT_AGE_X_ORIENTATION,GEE_NB_Indep,INT_AGE_X_ORIENTATION_GEE_NB_Indep,RS,RS_int_age_x_orientation,False,age_x_orientation,Sentiment_label_float,1.0822,1.0571,1.1079,0.0,180361,534,1.859424,,fp_count ~ Speaker_gender + I((Speaker_age_at_session - 48.047898) / 10) + scale(speech_rate_syll) + Sentiment_label_float + Party_status + Party_orientation_float + I((Speaker_age_at_session - 48.047898) / 10) : Party_orientation_float,syll,Speaker_ID,2026-06-19_15-43-51,,,,,False,False
INT_AGE_X_ORIENTATION,GEE_NB_Indep,INT_AGE_X_ORIENTATION_GEE_NB_Indep,RS,RS_int_age_x_orientation,False,age_x_orientation,Party_status,1.4203,0.9296,2.1701,0.1047,180361,534,1.859424,,fp_count ~ Speaker_gender + I((Speaker_age_at_session - 48.047898) / 10) + scale(speech_rate_syll) + Sentiment_label_float + Party_status + Party_orientation_float + I((Speaker_age_at_session - 48.047898) / 10) : Party_orientation_float,syll,Speaker_ID,2026-06-19_15-43-51,,,,,False,False
INT_AGE_X_ORIENTATION,GEE_NB_Indep,INT_AGE_X_ORIENTATION_GEE_NB_Indep,RS,RS_int_age_x_orientation,False,age_x_orientation,Party_orientation_float,1.0577,0.9411,1.1888,0.3465,180361,534,1.859424,,fp_count ~ Speaker_gender + I((Speaker_age_at_session - 48.047898) / 10) + scale(speech_rate_syll) + Sentiment_label_float + Party_status + Party_orientation_float + I((Speaker_age_at_session - 48.047898) / 10) : Party_orientation_float,syll,Speaker_ID,2026-06-19_15-43-51,,,,,False,False
INT_AGE_X_ORIENTATION,GEE_NB_Indep,INT_AGE_X_ORIENTATION_GEE_NB_Indep,RS,RS_int_age_x_orientation,False,age_x_orientation,I((Speaker_age_at_session - 48.047898) / 10):Party_orientation_float,0.9382,0.8846,0.9952,0.0339,180361,534,1.859424,,fp_count ~ Speaker_gender + I((Speaker_age_at_session - 48.047898) / 10) + scale(speech_rate_syll) + Sentiment_label_float + Party_status + Party_orientation_float + I((Speaker_age_at_session - 48.047898) / 10) : Party_orientation_float,syll,Speaker_ID,2026-06-19_15-43-51,,,,,False,False
INT_AGE_X_ORIENTATION,GLM_NB_Cluster,INT_AGE_X_ORIENTATION_GLM_NB_Cluster,RS,RS_int_age_x_orientation,False,age_x_orientation,Intercept,0.0344,0.0302,0.0391,0.0,180361,534,1.859424,,fp_count ~ Speaker_gender + I((Speaker_age_at_session - 48.047898) / 10) + scale(speech_rate_syll) + Sentiment_label_float + Party_status + Party_orientation_float + I((Speaker_age_at_session - 48.047898) / 10) : Party_orientation_float,syll,Speaker_ID,2026-06-19_15-43-51,,,,,False,False
INT_AGE_X_ORIENTATION,GLM_NB_Cluster,INT_AGE_X_ORIENTATION_GLM_NB_Cluster,RS,RS_int_age_x_orientation,False,age_x_orientation,Speaker_gender[T.M],0.4056,0.3317,0.496,0.0,180361,534,1.859424,,fp_count ~ Speaker_gender + I((Speaker_age_at_session - 48.047898) / 10) + scale(speech_rate_syll) + Sentiment_label_float + Party_status + Party_orientation_float + I((Speaker_age_at_session - 48.047898) / 10) : Party_orientation_float,syll,Speaker_ID,2026-06-19_15-43-51,,,,,False,False
INT_AGE_X_ORIENTATION,GLM_NB_Cluster,INT_AGE_X_ORIENTATION_GLM_NB_Cluster,RS,RS_int_age_x_orientation,False,age_x_orientation,I((Speaker_age_at_session - 48.047898) / 10),0.7989,0.7286,0.876,0.0,180361,534,1.859424,,fp_count ~ Speaker_gender + I((Speaker_age_at_session - 48.047898) / 10) + scale(speech_rate_syll) + Sentiment_label_float + Party_status + Party_orientation_float + I((Speaker_age_at_session - 48.047898) / 10) : Party_orientation_float,syll,Speaker_ID,2026-06-19_15-43-51,,,,,False,False
INT_AGE_X_ORIENTATION,GLM_NB_Cluster,INT_AGE_X_ORIENTATION_GLM_NB_Cluster,RS,RS_int_age_x_orientation,False,age_x_orientation,scale(speech_rate_syll),0.6315,0.5849,0.6819,0.0,180361,534,1.859424,,fp_count ~ Speaker_gender + I((Speaker_age_at_session - 48.047898) / 10) + scale(speech_rate_syll) + Sentiment_label_float + Party_status + Party_orientation_float + I((Speaker_age_at_session - 48.047898) / 10) : Party_orientation_float,syll,Speaker_ID,2026-06-19_15-43-51,,,,,False,False
INT_AGE_X_ORIENTATION,GLM_NB_Cluster,INT_AGE_X_ORIENTATION_GLM_NB_Cluster,RS,RS_int_age_x_orientation,False,age_x_orientation,Sentiment_label_float,1.0822,1.0566,1.1084,0.0,180361,534,1.859424,,fp_count ~ Speaker_gender + I((Speaker_age_at_session - 48.047898) / 10) + scale(speech_rate_syll) + Sentiment_label_float + Party_status + Party_orientation_float + I((Speaker_age_at_session - 48.047898) / 10) : Party_orientation_float,syll,Speaker_ID,2026-06-19_15-43-51,,,,,False,False
INT_AGE_X_ORIENTATION,GLM_NB_Cluster,INT_AGE_X_ORIENTATION_GLM_NB_Cluster,RS,RS_int_age_x_orientation,False,age_x_orientation,Party_status,1.4203,0.9566,2.1089,0.0818,180361,534,1.859424,,fp_count ~ Speaker_gender + I((Speaker_age_at_session - 48.047898) / 10) + scale(speech_rate_syll) + Sentiment_label_float + Party_status + Party_orientation_float + I((Speaker_age_at_session - 48.047898) / 10) : Party_orientation_float,syll,Speaker_ID,2026-06-19_15-43-51,,,,,False,False
INT_AGE_X_ORIENTATION,GLM_NB_Cluster,INT_AGE_X_ORIENTATION_GLM_NB_Cluster,RS,RS_int_age_x_orientation,False,age_x_orientation,Party_orientation_float,1.0577,0.9445,1.1845,0.3312,180361,534,1.859424,,fp_count ~ Speaker_gender + I((Speaker_age_at_session - 48.047898) / 10) + scale(speech_rate_syll) + Sentiment_label_float + Party_status + Party_orientation_float + I((Speaker_age_at_session - 48.047898) / 10) : Party_orientation_float,syll,Speaker_ID,2026-06-19_15-43-51,,,,,False,False
INT_AGE_X_ORIENTATION,GLM_NB_Cluster,INT_AGE_X_ORIENTATION_GLM_NB_Cluster,RS,RS_int_age_x_orientation,False,age_x_orientation,I((Speaker_age_at_session - 48.047898) / 10):Party_orientation_float,0.9382,0.877,1.0038,0.0642,180361,534,1.859424,,fp_count ~ Speaker_gender + I((Speaker_age_at_session - 48.047898) / 10) + scale(speech_rate_syll) + Sentiment_label_float + Party_status + Party_orientation_float + I((Speaker_age_at_session - 48.047898) / 10) : Party_orientation_float,syll,Speaker_ID,2026-06-19_15-43-51,,,,,False,False
INT_AGE_X_ORIENTATION,GLM_NB,INT_AGE_X_ORIENTATION_GLM_NB,RS,RS_int_age_x_orientation,False,age_x_orientation,Intercept,0.0344,0.0337,0.035,0.0,180361,534,1.859424,,fp_count ~ Speaker_gender + I((Speaker_age_at_session - 48.047898) / 10) + scale(speech_rate_syll) + Sentiment_label_float + Party_status + Party_orientation_float + I((Speaker_age_at_session - 48.047898) / 10) : Party_orientation_float,syll,Speaker_ID,2026-06-19_15-43-51,,,,,False,False
INT_AGE_X_ORIENTATION,GLM_NB,INT_AGE_X_ORIENTATION_GLM_NB,RS,RS_int_age_x_orientation,False,age_x_orientation,Speaker_gender[T.M],0.4056,0.3964,0.415,0.0,180361,534,1.859424,,fp_count ~ Speaker_gender + I((Speaker_age_at_session - 48.047898) / 10) + scale(speech_rate_syll) + Sentiment_label_float + Party_status + Party_orientation_float + I((Speaker_age_at_session - 48.047898) / 10) : Party_orientation_float,syll,Speaker_ID,2026-06-19_15-43-51,,,,,False,False
INT_AGE_X_ORIENTATION,GLM_NB,INT_AGE_X_ORIENTATION_GLM_NB,RS,RS_int_age_x_orientation,False,age_x_orientation,I((Speaker_age_at_session - 48.047898) / 10),0.7989,0.7898,0.8081,0.0,180361,534,1.859424,,fp_count ~ Speaker_gender + I((Speaker_age_at_session - 48.047898) / 10) + scale(speech_rate_syll) + Sentiment_label_float + Party_status + Party_orientation_float + I((Speaker_age_at_session - 48.047898) / 10) : Party_orientation_float,syll,Speaker_ID,2026-06-19_15-43-51,,,,,False,False
INT_AGE_X_ORIENTATION,GLM_NB,INT_AGE_X_ORIENTATION_GLM_NB,RS,RS_int_age_x_orientation,False,age_x_orientation,scale(speech_rate_syll),0.6315,0.6233,0.6399,0.0,180361,534,1.859424,,fp_count ~ Speaker_gender + I((Speaker_age_at_session - 48.047898) / 10) + scale(speech_rate_syll) + Sentiment_label_float + Party_status + Party_orientation_float + I((Speaker_age_at_session - 48.047898) / 10) : Party_orientation_float,syll,Speaker_ID,2026-06-19_15-43-51,,,,,False,False
INT_AGE_X_ORIENTATION,GLM_NB,INT_AGE_X_ORIENTATION_GLM_NB,RS,RS_int_age_x_orientation,False,age_x_orientation,Sentiment_label_float,1.0822,1.076,1.0884,0.0,180361,534,1.859424,,fp_count ~ Speaker_gender + I((Speaker_age_at_session - 48.047898) / 10) + scale(speech_rate_syll) + Sentiment_label_float + Party_status + Party_orientation_float + I((Speaker_age_at_session - 48.047898) / 10) : Party_orientation_float,syll,Speaker_ID,2026-06-19_15-43-51,,,,,False,False
INT_AGE_X_ORIENTATION,GLM_NB,INT_AGE_X_ORIENTATION_GLM_NB,RS,RS_int_age_x_orientation,False,age_x_orientation,Party_status,1.4203,1.3635,1.4796,0.0,180361,534,1.859424,,fp_count ~ Speaker_gender + I((Speaker_age_at_session - 48.047898) / 10) + scale(speech_rate_syll) + Sentiment_label_float + Party_status + Party_orientation_float + I((Speaker_age_at_session - 48.047898) / 10) : Party_orientation_float,syll,Speaker_ID,2026-06-19_15-43-51,,,,,False,False
INT_AGE_X_ORIENTATION,GLM_NB,INT_AGE_X_ORIENTATION_GLM_NB,RS,RS_int_age_x_orientation,False,age_x_orientation,Party_orientation_float,1.0577,1.0452,1.0704,0.0,180361,534,1.859424,,fp_count ~ Speaker_gender + I((Speaker_age_at_session - 48.047898) / 10) + scale(speech_rate_syll) + Sentiment_label_float + Party_status + Party_orientation_float + I((Speaker_age_at_session - 48.047898) / 10) : Party_orientation_float,syll,Speaker_ID,2026-06-19_15-43-51,,,,,False,False
INT_AGE_X_ORIENTATION,GLM_NB,INT_AGE_X_ORIENTATION_GLM_NB,RS,RS_int_age_x_orientation,False,age_x_orientation,I((Speaker_age_at_session - 48.047898) / 10):Party_orientation_float,0.9382,0.931,0.9455,0.0,180361,534,1.859424,,fp_count ~ Speaker_gender + I((Speaker_age_at_session - 48.047898) / 10) + scale(speech_rate_syll) + Sentiment_label_float + Party_status + Party_orientation_float + I((Speaker_age_at_session - 48.047898) / 10) : Party_orientation_float,syll,Speaker_ID,2026-06-19_15-43-51,,,,,False,False
INT_SENTIMENT_X_POWER,GEE_NB_Exch,INT_SENTIMENT_X_POWER_GEE_NB_Exch,HR,HR_int_sentiment_x_power,False,sentiment_x_power,Intercept,0.0451,0.0364,0.0558,0.0,484243,280,1.751989,0.0510,fp_count ~ Speaker_gender + I((Speaker_age_at_session - 49.556365) / 10) + scale(speech_rate_syll) + Sentiment_label_float + Party_status + Party_orientation_float + Sentiment_label_float : Party_status,syll,Speaker_ID,2026-06-19_15-43-51,,,,,False,False
INT_SENTIMENT_X_POWER,GEE_NB_Exch,INT_SENTIMENT_X_POWER_GEE_NB_Exch,HR,HR_int_sentiment_x_power,False,sentiment_x_power,Speaker_gender[T.M],0.4494,0.3419,0.5907,0.0,484243,280,1.751989,0.0510,fp_count ~ Speaker_gender + I((Speaker_age_at_session - 49.556365) / 10) + scale(speech_rate_syll) + Sentiment_label_float + Party_status + Party_orientation_float + Sentiment_label_float : Party_status,syll,Speaker_ID,2026-06-19_15-43-51,,,,,False,False
INT_SENTIMENT_X_POWER,GEE_NB_Exch,INT_SENTIMENT_X_POWER_GEE_NB_Exch,HR,HR_int_sentiment_x_power,False,sentiment_x_power,I((Speaker_age_at_session - 49.556365) / 10),0.7475,0.6583,0.8488,0.0,484243,280,1.751989,0.0510,fp_count ~ Speaker_gender + I((Speaker_age_at_session - 49.556365) / 10) + scale(speech_rate_syll) + Sentiment_label_float + Party_status + Party_orientation_float + Sentiment_label_float : Party_status,syll,Speaker_ID,2026-06-19_15-43-51,,,,,False,False
INT_SENTIMENT_X_POWER,GEE_NB_Exch,INT_SENTIMENT_X_POWER_GEE_NB_Exch,HR,HR_int_sentiment_x_power,False,sentiment_x_power,scale(speech_rate_syll),0.6644,0.6424,0.6871,0.0,484243,280,1.751989,0.0510,fp_count ~ Speaker_gender + I((Speaker_age_at_session - 49.556365) / 10) + scale(speech_rate_syll) + Sentiment_label_float + Party_status + Party_orientation_float + Sentiment_label_float : Party_status,syll,Speaker_ID,2026-06-19_15-43-51,,,,,False,False
INT_SENTIMENT_X_POWER,GEE_NB_Exch,INT_SENTIMENT_X_POWER_GEE_NB_Exch,HR,HR_int_sentiment_x_power,False,sentiment_x_power,Sentiment_label_float,1.0468,1.0355,1.0582,0.0,484243,280,1.751989,0.0510,fp_count ~ Speaker_gender + I((Speaker_age_at_session - 49.556365) / 10) + scale(speech_rate_syll) + Sentiment_label_float + Party_status + Party_orientation_float + Sentiment_label_float : Party_status,syll,Speaker_ID,2026-06-19_15-43-51,,,,,False,False
INT_SENTIMENT_X_POWER,GEE_NB_Exch,INT_SENTIMENT_X_POWER_GEE_NB_Exch,HR,HR_int_sentiment_x_power,False,sentiment_x_power,Party_status,0.9003,0.7682,1.0551,0.1944,484243,280,1.751989,0.0510,fp_count ~ Speaker_gender + I((Speaker_age_at_session - 49.556365) / 10) + scale(speech_rate_syll) + Sentiment_label_float + Party_status + Party_orientation_float + Sentiment_label_float : Party_status,syll,Speaker_ID,2026-06-19_15-43-51,,,,,False,False
INT_SENTIMENT_X_POWER,GEE_NB_Exch,INT_SENTIMENT_X_POWER_GEE_NB_Exch,HR,HR_int_sentiment_x_power,False,sentiment_x_power,Party_orientation_float,0.8855,0.7864,0.997,0.0445,484243,280,1.751989,0.0510,fp_count ~ Speaker_gender + I((Speaker_age_at_session - 49.556365) / 10) + scale(speech_rate_syll) + Sentiment_label_float + Party_status + Party_orientation_float + Sentiment_label_float : Party_status,syll,Speaker_ID,2026-06-19_15-43-51,,,,,False,False
INT_SENTIMENT_X_POWER,GEE_NB_Exch,INT_SENTIMENT_X_POWER_GEE_NB_Exch,HR,HR_int_sentiment_x_power,False,sentiment_x_power,Sentiment_label_float:Party_status,1.0185,0.9966,1.041,0.0989,484243,280,1.751989,0.0510,fp_count ~ Speaker_gender + I((Speaker_age_at_session - 49.556365) / 10) + scale(speech_rate_syll) + Sentiment_label_float + Party_status + Party_orientation_float + Sentiment_label_float : Party_status,syll,Speaker_ID,2026-06-19_15-43-51,,,,,False,False
INT_SENTIMENT_X_POWER,GEE_NB_Indep,INT_SENTIMENT_X_POWER_GEE_NB_Indep,HR,HR_int_sentiment_x_power,False,sentiment_x_power,Intercept,0.0469,0.0401,0.0547,0.0,484243,280,1.751989,,fp_count ~ Speaker_gender + I((Speaker_age_at_session - 49.556365) / 10) + scale(speech_rate_syll) + Sentiment_label_float + Party_status + Party_orientation_float + Sentiment_label_float : Party_status,syll,Speaker_ID,2026-06-19_15-43-51,,,,,False,False
INT_SENTIMENT_X_POWER,GEE_NB_Indep,INT_SENTIMENT_X_POWER_GEE_NB_Indep,HR,HR_int_sentiment_x_power,False,sentiment_x_power,Speaker_gender[T.M],0.5329,0.444,0.6397,0.0,484243,280,1.751989,,fp_count ~ Speaker_gender + I((Speaker_age_at_session - 49.556365) / 10) + scale(speech_rate_syll) + Sentiment_label_float + Party_status + Party_orientation_float + Sentiment_label_float : Party_status,syll,Speaker_ID,2026-06-19_15-43-51,,,,,False,False
INT_SENTIMENT_X_POWER,GEE_NB_Indep,INT_SENTIMENT_X_POWER_GEE_NB_Indep,HR,HR_int_sentiment_x_power,False,sentiment_x_power,I((Speaker_age_at_session - 49.556365) / 10),0.8946,0.7969,1.0042,0.0589,484243,280,1.751989,,fp_count ~ Speaker_gender + I((Speaker_age_at_session - 49.556365) / 10) + scale(speech_rate_syll) + Sentiment_label_float + Party_status + Party_orientation_float + Sentiment_label_float : Party_status,syll,Speaker_ID,2026-06-19_15-43-51,,,,,False,False
INT_SENTIMENT_X_POWER,GEE_NB_Indep,INT_SENTIMENT_X_POWER_GEE_NB_Indep,HR,HR_int_sentiment_x_power,False,sentiment_x_power,scale(speech_rate_syll),0.6983,0.6624,0.7362,0.0,484243,280,1.751989,,fp_count ~ Speaker_gender + I((Speaker_age_at_session - 49.556365) / 10) + scale(speech_rate_syll) + Sentiment_label_float + Party_status + Party_orientation_float + Sentiment_label_float : Party_status,syll,Speaker_ID,2026-06-19_15-43-51,,,,,False,False
INT_SENTIMENT_X_POWER,GEE_NB_Indep,INT_SENTIMENT_X_POWER_GEE_NB_Indep,HR,HR_int_sentiment_x_power,False,sentiment_x_power,Sentiment_label_float,1.0521,1.0314,1.0732,0.0,484243,280,1.751989,,fp_count ~ Speaker_gender + I((Speaker_age_at_session - 49.556365) / 10) + scale(speech_rate_syll) + Sentiment_label_float + Party_status + Party_orientation_float + Sentiment_label_float : Party_status,syll,Speaker_ID,2026-06-19_15-43-51,,,,,False,False
INT_SENTIMENT_X_POWER,GEE_NB_Indep,INT_SENTIMENT_X_POWER_GEE_NB_Indep,HR,HR_int_sentiment_x_power,False,sentiment_x_power,Party_status,0.6766,0.5331,0.8589,0.0013,484243,280,1.751989,,fp_count ~ Speaker_gender + I((Speaker_age_at_session - 49.556365) / 10) + scale(speech_rate_syll) + Sentiment_label_float + Party_status + Party_orientation_float + Sentiment_label_float : Party_status,syll,Speaker_ID,2026-06-19_15-43-51,,,,,False,False
INT_SENTIMENT_X_POWER,GEE_NB_Indep,INT_SENTIMENT_X_POWER_GEE_NB_Indep,HR,HR_int_sentiment_x_power,False,sentiment_x_power,Party_orientation_float,1.0144,0.9325,1.1034,0.7391,484243,280,1.751989,,fp_count ~ Speaker_gender + I((Speaker_age_at_session - 49.556365) / 10) + scale(speech_rate_syll) + Sentiment_label_float + Party_status + Party_orientation_float + Sentiment_label_float : Party_status,syll,Speaker_ID,2026-06-19_15-43-51,,,,,False,False
INT_SENTIMENT_X_POWER,GEE_NB_Indep,INT_SENTIMENT_X_POWER_GEE_NB_Indep,HR,HR_int_sentiment_x_power,False,sentiment_x_power,Sentiment_label_float:Party_status,1.0167,0.9685,1.0674,0.5038,484243,280,1.751989,,fp_count ~ Speaker_gender + I((Speaker_age_at_session - 49.556365) / 10) + scale(speech_rate_syll) + Sentiment_label_float + Party_status + Party_orientation_float + Sentiment_label_float : Party_status,syll,Speaker_ID,2026-06-19_15-43-51,,,,,False,False
INT_SENTIMENT_X_POWER,GLM_NB_Cluster,INT_SENTIMENT_X_POWER_GLM_NB_Cluster,HR,HR_int_sentiment_x_power,False,sentiment_x_power,Intercept,0.0469,0.04,0.0548,0.0,484243,280,1.751989,,fp_count ~ Speaker_gender + I((Speaker_age_at_session - 49.556365) / 10) + scale(speech_rate_syll) + Sentiment_label_float + Party_status + Party_orientation_float + Sentiment_label_float : Party_status,syll,Speaker_ID,2026-06-19_15-43-51,,,,,False,False
INT_SENTIMENT_X_POWER,GLM_NB_Cluster,INT_SENTIMENT_X_POWER_GLM_NB_Cluster,HR,HR_int_sentiment_x_power,False,sentiment_x_power,Speaker_gender[T.M],0.5329,0.4427,0.6415,0.0,484243,280,1.751989,,fp_count ~ Speaker_gender + I((Speaker_age_at_session - 49.556365) / 10) + scale(speech_rate_syll) + Sentiment_label_float + Party_status + Party_orientation_float + Sentiment_label_float : Party_status,syll,Speaker_ID,2026-06-19_15-43-51,,,,,False,False
INT_SENTIMENT_X_POWER,GLM_NB_Cluster,INT_SENTIMENT_X_POWER_GLM_NB_Cluster,HR,HR_int_sentiment_x_power,False,sentiment_x_power,I((Speaker_age_at_session - 49.556365) / 10),0.8946,0.7957,1.0058,0.0624,484243,280,1.751989,,fp_count ~ Speaker_gender + I((Speaker_age_at_session - 49.556365) / 10) + scale(speech_rate_syll) + Sentiment_label_float + Party_status + Party_orientation_float + Sentiment_label_float : Party_status,syll,Speaker_ID,2026-06-19_15-43-51,,,,,False,False
INT_SENTIMENT_X_POWER,GLM_NB_Cluster,INT_SENTIMENT_X_POWER_GLM_NB_Cluster,HR,HR_int_sentiment_x_power,False,sentiment_x_power,scale(speech_rate_syll),0.6983,0.6602,0.7387,0.0,484243,280,1.751989,,fp_count ~ Speaker_gender + I((Speaker_age_at_session - 49.556365) / 10) + scale(speech_rate_syll) + Sentiment_label_float + Party_status + Party_orientation_float + Sentiment_label_float : Party_status,syll,Speaker_ID,2026-06-19_15-43-51,,,,,False,False
INT_SENTIMENT_X_POWER,GLM_NB_Cluster,INT_SENTIMENT_X_POWER_GLM_NB_Cluster,HR,HR_int_sentiment_x_power,False,sentiment_x_power,Sentiment_label_float,1.0521,1.0312,1.0734,0.0,484243,280,1.751989,,fp_count ~ Speaker_gender + I((Speaker_age_at_session - 49.556365) / 10) + scale(speech_rate_syll) + Sentiment_label_float + Party_status + Party_orientation_float + Sentiment_label_float : Party_status,syll,Speaker_ID,2026-06-19_15-43-51,,,,,False,False
INT_SENTIMENT_X_POWER,GLM_NB_Cluster,INT_SENTIMENT_X_POWER_GLM_NB_Cluster,HR,HR_int_sentiment_x_power,False,sentiment_x_power,Party_status,0.6766,0.5297,0.8644,0.0018,484243,280,1.751989,,fp_count ~ Speaker_gender + I((Speaker_age_at_session - 49.556365) / 10) + scale(speech_rate_syll) + Sentiment_label_float + Party_status + Party_orientation_float + Sentiment_label_float : Party_status,syll,Speaker_ID,2026-06-19_15-43-51,,,,,False,False
INT_SENTIMENT_X_POWER,GLM_NB_Cluster,INT_SENTIMENT_X_POWER_GLM_NB_Cluster,HR,HR_int_sentiment_x_power,False,sentiment_x_power,Party_orientation_float,1.0144,0.9305,1.1059,0.7455,484243,280,1.751989,,fp_count ~ Speaker_gender + I((Speaker_age_at_session - 49.556365) / 10) + scale(speech_rate_syll) + Sentiment_label_float + Party_status + Party_orientation_float + Sentiment_label_float : Party_status,syll,Speaker_ID,2026-06-19_15-43-51,,,,,False,False
INT_SENTIMENT_X_POWER,GLM_NB_Cluster,INT_SENTIMENT_X_POWER_GLM_NB_Cluster,HR,HR_int_sentiment_x_power,False,sentiment_x_power,Sentiment_label_float:Party_status,1.0167,0.9669,1.0691,0.5172,484243,280,1.751989,,fp_count ~ Speaker_gender + I((Speaker_age_at_session - 49.556365) / 10) + scale(speech_rate_syll) + Sentiment_label_float + Party_status + Party_orientation_float + Sentiment_label_float : Party_status,syll,Speaker_ID,2026-06-19_15-43-51,,,,,False,False
INT_SENTIMENT_X_POWER,GLM_NB,INT_SENTIMENT_X_POWER_GLM_NB,HR,HR_int_sentiment_x_power,False,sentiment_x_power,Intercept,0.0469,0.0464,0.0474,0.0,484243,280,1.751989,,fp_count ~ Speaker_gender + I((Speaker_age_at_session - 49.556365) / 10) + scale(speech_rate_syll) + Sentiment_label_float + Party_status + Party_orientation_float + Sentiment_label_float : Party_status,syll,Speaker_ID,2026-06-19_15-43-51,,,,,False,False
INT_SENTIMENT_X_POWER,GLM_NB,INT_SENTIMENT_X_POWER_GLM_NB,HR,HR_int_sentiment_x_power,False,sentiment_x_power,Speaker_gender[T.M],0.5329,0.526,0.54,0.0,484243,280,1.751989,,fp_count ~ Speaker_gender + I((Speaker_age_at_session - 49.556365) / 10) + scale(speech_rate_syll) + Sentiment_label_float + Party_status + Party_orientation_float + Sentiment_label_float : Party_status,syll,Speaker_ID,2026-06-19_15-43-51,,,,,False,False
INT_SENTIMENT_X_POWER,GLM_NB,INT_SENTIMENT_X_POWER_GLM_NB,HR,HR_int_sentiment_x_power,False,sentiment_x_power,I((Speaker_age_at_session - 49.556365) / 10),0.8946,0.8883,0.9009,0.0,484243,280,1.751989,,fp_count ~ Speaker_gender + I((Speaker_age_at_session - 49.556365) / 10) + scale(speech_rate_syll) + Sentiment_label_float + Party_status + Party_orientation_float + Sentiment_label_float : Party_status,syll,Speaker_ID,2026-06-19_15-43-51,,,,,False,False
INT_SENTIMENT_X_POWER,GLM_NB,INT_SENTIMENT_X_POWER_GLM_NB,HR,HR_int_sentiment_x_power,False,sentiment_x_power,scale(speech_rate_syll),0.6983,0.6937,0.703,0.0,484243,280,1.751989,,fp_count ~ Speaker_gender + I((Speaker_age_at_session - 49.556365) / 10) + scale(speech_rate_syll) + Sentiment_label_float + Party_status + Party_orientation_float + Sentiment_label_float : Party_status,syll,Speaker_ID,2026-06-19_15-43-51,,,,,False,False
INT_SENTIMENT_X_POWER,GLM_NB,INT_SENTIMENT_X_POWER_GLM_NB,HR,HR_int_sentiment_x_power,False,sentiment_x_power,Sentiment_label_float,1.0521,1.0484,1.0558,0.0,484243,280,1.751989,,fp_count ~ Speaker_gender + I((Speaker_age_at_session - 49.556365) / 10) + scale(speech_rate_syll) + Sentiment_label_float + Party_status + Party_orientation_float + Sentiment_label_float : Party_status,syll,Speaker_ID,2026-06-19_15-43-51,,,,,False,False
INT_SENTIMENT_X_POWER,GLM_NB,INT_SENTIMENT_X_POWER_GLM_NB,HR,HR_int_sentiment_x_power,False,sentiment_x_power,Party_status,0.6766,0.6656,0.6879,0.0,484243,280,1.751989,,fp_count ~ Speaker_gender + I((Speaker_age_at_session - 49.556365) / 10) + scale(speech_rate_syll) + Sentiment_label_float + Party_status + Party_orientation_float + Sentiment_label_float : Party_status,syll,Speaker_ID,2026-06-19_15-43-51,,,,,False,False
INT_SENTIMENT_X_POWER,GLM_NB,INT_SENTIMENT_X_POWER_GLM_NB,HR,HR_int_sentiment_x_power,False,sentiment_x_power,Party_orientation_float,1.0144,1.0087,1.0202,0.0,484243,280,1.751989,,fp_count ~ Speaker_gender + I((Speaker_age_at_session - 49.556365) / 10) + scale(speech_rate_syll) + Sentiment_label_float + Party_status + Party_orientation_float + Sentiment_label_float : Party_status,syll,Speaker_ID,2026-06-19_15-43-51,,,,,False,False
INT_SENTIMENT_X_POWER,GLM_NB,INT_SENTIMENT_X_POWER_GLM_NB,HR,HR_int_sentiment_x_power,False,sentiment_x_power,Sentiment_label_float:Party_status,1.0167,1.0081,1.0254,0.0001,484243,280,1.751989,,fp_count ~ Speaker_gender + I((Speaker_age_at_session - 49.556365) / 10) + scale(speech_rate_syll) + Sentiment_label_float + Party_status + Party_orientation_float + Sentiment_label_float : Party_status,syll,Speaker_ID,2026-06-19_15-43-51,,,,,False,False
